tmdb_id,title,media_type,platform,tmdb_provider_id,release_year,release_date_or_first_air_date,genre_ids,genre_names,main_genre,vote_average,vote_count,weighted_rating_proxy,popularity,original_language,overview,source_page,title_platform_key,title_key,platform_count_in_sample,exclusive_in_sample_proxy
1007757,Swapped,movie,Netflix,8,2026,2026-05-01,"[16, 10751, 12, 14]",Animation|Family|Adventure|Fantasy,Animation,9.002,881,5.74276756,411.5437,en,"A small woodland creature and a majestic bird, two natural sworn enemies of the Valley, magically trade places and set off on an adventure of a lifetime to switch back. Their journey soon uncovers a greater threat—one that could endanger not only their species, but the entire valley they call home.",1,movie_1007757_Netflix,movie_1007757,1,TRUE
1318447,Apex,movie,Netflix,8,2026,2026-04-24,"[28, 53]",Action|Thriller,Action,6.614,962,4.352030096,248.3776,en,A grieving woman pushing her limits on a solo adventure in the Australian wild is ensnared in a twisted game with a cunning killer who thinks she's prey.,1,movie_1318447_Netflix,movie_1318447,1,TRUE
1630423,My Dearest Assassin,movie,Netflix,8,2026,2026-05-06,"[28, 18, 10749]",Action|Drama|Romance,Action,8.579,139,1.866167449,208.5485,th,"Hunted for her rare blood type, a caged woman vows to fight alongside the assassin she loves to protect their future when an old enemy resurfaces.",1,movie_1630423_Netflix,movie_1630423,1,TRUE
1330021,Remarkably Bright Creatures,movie,Netflix,8,2026,2026-05-07,"[18, 9648]",Drama|Mystery,Drama,8.441,196,2.377063218,137.3646,en,"Through unlikely bonds formed during night shifts at a local aquarium, Tova, an elderly widow, learns of a life-changing discovery that may bring her joy and wonder once again.",1,movie_1330021_Netflix,movie_1330021,1,TRUE
1297842,GOAT,movie,Netflix,8,2026,2026-02-11,"[16, 35, 10751]",Animation|Comedy|Family,Animation,8.042,570,4.284056075,108.3436,en,"A small goat with big dreams gets a once-in-a-lifetime shot to join the pros and play roarball, a high-intensity, co-ed, full-contact sport dominated by the fastest, fiercest animals in the world.",1,movie_1297842_Netflix,movie_1297842,1,TRUE
318256,Hot Girls Wanted,movie,Netflix,8,2015,2015-01-24,[99],Documentary,Documentary,6.085,720,3.591147541,55.5723,en,A first-ever look at the realities of the professional “amateur” porn world and the steady stream of 18-to-19-year old girls entering into it.,1,movie_318256_Netflix,movie_318256,1,TRUE
1265609,War Machine,movie,Netflix,8,2026,2026-02-12,"[28, 878, 53]",Action|Science Fiction|Thriller,Action,7.29,1675,5.614137931,46.959,en,"On one last grueling mission during Army Ranger training, a combat engineer must lead his unit in a fight against a giant otherworldly killing machine.",1,movie_1265609_Netflix,movie_1265609,1,TRUE
744275,After We Fell,movie,Netflix,8,2021,2021-09-01,"[18, 10749]",Drama|Romance,Drama,7.004,2729,5.919453701,40.8449,en,"Just as Tessa's life begins to become unglued, nothing is what she thought it would be. Not her friends nor her family. The only person that she should be able to rely on is Hardin, who is furious when he discovers the massive secret that she's been keeping. Before Tessa makes the biggest decision of her life, everything changes because of revelations about her family.",1,movie_744275_Netflix,movie_744275,1,TRUE
803796,KPop Demon Hunters,movie,Netflix,8,2025,2025-06-20,"[14, 10402, 35, 16]",Fantasy|Music|Comedy|Animation,Fantasy,8.024,2743,6.786873882,39.2023,en,"When K-pop superstars Rumi, Mira and Zoey aren't selling out stadiums, they're using their secret powers to protect their fans from supernatural threats.",1,movie_803796_Netflix,movie_803796,1,TRUE
1272837,28 Years Later: The Bone Temple,movie,Netflix,8,2026,2026-01-14,"[27, 53, 878]",Horror|Thriller|Science Fiction,Horror,7.124,1165,4.984660661,35.6795,en,Dr. Kelson finds himself in a shocking new relationship - with consequences that could change the world as they know it - and Spike's encounter with Jimmy Crystal becomes a nightmare he can't escape.,1,movie_1272837_Netflix,movie_1272837,1,TRUE
1234731,Anaconda,movie,Netflix,8,2025,2025-12-24,"[12, 35, 27]",Adventure|Comedy|Horror,Adventure,5.875,1125,4.067307692,34.8747,en,"A group of friends facing mid-life crises head to the rainforest with the intention of remaking their favorite movie from their youth, only to find themselves in a fight for their lives against natural disasters, giant snakes and violent criminals.",1,movie_1234731_Netflix,movie_1234731,1,TRUE
1087040,Money Shot: The Pornhub Story,movie,Netflix,8,2023,2023-03-15,[99],Documentary,Documentary,5.8,353,2.400234467,31.0144,en,"Featuring interviews with performers, activists and past employees, this documentary offers a deep dive into the successes and scandals of Pornhub.",1,movie_1087040_Netflix,movie_1087040,1,TRUE
1234821,Jurassic World Rebirth,movie,Netflix,8,2025,2025-07-01,"[878, 12, 28]",Science Fiction|Adventure|Action,Science Fiction,6.267,3301,5.442611681,30.1344,en,"Five years after the events of Jurassic World Dominion, covert operations expert Zora Bennett is contracted to lead a skilled team on a top-secret mission to secure genetic material from the world's three most massive dinosaurs. When Zora's operation intersects with a civilian family whose boating expedition was capsized, they all find themselves stranded on an island where they come face-to-face with a sinister, shocking discovery that's been hidden from the world for decades.",1,movie_1234821_Netflix,movie_1234821,1,TRUE
1075175,How to Have Sex,movie,Netflix,8,2023,2023-11-02,[18],Drama,Drama,6.239,495,3.103824121,30.0441,en,"Three British teenage girls go on a rites-of-passage holiday—drinking, clubbing and hooking up, in what should be the best summer of their lives.",1,movie_1075175_Netflix,movie_1075175,1,TRUE
1290417,Thrash,movie,Netflix,8,2026,2026-04-10,"[27, 53]",Horror|Thriller,Horror,5.979,544,3.115494253,27.2635,en,"When a Category 5 hurricane decimates a coastal town, the storm surge brings devastation, chaos, and something far more frightening onto shore: hungry sharks.",1,movie_1290417_Netflix,movie_1290417,1,TRUE
1306368,The Rip,movie,Netflix,8,2026,2026-01-13,"[28, 53, 80]",Action|Thriller|Crime,Action,7.1,1576,5.389980732,26.6023,en,"Trust frays when a team of Miami cops discovers millions in cash inside a run-down stash house, calling everyone — and everything — into question.",1,movie_1306368_Netflix,movie_1306368,1,TRUE
1214931,Nuremberg,movie,Netflix,8,2025,2025-11-06,"[36, 18]",History|Drama,History,7.5,961,4.933264887,26.2726,en,"In postwar Germany, an American psychiatrist must determine whether Nazi prisoners are fit to go on trial for war crimes, and finds himself in a complex battle of intellect and ethics with Hermann Göring, Hitler's right-hand man.",1,movie_1214931_Netflix,movie_1214931,1,TRUE
424,Schindler's List,movie,Netflix,8,1993,1993-12-15,"[18, 36, 10752]",Drama|History|War,Drama,8.568,17415,8.328870779,25.8954,en,The true story of how businessman Oskar Schindler saved over a thousand Jewish lives from the Nazis while they worked as slaves in his factory during World War II.,1,movie_424_Netflix,movie_424,1,TRUE
557,Spider-Man,movie,Netflix,8,2002,2002-05-01,"[28, 878]",Action|Science Fiction,Action,7.327,20599,7.153366178,23.2831,en,"After being bitten by a genetically altered spider at Oscorp, nerdy but endearing high school student Peter Parker is endowed with amazing powers to become the superhero known as Spider-Man.",1,movie_557_Netflix,movie_557,2,FALSE
1446616,Tu Yaa Main,movie,Netflix,8,2026,2026-02-11,"[53, 10749]",Thriller|Romance,Thriller,6.514,35,0.426149533,22.3523,hi,"A wannabe rapper from the outskirts of Mumbai and an affluent influencer elope to a coastal town, only to find themselves trapped in the pool of a derelict resort fighting for survival against the wrath of a ferocious crocodile.",1,movie_1446616_Netflix,movie_1446616,1,TRUE
1087192,How to Train Your Dragon,movie,Netflix,8,2025,2025-06-06,"[14, 10751, 28, 12]",Fantasy|Family|Action|Adventure,Fantasy,7.93,2788,6.724099757,22.3374,en,"On the rugged isle of Berk, where Vikings and dragons have been bitter enemies for generations, Hiccup stands apart, defying centuries of tradition when he befriends Toothless, a feared Night Fury dragon. Their unlikely bond reveals the true nature of dragons, challenging the very foundations of Viking society.",2,movie_1087192_Netflix,movie_1087192,1,TRUE
324857,Spider-Man: Into the Spider-Verse,movie,Netflix,8,2018,2018-12-06,"[16, 28, 12, 878]",Animation|Action|Adventure|Science Fiction,Animation,8.393,17177,8.15560112,22.0908,en,"Struggling to find his place in the world while juggling school and family, Brooklyn teenager Miles Morales is unexpectedly bitten by a radioactive spider and develops unfathomable powers just like the one and only Spider-Man. While wrestling with the implications of his new abilities, Miles discovers a super collider created by the madman Wilson ""Kingpin"" Fisk, causing others from across the Spider-Verse to be inadvertently transported to his dimension.",2,movie_324857_Netflix,movie_324857,1,TRUE
1268127,Humint,movie,Netflix,8,2026,2026-02-11,"[53, 28, 18]",Thriller|Action|Drama,Thriller,7.374,123,1.455861958,21.842,ko,A South Korean agent hunts a drug ring in Russia and goes head-to-head with a North Korean operative — pulling both into peril and tangled secrets.,2,movie_1268127_Netflix,movie_1268127,1,TRUE
875828,Peaky Blinders: The Immortal Man,movie,Netflix,8,2026,2026-03-05,"[80, 18]",Crime|Drama,Crime,7.225,913,4.668382873,21.2541,en,"After his estranged son gets embroiled in a Nazi plot, self-exiled gangster Tommy Shelby must return to Birmingham to save his family — and his nation.",2,movie_875828_Netflix,movie_875828,1,TRUE
1175942,The Bad Guys 2,movie,Netflix,8,2025,2025-07-24,"[10751, 35, 80, 12, 16]",Family|Comedy|Crime|Adventure|Animation,Family,7.649,773,4.644679497,20.2659,en,"The now-reformed Bad Guys are trying (very, very hard) to be good, but instead find themselves hijacked into a high-stakes, globe-trotting heist, masterminded by a new team of criminals they never saw coming: The Bad Girls.",2,movie_1175942_Netflix,movie_1175942,1,TRUE
18240,The Proposal,movie,Netflix,8,2009,2009-06-02,"[35, 10749, 18]",Comedy|Romance|Drama,Comedy,7.145,7442,6.695176278,20.2043,en,"When she learns she's in danger of losing her visa status and being deported, overbearing book editor Margaret Tate forces her put-upon assistant, Andrew Paxton, to marry her.",2,movie_18240_Netflix,movie_18240,1,TRUE
216015,Fifty Shades of Grey,movie,Netflix,8,2015,2015-02-11,"[18, 10749, 53]",Drama|Romance|Thriller,Drama,5.869,12358,5.640776326,20.0842,en,"When college senior Anastasia Steele steps in for her sick roommate to interview prominent businessman Christian Grey for their campus paper, little does she realize the path her life will take. Christian, as enigmatic as he is rich and powerful, finds himself strangely drawn to Ana, and she to him. Though sexually inexperienced, Ana plunges headlong into an affair -- and learns that Christian's true sexual proclivities push the boundaries of pain and pleasure.",2,movie_216015_Netflix,movie_216015,1,TRUE
1007734,Nobody 2,movie,Netflix,8,2025,2025-08-13,"[28, 53, 35]",Action|Thriller|Comedy,Action,6.938,1517,5.218118989,20.0255,en,"Former assassin Hutch Mansell takes his family on a nostalgic vacation to a small-town theme park, only to be pulled back into violence when they clash with a corrupt operator, a crooked sheriff, and a ruthless crime boss.",2,movie_1007734_Netflix,movie_1007734,1,TRUE
1062722,Frankenstein,movie,Netflix,8,2025,2025-10-17,"[18, 14, 27]",Drama|Fantasy|Horror,Drama,7.644,3409,6.666256332,19.2184,en,"Dr. Victor Frankenstein, a brilliant but egotistical scientist, brings a creature to life in a monstrous experiment that ultimately leads to the undoing of both the creator and his tragic creation.",2,movie_1062722_Netflix,movie_1062722,1,TRUE
1223601,Sisu: Road to Revenge,movie,Netflix,8,2025,2025-10-21,"[28, 10752, 53]",Action|War|Thriller,Action,7.313,731,4.34265069,19.0243,fi,"Returning to the house where his family was brutally murdered during the war, ""the man who refuses to die"" dismantles it, loads it on a truck, and is determined to rebuild it somewhere safe in their honor. When the commander who killed his family comes back hellbent on finishing the job, a relentless, eye-popping cross-country chase ensues.",2,movie_1223601_Netflix,movie_1223601,1,TRUE
1651233,Son-in-Law,movie,Netflix,8,2026,2026-04-18,"[35, 18]",Comedy|Drama,Comedy,5.1,8,0.080314961,18.9223,es,"José Sánchez has big ambitions, terrible instincts, and a mustache to match. After a string of bad deals, he accidentally bluffs his way into becoming El Serpiente, a political boss feared for all the wrong reasons. Now he must pull off one final deal to stay alive — a deal far beyond anything he can fake.",2,movie_1651233_Netflix,movie_1651233,1,TRUE
337167,Fifty Shades Freed,movie,Netflix,8,2018,2018-01-17,"[18, 10749]",Drama|Romance,Drama,6.674,8336,6.296340426,18.4716,en,"Believing they have left behind shadowy figures from their past, newlyweds Christian and Ana fully embrace an inextricable connection and shared life of luxury. But just as she steps into her role as Mrs. Grey and he relaxes into an unfamiliar stability, new threats could jeopardize their happy ending before it even begins.",2,movie_337167_Netflix,movie_337167,1,TRUE
1511417,Bāhubali: The Epic,movie,Netflix,8,2025,2025-10-29,"[28, 18]",Action|Drama,Action,6.184,38,0.436788104,18.1923,te,"When a mysterious child is found by a tribal couple near a roaring waterfall, they raise him as their own. As he grows, Sivudu is drawn to the world beyond the cliffs, where he discovers the ancient kingdom of Mahishmati, ruled by a cruel tyrant, haunted by rebellion, and bound to his past. What begins as a quest for love soon unravels a legacy of betrayal, sacrifice, and a forgotten prince.",2,movie_1511417_Netflix,movie_1511417,1,TRUE
1659087,180,movie,Netflix,8,2026,2026-04-16,"[53, 80, 18, 10770]",Thriller|Crime|Drama|TV Movie,Thriller,5.699,93,0.893772344,18.022,en,"When an unexpected road rage incident puts his son in critical condition, an enraged father spirals down a dark path of emotional turmoil and vengeance.",2,movie_1659087_Netflix,movie_1659087,1,TRUE
18,The Fifth Element,movie,Netflix,8,1997,1997-05-02,"[878, 28, 12]",Science Fiction|Action|Adventure,Science Fiction,7.57,11660,7.258733553,17.5378,fr,"In 2257, a taxi driver is unintentionally given the task of saving a young girl who is part of the key that will ensure the survival of humanity.",2,movie_18_Netflix,movie_18,1,TRUE
324786,Hacksaw Ridge,movie,Netflix,8,2016,2016-10-07,"[18, 36, 10752]",Drama|History|War,Drama,8.19,14808,7.922492814,17.4592,en,"WWII American Army Medic Desmond T. Doss, who served during the Battle of Okinawa, refuses to kill people and becomes the first Conscientious Objector in American history to receive the Congressional Medal of Honor.",2,movie_324786_Netflix,movie_324786,1,TRUE
829560,The Next 365 Days,movie,Netflix,8,2022,2022-08-18,"[10749, 18]",Romance|Drama,Romance,6.4,1311,4.633020431,17.1839,pl,Laura and Massimo's relationship hangs in the balance as they try to overcome trust issues while a tenacious Nacho works to push them apart.,2,movie_829560_Netflix,movie_829560,1,TRUE
912649,Venom: The Last Dance,movie,Netflix,8,2024,2024-10-22,"[878, 28, 12]",Science Fiction|Action|Adventure,Science Fiction,6.667,4186,5.955625694,17.157,en,"Eddie and Venom are on the run. Hunted by both of their worlds and with the net closing in, the duo are forced into a devastating decision that will bring the curtains down on Venom and Eddie's last dance.",2,movie_912649_Netflix,movie_912649,1,TRUE
829557,365 Days: This Day,movie,Netflix,8,2022,2022-04-26,"[10749, 18]",Romance|Drama,Romance,5.9,1842,4.640392827,16.2188,pl,"Laura and Massimo are back and hotter than ever. But the reunited couple's new beginning is complicated by Massimo’s family ties and a mysterious man who enters Laura’s life to win her heart and trust, at any cost.",2,movie_829557_Netflix,movie_829557,1,TRUE
559,Spider-Man 3,movie,Netflix,8,2007,2007-05-01,"[28, 12, 878]",Action|Adventure|Science Fiction,Action,6.457,15165,6.250903607,16.2021,en,"The seemingly invincible Spider-Man goes up against an all-new crop of villains—including the shape-shifting Sandman. While Spider-Man’s superpowers are altered by an alien organism, his alter ego, Peter Parker, deals with nemesis Eddie Brock and also gets caught up in a love triangle.",2,movie_559_Netflix,movie_559,1,TRUE
18,The Fifth Element,movie,Netflix,8,1997,1997-05-02,"[878, 28, 12]",Science Fiction|Action|Adventure,Science Fiction,7.57,11658,7.258682349,17.5378,fr,"In 2257, a taxi driver is unintentionally given the task of saving a young girl who is part of the key that will ensure the survival of humanity.",3,movie_18_Netflix,movie_18,1,TRUE
985939,Fall,movie,Netflix,8,2022,2022-08-11,[53],Thriller,Thriller,7.127,4552,6.421635788,15.3787,en,"For best friends Becky and Hunter, life is all about conquering fears and pushing limits. But after they climb 2,000 feet to the top of a remote, abandoned radio tower, they find themselves stranded with no way down. Now Becky and Hunter's expert climbing skills will be put to the ultimate test as they desperately fight to survive the elements, a lack of supplies, and vertigo-inducing heights.",3,movie_985939_Netflix,movie_985939,1,TRUE
1472638,Buen Camino,movie,Netflix,8,2025,2025-12-25,"[35, 10751, 12]",Comedy|Family|Adventure,Comedy,6.28,517,3.192487709,13.5507,it,"Checco's life is a comfortable and luxurious one, and it couldn't be otherwise, considering he's the only son of Eugenio Zalone, a wealthy sofa manufacturer. Stranded by the pool in his luxurious villas, with an unspecified number of Filipinos serving him, a very young Mexican model as a girlfriend, and vacationing on his yacht with friends who share his passion for not wanting to work; it seems like a truly enviable life, considering he lacks nothing, absolutely nothing. Actually, no. Something is missing. It's his underage daughter, Cristal, named after the famous French sparkling wine, who has suddenly disappeared without a trace. Urgently summoned to Rome by his ex-wife, Linda, he finds himself facing the responsibilities of fatherhood for the first time, trying to find the girl—a very complicated task, considering he knows absolutely nothing about Cristal and her life.",3,movie_1472638_Netflix,movie_1472638,1,TRUE
1339876,Mardaani 3,movie,Netflix,8,2026,2026-01-30,"[28, 80, 53]",Action|Crime|Thriller,Action,7.268,28,0.385424242,14.1338,hi,"Officer Shivani Shivaji Roy returns to hunt down those behind the disappearance of young girls, risking everything to bring them back alive.",3,movie_1339876_Netflix,movie_1339876,1,TRUE
1239198,My Dearest Señorita,movie,Netflix,8,2026,2026-04-17,"[18, 10749]",Drama|Romance,Drama,6.109,23,0.268655832,12.8085,es,"A young woman from a traditional family learns she's intersex, sparking a journey of self-discovery, gender identity and love found in unexpected places.",3,movie_1239198_Netflix,movie_1239198,1,TRUE
559,Spider-Man 3,movie,Netflix,8,2007,2007-05-01,"[28, 12, 878]",Action|Adventure|Science Fiction,Action,6.457,15164,6.250890449,16.2021,en,"The seemingly invincible Spider-Man goes up against an all-new crop of villains—including the shape-shifting Sandman. While Spider-Man’s superpowers are altered by an alien organism, his alter ego, Peter Parker, deals with nemesis Eddie Brock and also gets caught up in a love triangle.",3,movie_559_Netflix,movie_559,1,TRUE
1511057,Roommates,movie,Netflix,8,2026,2026-04-13,[35],Comedy,Comedy,6.534,103,1.116089552,15.1983,en,"When shy college freshman Devon asks cool-girl Celeste to be her roommate, a blossoming friendship quickly spirals into a war of passive aggression.",3,movie_1511057_Netflix,movie_1511057,1,TRUE
664413,365 Days,movie,Netflix,8,2020,2020-02-07,"[10749, 18]",Romance|Drama,Romance,6.992,9494,6.642190114,14.5207,pl,"A woman falls victim to a dominant mafia boss, who imprisons her and gives her one year to fall in love with him.",3,movie_664413_Netflix,movie_664413,1,TRUE
1100988,28 Years Later,movie,Netflix,8,2025,2025-06-18,"[27, 53, 878]",Horror|Thriller|Science Fiction,Horror,6.613,2503,5.511934399,15.8555,en,"Twenty-eight years after the Rage virus outbreak, a heavily-defended island survives connected to the mainland by a single causeway. When one of the group leaves the island into the dark heart of the mainland, he discovers secrets, wonders, and horrors that have mutated not only the infected but other survivors as well.",3,movie_1100988_Netflix,movie_1100988,1,TRUE
324786,Hacksaw Ridge,movie,Netflix,8,2016,2016-10-07,"[18, 36, 10752]",Drama|History|War,Drama,8.19,14808,7.922492814,17.4592,en,"WWII American Army Medic Desmond T. Doss, who served during the Battle of Okinawa, refuses to kill people and becomes the first Conscientious Objector in American history to receive the Congressional Medal of Honor.",3,movie_324786_Netflix,movie_324786,1,TRUE
829487,Je m'appelle Agneta,movie,Netflix,8,2026,2026-04-28,"[35, 18, 10749]",Comedy|Drama|Romance,Comedy,7.024,21,0.283117083,12.3873,sv,"Craving a fresh start, recently unemployed Agneta accepts an au pair gig in Provence that turns into an indulgent escape — and an unexpected awakening.",3,movie_829487_Netflix,movie_829487,1,TRUE
19404,Dilwale Dulhania Le Jayenge,movie,Netflix,8,1995,1995-10-20,"[35, 18, 10749]",Comedy|Drama|Romance,Comedy,8.512,4585,7.675028515,15.7139,hi,"Raj is a rich, carefree, happy-go-lucky second generation NRI. Simran is the daughter of Chaudhary Baldev Singh, who in spite of being an NRI is very strict about adherence to Indian values. Simran has left for India to be married to her childhood fiancé. Raj leaves for India with a mission at his hands, to claim his lady love under the noses of her whole family. Thus begins a saga.",3,movie_19404_Netflix,movie_19404,1,TRUE
19994,Jennifer's Body,movie,Netflix,8,2009,2009-09-18,"[27, 35]",Horror|Comedy,Horror,5.994,4213,5.3580993,13.6819,en,"Jennifer, a gorgeous, seductive cheerleader takes evil to a whole new level after she's possessed by a sinister demon. Now it's up to her best friend to stop Jennifer's reign of terror before it's too late.",3,movie_19994_Netflix,movie_19994,1,TRUE
1658982,The Roast of Kevin Hart,movie,Netflix,8,2026,2026-05-10,[35],Comedy,Comedy,7,9,0.123772102,12.1743,en,Kevin Hart is in the hot seat and ready for all the smoke as roastmaster Shane Gillis and a dais of A-listers unleash a raw and ruthless night of laughs.,3,movie_1658982_Netflix,movie_1658982,1,TRUE
530915,1917,movie,Netflix,8,2019,2019-12-25,"[10752, 36, 18]",War|History|Drama,War,7.987,13499,7.701729624,12.9615,en,"At the height of the First World War, two young British soldiers must cross enemy territory and deliver a message that will stop a deadly attack on hundreds of soldiers.",3,movie_530915_Netflix,movie_530915,1,TRUE
10830,Matilda,movie,Netflix,8,1996,1996-08-02,"[35, 10751, 14]",Comedy|Family|Fantasy,Comedy,7.175,4791,6.496961822,12.6242,en,"Matilda Wormwood is an brilliant and intelligent little girl. Unfortunately, her parents, Harry and Zinnia, fail to see that fact. As time passes, she finally starts school and has a kind teacher, loyal friends, and a terrifying, sadistic headmistress. As she becomes fed up with the constant cruelty, she discovers she has a special gift that she just might be able to use to outwit the unruly adults around her.",3,movie_10830_Netflix,movie_10830,1,TRUE
537915,After,movie,Netflix,8,2019,2019-04-11,"[18, 10749]",Drama|Romance,Drama,7.108,8510,6.71354939,13.414,en,"Tessa Young is a dedicated student, dutiful daughter and loyal girlfriend to her high school sweetheart. Entering her first semester of college, Tessa's guarded world opens up when she meets Hardin Scott, a mysterious and brooding rebel who makes her question all she thought she knew about herself -- and what she wants out of life.",3,movie_537915_Netflix,movie_537915,1,TRUE
701387,Bugonia,movie,Netflix,8,2025,2025-10-23,"[878, 53, 35]",Science Fiction|Thriller|Comedy,Science Fiction,7.344,1855,5.784764331,12.4897,en,"Two conspiracy obsessed young men kidnap the high-powered CEO of a major company, convinced that she is an alien intent on destroying planet Earth.",3,movie_701387_Netflix,movie_701387,1,TRUE
539972,Kraven the Hunter,movie,Netflix,8,2024,2024-12-11,"[28, 12, 53]",Action|Adventure|Thriller,Action,6.438,2317,5.295294995,12.3901,en,"Kraven Kravinoff's complex relationship with his ruthless gangster father, Nikolai, starts him down a path of vengeance with brutal consequences, motivating him to become not only the greatest hunter in the world, but also one of its most feared.",3,movie_539972_Netflix,movie_539972,1,TRUE
490132,Green Book,movie,Netflix,8,2018,2018-11-16,"[18, 35, 36]",Drama|Comedy|History,Drama,8.224,12818,7.915244932,13.7289,en,"Tony Lip, a bouncer in 1962, is hired to drive pianist Don Shirley on a tour through the Deep South in the days when African Americans, forced to find alternate accommodations and services due to segregation laws below the Mason-Dixon Line, relied on a guide called The Negro Motorist Green Book.",3,movie_490132_Netflix,movie_490132,1,TRUE
851644,20th Century Girl,movie,Netflix,8,2022,2022-10-06,"[10749, 18]",Romance|Drama,Romance,8.147,811,5.039829901,12.7972,ko,"In 1999, a teen girl keeps close tabs on a boy in school on behalf of her deeply smitten best friend – then she gets swept up in a love story of her own.",4,movie_851644_Netflix,movie_851644,1,TRUE
10830,Matilda,movie,Netflix,8,1996,1996-08-02,"[35, 10751, 14]",Comedy|Family|Fantasy,Comedy,7.175,4791,6.496961822,12.6242,en,"Matilda Wormwood is an brilliant and intelligent little girl. Unfortunately, her parents, Harry and Zinnia, fail to see that fact. As time passes, she finally starts school and has a kind teacher, loyal friends, and a terrifying, sadistic headmistress. As she becomes fed up with the constant cruelty, she discovers she has a special gift that she just might be able to use to outwit the unruly adults around her.",4,movie_10830_Netflix,movie_10830,1,TRUE
507086,Jurassic World Dominion,movie,Netflix,8,2022,2022-06-01,"[12, 878, 53]",Adventure|Science Fiction|Thriller,Adventure,6.601,7021,6.16216208,12.5226,en,"Four years after Isla Nublar was destroyed, dinosaurs now live—and hunt—alongside humans all over the world. This fragile balance will reshape the future and determine, once and for all, whether human beings are to remain the apex predators on a planet they now share with history's most fearsome creatures.",4,movie_507086_Netflix,movie_507086,1,TRUE
701387,Bugonia,movie,Netflix,8,2025,2025-10-23,"[878, 53, 35]",Science Fiction|Thriller|Comedy,Science Fiction,7.343,1857,5.785299533,12.4897,en,"Two conspiracy obsessed young men kidnap the high-powered CEO of a major company, convinced that she is an alien intent on destroying planet Earth.",4,movie_701387_Netflix,movie_701387,1,TRUE
539972,Kraven the Hunter,movie,Netflix,8,2024,2024-12-11,"[28, 12, 53]",Action|Adventure|Thriller,Action,6.4,2317,5.264039759,12.3901,en,"Kraven Kravinoff's complex relationship with his ruthless gangster father, Nikolai, starts him down a path of vengeance with brutal consequences, motivating him to become not only the greatest hunter in the world, but also one of its most feared.",4,movie_539972_Netflix,movie_539972,1,TRUE
829487,Je m'appelle Agneta,movie,Netflix,8,2026,2026-04-28,"[35, 18, 10749]",Comedy|Drama|Romance,Comedy,7.024,21,0.283117083,12.3873,sv,"Craving a fresh start, recently unemployed Agneta accepts an au pair gig in Provence that turns into an indulgent escape — and an unexpected awakening.",4,movie_829487_Netflix,movie_829487,1,TRUE
1658982,The Roast of Kevin Hart,movie,Netflix,8,2026,2026-05-10,[35],Comedy,Comedy,7,9,0.123772102,12.1743,en,Kevin Hart is in the hot seat and ready for all the smoke as roastmaster Shane Gillis and a dais of A-listers unleash a raw and ruthless night of laughs.,4,movie_1658982_Netflix,movie_1658982,1,TRUE
424694,Bohemian Rhapsody,movie,Netflix,8,2018,2018-10-24,"[10402, 18]",Music|Drama,Music,8,17743,7.780737817,12.0599,en,"Singer Freddie Mercury, guitarist Brian May, drummer Roger Taylor and bass guitarist John Deacon take the music world by storm when they form the rock 'n' roll band Queen in 1970. Hit songs become instant classics. When Mercury's increasingly wild lifestyle starts to spiral out of control, Queen soon faces its greatest challenge yet – finding a way to keep the band together amid the success and excess.",4,movie_424694_Netflix,movie_424694,1,TRUE
1575337,Cosmic Princess Kaguya!,movie,Netflix,8,2026,2026-01-22,"[16, 14, 10402, 878]",Animation|Fantasy|Music|Science Fiction,Animation,8.3,77,1.10762565,11.9607,ja,"Iroha's life gets knocked off its orbit when Kaguya, a carefree runaway from the Moon, moves in and convinces her to perform in a virtual world together.",4,movie_1575337_Netflix,movie_1575337,1,TRUE
438148,Minions: The Rise of Gru,movie,Netflix,8,2022,2022-06-29,"[12, 16, 35, 80, 10751, 878]",Adventure|Animation|Comedy|Crime|Family|Science Fiction,Adventure,7.27,4002,6.462581075,11.8344,en,"A fanboy of a supervillain supergroup known as the Vicious 6, Gru hatches a plan to become evil enough to join them, with the backup of his followers, the Minions.",4,movie_438148_Netflix,movie_438148,1,TRUE
602,Independence Day,movie,Netflix,8,1996,1996-06-25,"[28, 12, 878]",Action|Adventure|Science Fiction,Action,6.907,10389,6.589845073,11.4525,en,"Strange phenomena surface around the globe. The skies ignite. Terror races through the world's major cities. As these extraordinary events unfold, it becomes increasingly clear that a force of incredible magnitude has arrived. Its mission: total annihilation over the Fourth of July weekend. The last hope to stop the destruction is an unlikely group of people united by fate and unimaginable circumstances.",4,movie_602_Netflix,movie_602,1,TRUE
270946,Penguins of Madagascar,movie,Netflix,8,2014,2014-11-22,"[10751, 16, 12, 35]",Family|Animation|Adventure|Comedy,Family,6.531,4454,5.871835688,11.4164,en,"Skipper, Kowalski, Rico and Private join forces with undercover organization The North Wind to stop the villainous Dr. Octavius Brine from destroying the world as we know it.",4,movie_270946_Netflix,movie_270946,1,TRUE
1071585,M3GAN 2.0,movie,Netflix,8,2025,2025-06-25,"[28, 878, 53]",Action|Science Fiction|Thriller,Action,7.202,1299,5.200332407,11.3993,en,"After the underlying tech for M3GAN is stolen and misused by a powerful defense contractor to create a military-grade weapon known as Amelia, M3GAN's creator Gemma realizes that the only option is to resurrect M3GAN and give her a few upgrades, making her faster, stronger, and more lethal.",4,movie_1071585_Netflix,movie_1071585,1,TRUE
135397,Jurassic World,movie,Netflix,8,2015,2015-06-06,"[12, 878]",Adventure|Science Fiction,Adventure,6.699,21529,6.546950429,11.3027,en,"Twenty-two years after the events of Jurassic Park, Isla Nublar now features a fully functioning dinosaur theme park, Jurassic World, as originally envisioned by John Hammond.",4,movie_135397_Netflix,movie_135397,1,TRUE
940721,Godzilla Minus One,movie,Netflix,8,2023,2023-11-03,"[878, 27, 28]",Science Fiction|Horror|Action,Science Fiction,7.6,3145,6.557475995,11.2235,ja,"In postwar Japan, Godzilla brings new devastation to an already scorched landscape. With no military intervention or government help in sight, the survivors must join together in the face of despair and fight back against an unrelenting horror.",4,movie_940721_Netflix,movie_940721,1,TRUE
1213898,Border 2,movie,Netflix,8,2026,2026-01-23,"[28, 18, 10752]",Action|Drama|War,Action,7.125,24,0.326335878,11.1641,hi,"Three idealistic soldiers in the Indian army, navy and air force face grueling combat conditions in this film set during the 1971 Indo-Pak war.",4,movie_1213898_Netflix,movie_1213898,1,TRUE
646380,Don't Look Up,movie,Netflix,8,2021,2021-12-08,"[35, 878, 18]",Comedy|Science Fiction|Drama,Comedy,7.065,9307,6.704798103,10.9161,en,Two astronomers go on a media tour to warn humankind of a planet-killing comet hurtling toward Earth. The response from a distracted world: Meh.,4,movie_646380_Netflix,movie_646380,1,TRUE
68735,Warcraft,movie,Netflix,8,2016,2016-05-25,"[28, 12, 14]",Action|Adventure|Fantasy,Action,6.402,7237,5.98827375,10.8875,en,"The peaceful realm of Azeroth stands on the brink of war as its civilization faces a fearsome race of invaders: orc warriors fleeing their dying home to colonize another. As a portal opens to connect the two worlds, one army faces destruction and the other faces extinction. From opposing sides, two heroes are set on a collision course that will decide the fate of their family, their people, and their home.",4,movie_68735_Netflix,movie_68735,1,TRUE
18491,Neon Genesis Evangelion: The End of Evangelion,movie,Netflix,8,1997,1997-07-19,"[16, 878, 18, 14]",Animation|Science Fiction|Drama|Fantasy,Animation,8.3,1843,6.528766539,10.8863,ja,"SEELE orders an all-out attack on NERV, aiming to destroy the Evas before Gendo can advance his own plans for the Human Instrumentality Project. Shinji is pushed to the limits of his sanity as he is forced to decide the fate of humanity.",4,movie_18491_Netflix,movie_18491,1,TRUE
698508,Redeeming Love,movie,Netflix,8,2022,2022-01-21,"[10749, 18, 37]",Romance|Drama|Western,Romance,7.835,740,4.675725806,10.8065,en,"A young couple's relationship clashes with the harsh realities of the California Gold Rush of 1850. Angel, experiencing love for the first time and facing demons unsurmountable, runs from the new life she doesn't believe she deserves. When Michael sets out to find her, Angel discovers that she indeed has the power to choose the life she wants.",4,movie_698508_Netflix,movie_698508,1,TRUE
575264,Mission: Impossible - Dead Reckoning Part One,movie,Netflix,8,2023,2023-07-08,"[28, 53, 12]",Action|Thriller|Adventure,Action,7.5,5089,6.829039184,10.7745,en,"Ethan Hunt and his IMF team embark on their most dangerous mission yet: To track down a terrifying new weapon that threatens all of humanity before it falls into the wrong hands. With control of the future and the world's fate at stake and dark forces from Ethan's past closing in, a deadly race around the globe begins. Confronted by a mysterious, all-powerful enemy, Ethan must consider that nothing can matter more than his mission—not even the lives of those he cares about most.",5,movie_575264_Netflix,movie_575264,1,TRUE
810693,Jujutsu Kaisen 0,movie,Netflix,8,2021,2021-12-24,"[16, 28, 14]",Animation|Action|Fantasy,Animation,8.099,1727,6.280634486,10.7026,ja,"Yuta Okkotsu is a nervous high school student who is suffering from a serious problem—his childhood friend Rika has turned into a curse and won't leave him alone. Since Rika is no ordinary curse, his plight is noticed by Satoru Gojo, a teacher at Jujutsu High, a school where fledgling exorcists learn how to combat curses. Gojo convinces Yuta to enroll, but can he learn enough in time to confront the curse that haunts him?",5,movie_810693_Netflix,movie_810693,1,TRUE
299054,Expend4bles,movie,Netflix,8,2023,2023-09-15,"[28, 12, 53]",Action|Adventure|Thriller,Action,6.075,1873,4.794974716,10.3975,en,"Armed with every weapon they can get their hands on and the skills to use them, The Expendables are the world’s last line of defense and the team that gets called when all other options are off the table. But new team members with new styles and tactics are going to give “new blood” a whole new meaning.",5,movie_299054_Netflix,movie_299054,1,TRUE
1391,Y Tu Mamá También,movie,Netflix,8,2001,2001-06-08,"[18, 10749]",Drama|Romance,Drama,7.416,1742,5.762119536,10.3262,es,"In Mexico, two teenage boys and an attractive older woman embark on a road trip and learn a thing or two about life, friendship, sex, and each other.",5,movie_1391_Netflix,movie_1391,1,TRUE
176,Saw,movie,Netflix,8,2004,2004-10-01,"[27, 9648, 80]",Horror|Mystery|Crime,Horror,7.42,10024,7.067472444,10.265,en,"Two men wake up to find themselves shackled in a grimy, abandoned bathroom. As they struggle to comprehend their predicament, they discover a disturbing tape left behind by the sadistic mastermind known as Jigsaw. With a chilling voice and cryptic instructions, Jigsaw informs them that they must partake in a gruesome game in order to secure their freedom.",5,movie_176_Netflix,movie_176,1,TRUE
1011477,Karate Kid: Legends,movie,Netflix,8,2025,2025-05-08,"[28, 12, 18]",Action|Adventure|Drama,Action,6.994,1179,4.911212627,10.2339,en,"After a family tragedy, kung fu prodigy Li Fong is uprooted from his home in Beijing and forced to move to New York City with his mother. When a new friend needs his help, Li enters a karate competition – but his skills alone aren't enough. Li's kung fu teacher Mr. Han enlists original Karate Kid Daniel LaRusso for help, and Li learns a new way to fight, merging their two styles into one for the ultimate martial arts showdown.",5,movie_1011477_Netflix,movie_1011477,1,TRUE
257344,Pixels,movie,Netflix,8,2015,2015-07-16,"[28, 35, 878]",Action|Comedy|Science Fiction,Action,5.775,8019,5.436051767,10.1889,en,Video game experts are recruited by the military to fight 1980s-era video game characters who've attacked New York.,5,movie_257344_Netflix,movie_257344,1,TRUE
483906,Polar,movie,Netflix,8,2019,2019-01-25,"[28, 80, 18]",Action|Crime|Drama,Action,6.371,2476,5.300603495,10.1383,en,"When a retiring assassin realizes that he is the target of a hit, he winds up back in the game going head to head with a gang of younger, ruthless killers.",5,movie_483906_Netflix,movie_483906,1,TRUE
240832,Lucy,movie,Netflix,8,2014,2014-07-25,"[28, 878]",Action|Science Fiction,Action,6.474,17021,6.289250271,10.0824,en,"A woman, accidentally caught in a dark deal, turns the tables on her captors and transforms into a merciless warrior evolved beyond human logic.",5,movie_240832_Netflix,movie_240832,1,TRUE
563,Starship Troopers,movie,Netflix,8,1997,1997-11-07,"[12, 28, 53, 878]",Adventure|Action|Thriller|Science Fiction,Adventure,7.104,5466,6.508626215,10.0462,en,"Set in the future, the story follows a young soldier named Johnny Rico and his exploits in the Mobile Infantry. Rico's military career progresses from recruit to non-commissioned officer and finally to officer against the backdrop of an interstellar war between mankind and an arachnoid species known as ""the Bugs.""",5,movie_563_Netflix,movie_563,1,TRUE
80321,Madagascar 3: Europe's Most Wanted,movie,Netflix,8,2012,2012-06-06,"[16, 10751, 35, 12]",Animation|Family|Comedy|Adventure,Animation,6.633,6544,6.162173765,9.8842,en,"Animal pals Alex, Marty, Melman, and Gloria are still trying to make it back to New York's Central Park Zoo. They are forced to take a detour to Europe to find the penguins and chimps who broke the bank at a Monte Carlo casino. When French animal-control officer Capitaine Chantel DuBois picks up their scent, Alex and company are forced to hide out in a traveling circus.",5,movie_80321_Netflix,movie_80321,1,TRUE
351286,Jurassic World: Fallen Kingdom,movie,Netflix,8,2018,2018-06-06,"[12, 878, 53]",Adventure|Science Fiction|Thriller,Adventure,6.531,12723,6.284043939,9.8273,en,"Three years after Jurassic World was destroyed, Isla Nublar now sits abandoned. When the island's dormant volcano begins roaring to life, Owen and Claire mount a campaign to rescue the remaining dinosaurs from this extinction-level event.",5,movie_351286_Netflix,movie_351286,1,TRUE
1526650,Mudborn,movie,Netflix,8,2025,2025-10-09,"[27, 53]",Horror|Thriller,Horror,7.1,40,0.525925926,9.7122,zh,"Hsu-Chuan, who works at a game company, accidentally brings home a broken clay doll from a haunted house while developing a new horror VR game. Unexpectedly, his pregnant wife, Mu-Hua, a cultural relic restorer, develops an obsession with the doll and relentlessly tries to repair it. As strange things begin to happen in the house, Mu-Hua's condition deteriorates, and Hsu-Chuan, at his wits' end, seeks help from a spiritual medium, Ah-Sheng. Meanwhile, the horrifying secret hidden behind the clay doll begins to surface.",5,movie_1526650_Netflix,movie_1526650,1,TRUE
639720,IF,movie,Netflix,8,2024,2024-05-08,"[35, 14, 10751]",Comedy|Fantasy|Family,Comedy,6.966,1596,5.304263359,9.6739,en,"After discovering she can see everyone's imaginary friends, a girl embarks on a magical adventure to reconnect forgotten imaginary friends with their kids.",5,movie_639720_Netflix,movie_639720,1,TRUE
897087,Freelance,movie,Netflix,8,2023,2023-10-05,"[28, 35]",Action|Comedy,Action,6.394,1149,4.455249242,9.6632,en,"An ex-special forces operative takes a job to provide security for a journalist as she interviews a dictator, but a military coup breaks out in the middle of the interview, they are forced to escape into the jungle where they must survive.",5,movie_897087_Netflix,movie_897087,1,TRUE
646385,Scream,movie,Netflix,8,2022,2022-01-12,"[27, 9648]",Horror|Mystery,Horror,6.686,3852,5.917847426,9.6519,en,"Twenty-five years after a streak of brutal murders shocked the quiet town of Woodsboro, a new killer has donned the Ghostface mask and begins targeting a group of teenagers to resurrect secrets from the town’s deadly past.",5,movie_646385_Netflix,movie_646385,1,TRUE
335797,Sing,movie,Netflix,8,2016,2016-11-23,"[16, 10402, 35, 10751]",Animation|Music|Comedy|Family,Animation,7.123,8410,6.723280584,9.6146,en,A koala named Buster recruits his best friend to help him drum up business for his theater by hosting a singing competition.,5,movie_335797_Netflix,movie_335797,1,TRUE
893723,PAW Patrol: The Mighty Movie,movie,Netflix,8,2023,2023-09-21,"[12, 16, 35, 10751, 878]",Adventure|Animation|Comedy|Family|Science Fiction,Adventure,7,543,3.644295302,9.56,en,"A magical meteor crash lands in Adventure City and gives the PAW Patrol pups superpowers, transforming them into The Mighty Pups.",5,movie_893723_Netflix,movie_893723,1,TRUE
27578,The Expendables,movie,Netflix,8,2010,2010-08-07,"[53, 12, 28]",Thriller|Adventure|Action,Thriller,6.251,8263,5.89432991,9.551,en,"Barney Ross leads a band of highly skilled mercenaries including knife enthusiast Lee Christmas, a martial arts expert Yin Yang, heavy weapons specialist Hale Caesar, demolitionist Toll Road, and a loose-cannon sniper Gunner Jensen. When the group is commissioned by the mysterious Mr. Church to assassinate the dictator of a small South American island, Barney and Lee visit the remote locale to scout out their opposition and discover the true nature of the conflict engulfing the city.",5,movie_27578_Netflix,movie_27578,1,TRUE
814338,Lady Chatterley's Lover,movie,Netflix,8,2022,2022-11-22,"[18, 10749]",Drama|Romance,Drama,6.7,515,3.399507389,9.477,en,"After a crippling injury leaves her husband impotent, Lady Chatterly is torn between her love for her husband and her physical desires. With her husband's consent, she seeks out other means of fulfilling her needs.",5,movie_814338_Netflix,movie_814338,1,TRUE
1064028,Subservience,movie,Netflix,8,2024,2024-08-15,"[878, 27, 53]",Science Fiction|Horror|Thriller,Science Fiction,6.618,992,4.400171582,8.8835,en,"With his wife out sick, a struggling father brings home a lifelike AI, only to have his self-aware new help want everything her new family has to offer... Like the affection of her owner and she'll kill to get it.",6,movie_1064028_Netflix,movie_1064028,1,TRUE
297222,PK,movie,Netflix,8,2014,2014-12-18,"[35, 18, 878]",Comedy|Drama|Science Fiction,Comedy,7.693,1149,5.360374166,8.3237,hi,"A stranger in the city asks questions no one has asked before. Known only by his initials, the man's innocent questions and childlike curiosity take him on a journey of love, laughter and letting go.",6,movie_297222_Netflix,movie_297222,1,TRUE
4982,American Gangster,movie,Netflix,8,2007,2007-11-02,"[18, 80]",Drama|Crime,Drama,7.59,6013,7.007319208,9.1932,en,"Loosely based on the criminal career of Frank Lucas, a gangster from La Grange, North Carolina, who smuggled heroin into the United States on American service planes returning from the Vietnam War, before being detained by a task force led by Newark Detective Richie Roberts.",6,movie_4982_Netflix,movie_4982,1,TRUE
1593,Night at the Museum,movie,Netflix,8,2006,2006-12-20,"[14, 10751, 35]",Fantasy|Family|Comedy,Fantasy,6.599,10929,6.310304576,9.1929,en,"Chaos reigns at the natural history museum when night watchman Larry Daley accidentally stirs up an ancient curse, awakening Attila the Hun, an army of gladiators, a Tyrannosaurus rex and other exhibits.",6,movie_1593_Netflix,movie_1593,2,FALSE
299054,Expend4bles,movie,Netflix,8,2023,2023-09-15,"[28, 12, 53]",Action|Adventure|Thriller,Action,6.075,1873,4.794974716,10.3975,en,"Armed with every weapon they can get their hands on and the skills to use them, The Expendables are the world’s last line of defense and the team that gets called when all other options are off the table. But new team members with new styles and tactics are going to give “new blood” a whole new meaning.",6,movie_299054_Netflix,movie_299054,1,TRUE
264660,Ex Machina,movie,Netflix,8,2015,2015-01-21,"[18, 878]",Drama|Science Fiction,Drama,7.573,14219,7.315747469,8.6207,en,"Caleb, a coder at the world's largest internet company, wins a competition to spend a week at a private mountain retreat belonging to Nathan, the reclusive CEO of the company. But when Caleb arrives at the remote location he finds that he will have to participate in a strange and fascinating experiment in which he must interact with the world's first true artificial intelligence, housed in the body of a beautiful robot girl.",6,movie_264660_Netflix,movie_264660,1,TRUE
788,Mrs. Doubtfire,movie,Netflix,8,1993,1993-11-24,"[35, 18, 10751]",Comedy|Drama|Family,Comedy,7.197,6601,6.690240389,9.0669,en,"Loving but irresponsible dad Daniel Hillard, estranged from his exasperated spouse, is crushed by a court order allowing only weekly visits with his kids. When Daniel learns his ex needs a housekeeper, he gets the job -- disguised as a British nanny. Soon he becomes not only his children's best pal but the kind of parent he should have been from the start.",6,movie_788_Netflix,movie_788,2,FALSE
818647,Through My Window,movie,Netflix,8,2022,2022-02-04,"[10749, 18, 35]",Romance|Drama|Comedy,Romance,7.349,3334,6.390601461,8.646,es,"Raquel's longtime crush on her next-door neighbor turns into something more when he starts developing feelings for her, despite his family's objections.",6,movie_818647_Netflix,movie_818647,1,TRUE
10527,Madagascar: Escape 2 Africa,movie,Netflix,8,2008,2008-10-30,"[12, 16, 35, 10751]",Adventure|Animation|Comedy|Family,Adventure,6.526,7407,6.113327684,9.3616,en,"Alex, Marty, and other zoo animals find a way to escape from Madagascar when the penguins reassemble a wrecked airplane. The precariously repaired craft stays airborne just long enough to make it to the African continent. There the New Yorkers encounter members of their own species for the first time. Africa proves to be a wild place, but Alex and company wonder if it is better than their Central Park home.",6,movie_10527_Netflix,movie_10527,1,TRUE
668489,Havoc,movie,Netflix,8,2025,2025-04-25,"[28, 80, 53, 18]",Action|Crime|Thriller|Drama,Action,6.376,1210,4.511672515,8.4392,en,"When a drug heist swerves lethally out of control, a jaded cop fights his way through a corrupt city's criminal underworld to save a politician's son.",6,movie_668489_Netflix,movie_668489,1,TRUE
916224,Suzume,movie,Netflix,8,2022,2022-11-11,"[16, 18, 12, 14]",Animation|Drama|Adventure|Fantasy,Animation,7.885,1720,6.109099099,9.4174,ja,"Suzume, 17, lost her mother as a little girl. On her way to school, she meets a mysterious young man. But her curiosity unleashes a calamity that endangers the entire population of Japan, and so Suzume embarks on a journey to set things right.",6,movie_916224_Netflix,movie_916224,1,TRUE
1426964,State of Fear,movie,Netflix,8,2026,2026-02-10,"[28, 53, 80, 18]",Action|Thriller|Crime|Drama,Action,5.765,68,0.690176056,8.4936,pt,"As São Paulo erupts in an unprecedented wave of violence, a lawyer with underworld ties must strike a deal with the police to rescue her kidnapped niece.",6,movie_1426964_Netflix,movie_1426964,1,TRUE
756999,The Black Phone,movie,Netflix,8,2022,2022-06-16,"[27, 53]",Horror|Thriller,Horror,7.524,5805,6.92733069,8.5045,en,"Finney Blake, a shy but clever 13-year-old boy, is abducted by a sadistic killer and trapped in a soundproof basement where screaming is of little use. When a disconnected phone on the wall begins to ring, Finney discovers that he can hear the voices of the killer’s previous victims. And they are dead set on making sure that what happened to them doesn’t happen to Finney.",6,movie_756999_Netflix,movie_756999,1,TRUE
639720,IF,movie,Netflix,8,2024,2024-05-08,"[35, 14, 10751]",Comedy|Fantasy|Family,Comedy,6.966,1596,5.304263359,9.6739,en,"After discovering she can see everyone's imaginary friends, a girl embarks on a magical adventure to reconnect forgotten imaginary friends with their kids.",6,movie_639720_Netflix,movie_639720,1,TRUE
228161,Home,movie,Netflix,8,2015,2015-03-18,"[14, 35, 16, 878, 10751]",Fantasy|Comedy|Animation|Science Fiction|Family,Fantasy,6.788,4213,6.067864205,8.5653,en,"When Earth is taken over by the overly-confident Boov, an alien race in search of a new place to call home, all humans are promptly relocated, while all Boov get busy reorganizing the planet. But when one resourceful girl, Tip, manages to avoid capture, she finds herself the accidental accomplice of a banished Boov named Oh. The two fugitives realize there’s a lot more at stake than intergalactic relations as they embark on the road trip of a lifetime.",6,movie_228161_Netflix,movie_228161,1,TRUE
615453,Ne Zha,movie,Netflix,8,2019,2019-07-26,"[16, 14, 12]",Animation|Fantasy|Adventure,Animation,7.9,853,4.980561715,8.1918,zh,"A young boy is born as the reincarnation of a demonic power, into a society that hates and fears him. Destined by prophecy to bring destruction to the world, Nezha must choose between good and evil to see if he can change his fate.",6,movie_615453_Netflix,movie_615453,3,FALSE
558,Spider-Man 2,movie,Netflix,8,2004,2004-06-25,"[28, 12, 878]",Action|Adventure|Science Fiction,Action,7.305,16300,7.087589286,8.7746,en,"Peter Parker is going through a major identity crisis. Burned out from being Spider-Man, he decides to shelve his superhero alter ego, which leaves the city suffering in the wake of carnage left by the evil Doc Ock. In the meantime, Parker still can't act on his feelings for Mary Jane Watson, a girl he's loved since childhood. A certain anger begins to brew in his best friend Harry Osborn as well...",6,movie_558_Netflix,movie_558,1,TRUE
1180831,Troll 2,movie,Netflix,8,2025,2025-11-30,"[28, 14, 53]",Action|Fantasy|Thriller,Action,6.398,467,3.089830403,8.5367,no,"When a dangerous new troll unleashes devastation across their homeland, Nora, Andreas and Major Kris embark on their most perilous mission yet.",6,movie_1180831_Netflix,movie_1180831,1,TRUE
615677,We Can Be Heroes,movie,Netflix,8,2020,2020-12-25,"[10751, 28, 14, 35]",Family|Action|Fantasy|Comedy,Family,5.949,814,3.68530137,8.7307,en,"When alien invaders capture Earth's superheroes, their kids must learn to work together to save their parents - and the planet.",6,movie_615677_Netflix,movie_615677,1,TRUE
814338,Lady Chatterley's Lover,movie,Netflix,8,2022,2022-11-22,"[18, 10749]",Drama|Romance,Drama,6.7,515,3.399507389,9.477,en,"After a crippling injury leaves her husband impotent, Lady Chatterly is torn between her love for her husband and her physical desires. With her husband's consent, she seeks out other means of fulfilling her needs.",6,movie_814338_Netflix,movie_814338,1,TRUE
799876,The Outfit,movie,Netflix,8,2022,2022-02-25,"[80, 18, 53, 9648]",Crime|Drama|Thriller|Mystery,Crime,7.082,1346,5.163798483,4.5751,en,"Leonard is an English tailor who used to craft suits on London’s world-famous Savile Row. After a personal tragedy, he’s ended up in Chicago, operating a small tailor shop in a rough part of town where he makes beautiful clothes for the only people around who can afford them: a family of vicious gangsters.",7,movie_799876_Netflix,movie_799876,1,TRUE
27578,The Expendables,movie,Netflix,8,2010,2010-08-07,"[53, 12, 28]",Thriller|Adventure|Action,Thriller,6.251,8263,5.89432991,9.551,en,"Barney Ross leads a band of highly skilled mercenaries including knife enthusiast Lee Christmas, a martial arts expert Yin Yang, heavy weapons specialist Hale Caesar, demolitionist Toll Road, and a loose-cannon sniper Gunner Jensen. When the group is commissioned by the mysterious Mr. Church to assassinate the dictator of a small South American island, Barney and Lee visit the remote locale to scout out their opposition and discover the true nature of the conflict engulfing the city.",7,movie_27578_Netflix,movie_27578,1,TRUE
1117857,In Your Dreams,movie,Netflix,8,2025,2025-11-07,"[12, 16, 35, 10751, 14]",Adventure|Animation|Comedy|Family|Fantasy,Adventure,6.972,215,2.096475524,7.8335,en,Stevie and her little brother Elliot journey into the wildly absurd landscape of their own dreams to ask the Sandman to grant them the perfect family.,7,movie_1117857_Netflix,movie_1117857,1,TRUE
613504,After We Collided,movie,Netflix,8,2020,2020-09-02,"[18, 10749]",Drama|Romance,Drama,7.155,5456,6.554345198,8.7225,en,Tessa finds herself struggling with her complicated relationship with Hardin; she faces a dilemma that could change their lives forever.,7,movie_613504_Netflix,movie_613504,2,FALSE
545609,Extraction,movie,Netflix,8,2020,2020-04-23,"[28, 53]",Action|Thriller,Action,7.292,6585,6.777391673,8.6562,en,A hardened gun-for-hire's latest mission becomes a soul-searching race to survive when he's sent into Bangladesh to rescue a drug lord's kidnapped son.,7,movie_545609_Netflix,movie_545609,1,TRUE
629542,The Bad Guys,movie,Netflix,8,2022,2022-03-17,"[28, 16, 35, 80, 10751]",Action|Animation|Comedy|Crime|Family,Action,7.526,2538,6.287356155,9.4547,en,"When the Bad Guys, a crew of criminal animals, are finally caught after years of heists and being the world’s most-wanted villains, Mr. Wolf brokers a deal to save them all from prison.",7,movie_629542_Netflix,movie_629542,1,TRUE
661374,Glass Onion: A Knives Out Mystery,movie,Netflix,8,2022,2022-11-23,"[35, 80, 9648]",Comedy|Crime|Mystery,Comedy,7,6784,6.519494783,8.6345,en,World-famous detective Benoit Blanc heads to Greece to peel back the layers of a mystery surrounding a tech billionaire and his eclectic crew of friends.,7,movie_661374_Netflix,movie_661374,1,TRUE
620,Ghostbusters,movie,Netflix,8,1984,1984-06-08,"[35, 14]",Comedy|Fantasy,Comedy,7.495,9713,7.128065701,8.4428,en,"After losing their university jobs, three parapsychologists start a ghost-catching business in New York City and uncover a supernatural threat that could destroy the world.",7,movie_620_Netflix,movie_620,1,TRUE
697843,Extraction 2,movie,Netflix,8,2023,2023-06-09,"[28, 53, 80]",Action|Thriller|Crime,Action,7.4,2878,6.304677324,7.9791,en,"Back from the brink of death, highly skilled commando Tyler Rake takes on another dangerous mission: saving the imprisoned family of a ruthless gangster.",7,movie_697843_Netflix,movie_697843,1,TRUE
1631917,18th Rose,movie,Netflix,8,2026,2026-04-09,"[18, 10749, 35]",Drama|Romance|Comedy,Drama,7.139,18,0.248073359,8.364,tl,"A spirited teen dreaming of the perfect debut makes a deal with a lonely newcomer, but unexpected feelings and revelations may shatter their plans.",7,movie_1631917_Netflix,movie_1631917,1,TRUE
49046,All Quiet on the Western Front,movie,Netflix,8,2022,2022-10-07,"[10752, 18]",War|Drama,War,7.7,4640,6.950972763,8.2516,de,"Paul Baumer and his friends Albert and Muller, egged on by romantic dreams of heroism, voluntarily enlist in the German army. Full of excitement and patriotic fervour, the boys enthusiastically march into a war they believe in. But once on the Western Front, they discover the soul-destroying horror of World War I.",7,movie_49046_Netflix,movie_49046,1,TRUE
524,Casino,movie,Netflix,8,1995,1995-11-22,"[80, 18]",Crime|Drama,Crime,7.996,6512,7.425834569,8.238,en,"In Las Vegas, two best friends--a casino executive and a Mafia enforcer--compete for a gambling empire and a fast-living, fast-loving socialite.",7,movie_524_Netflix,movie_524,1,TRUE
1678844,The Bus: A French Football Mutiny,movie,Netflix,8,2026,2026-05-13,[99],Documentary,Documentary,8.1,8,0.127559055,8.233,en,This documentary revisits the French football team's controversial 2010 World Cup and the bus strike that sparked global headlines and national outrage.,7,movie_1678844_Netflix,movie_1678844,1,TRUE
1267319,Mantis,movie,Netflix,8,2025,2025-09-25,"[28, 80, 53]",Action|Crime|Thriller,Action,6.4,163,1.573453997,8.4054,ko,"The secret society of contract killers falls into chaos, unleashing a new breed of assassins. With old rules in ruins, who dares claim the shadows?",7,movie_1267319_Netflix,movie_1267319,1,TRUE
50546,Just Go with It,movie,Netflix,8,2011,2011-02-10,"[35, 10749]",Comedy|Romance,Comedy,6.704,6096,6.19581322,8.0617,en,"While romancing Palmer, a much younger schoolteacher, plastic surgeon Danny Maccabee enlists his loyal assistant Katherine to pretend to be his soon to be ex-wife, in order to cover up a careless lie. When more lies backfire, Katherine's kids become involved, and everyone heads off for a weekend in Hawaii that will change all their lives.",7,movie_50546_Netflix,movie_50546,1,TRUE
137106,The Lego Movie,movie,Netflix,8,2014,2014-02-06,"[16, 10751, 12, 35, 14]",Animation|Family|Adventure|Comedy|Fantasy,Animation,7.423,8441,7.007889833,8.2047,en,"An ordinary Lego mini-figure, mistakenly thought to be the extraordinary MasterBuilder, is recruited to join a quest to stop an evil Lego tyrant from conquering the universe.",7,movie_137106_Netflix,movie_137106,1,TRUE
670292,The Creator,movie,Netflix,8,2023,2023-09-27,"[878, 28, 12]",Science Fiction|Action|Adventure,Science Fiction,7.011,3804,6.196525093,7.9616,en,"Amid a future war between the human race and the forces of artificial intelligence, a hardened ex-special forces agent grieving the disappearance of his wife, is recruited to hunt down and kill the Creator, the elusive architect of advanced AI who has developed a mysterious weapon with the power to end the war—and mankind itself.",7,movie_670292_Netflix,movie_670292,1,TRUE
614696,#Alive,movie,Netflix,8,2020,2020-06-24,"[28, 27, 878]",Action|Horror|Science Fiction,Action,7.21,2031,5.785661794,8.508,ko,"As a grisly virus rampages a city, a lone man stays locked inside his apartment, digitally cut off from seeking help and desperate to find a way out.",7,movie_614696_Netflix,movie_614696,1,TRUE
454983,The Kissing Booth,movie,Netflix,8,2018,2018-05-11,"[10749, 35]",Romance|Comedy,Romance,7.163,7440,6.711929471,7.911,en,"When teenager Elle's first kiss leads to a forbidden romance with the hottest boy in high school, she risks her relationship with her best friend.",7,movie_454983_Netflix,movie_454983,1,TRUE
19908,Zombieland,movie,Netflix,8,2009,2009-10-02,"[35, 27]",Comedy|Horror,Comedy,7.3,13129,7.032188715,8.8308,en,"Columbus has made a habit of running from what scares him. Tallahassee doesn't have fears. If he did, he'd kick their ever-living ass. In a world overrun by zombies, these two are perfectly evolved survivors. But now, they're about to stare down the most terrifying prospect of all: each other.",7,movie_19908_Netflix,movie_19908,1,TRUE
777443,The Electric State,movie,Netflix,8,2025,2025-03-07,"[878, 12, 28]",Science Fiction|Adventure|Action,Science Fiction,6.487,1639,4.970637214,8.1022,en,"An orphaned teen hits the road with a mysterious robot to find her long-lost brother, teaming up with a smuggler and his wisecracking sidekick.",8,movie_777443_Netflix,movie_777443,1,TRUE
50546,Just Go with It,movie,Netflix,8,2011,2011-02-10,"[35, 10749]",Comedy|Romance,Comedy,6.705,6097,6.196814461,8.0617,en,"While romancing Palmer, a much younger schoolteacher, plastic surgeon Danny Maccabee enlists his loyal assistant Katherine to pretend to be his soon to be ex-wife, in order to cover up a careless lie. When more lies backfire, Katherine's kids become involved, and everyone heads off for a weekend in Hawaii that will change all their lives.",8,movie_50546_Netflix,movie_50546,1,TRUE
353486,Jumanji: Welcome to the Jungle,movie,Netflix,8,2017,2017-12-09,"[12, 35, 14, 28]",Adventure|Comedy|Fantasy|Action,Adventure,6.818,14445,6.589896956,8.021,en,"Four teenagers in detention discover an old video game console with a game they’ve never heard of. When they decide to play, they are immediately sucked into the jungle world of Jumanji in the bodies of their avatars. They’ll have to complete the adventure of their lives filled with fun, thrills and danger or be stuck in the game forever!",8,movie_353486_Netflix,movie_353486,1,TRUE
697843,Extraction 2,movie,Netflix,8,2023,2023-06-09,"[28, 53, 80]",Action|Thriller|Crime,Action,7.382,2879,6.28966499,7.9791,en,"Back from the brink of death, highly skilled commando Tyler Rake takes on another dangerous mission: saving the imprisoned family of a ruthless gangster.",8,movie_697843_Netflix,movie_697843,1,TRUE
670292,The Creator,movie,Netflix,8,2023,2023-09-27,"[878, 28, 12]",Science Fiction|Action|Adventure,Science Fiction,7.011,3804,6.196525093,7.9616,en,"Amid a future war between the human race and the forces of artificial intelligence, a hardened ex-special forces agent grieving the disappearance of his wife, is recruited to hunt down and kill the Creator, the elusive architect of advanced AI who has developed a mysterious weapon with the power to end the war—and mankind itself.",8,movie_670292_Netflix,movie_670292,1,TRUE
533514,Violet Evergarden: The Movie,movie,Netflix,8,2020,2020-09-18,"[16, 18, 14, 10749]",Animation|Drama|Fantasy|Romance,Animation,8.292,506,4.170727634,7.9522,ja,"As the world moves on from the war and technological advances bring changes to her life, Violet still hopes to see her lost commanding officer again.",8,movie_533514_Netflix,movie_533514,1,TRUE
454983,The Kissing Booth,movie,Netflix,8,2018,2018-05-11,"[10749, 35]",Romance|Comedy,Romance,7.163,7440,6.711929471,7.911,en,"When teenager Elle's first kiss leads to a forbidden romance with the hottest boy in high school, she risks her relationship with her best friend.",8,movie_454983_Netflix,movie_454983,1,TRUE
497582,Enola Holmes,movie,Netflix,8,2020,2020-09-23,"[12, 9648, 80]",Adventure|Mystery|Crime,Adventure,7.227,6535,6.713353945,7.8453,en,"While searching for her missing mother, intrepid teen Enola Holmes uses her sleuthing skills to outsmart big brother Sherlock and help a runaway lord.",8,movie_497582_Netflix,movie_497582,1,TRUE
1117857,In Your Dreams,movie,Netflix,8,2025,2025-11-07,"[12, 16, 35, 10751, 14]",Adventure|Animation|Comedy|Family|Fantasy,Adventure,6.972,215,2.096475524,7.8335,en,Stevie and her little brother Elliot journey into the wildly absurd landscape of their own dreams to ask the Sandman to grant them the perfect family.,8,movie_1117857_Netflix,movie_1117857,1,TRUE
138103,The Expendables 3,movie,Netflix,8,2014,2014-08-07,"[28, 12, 53]",Action|Adventure|Thriller,Action,6.2,5323,5.66762837,7.8057,en,"Barney, Christmas and the rest of the team comes face-to-face with Conrad Stonebanks, who years ago co-founded The Expendables with Barney. Stonebanks subsequently became a ruthless arms trader and someone who Barney was forced to kill… or so he thought. Stonebanks, who eluded death once before, now is making it his mission to end The Expendables -- but Barney has other plans. Barney decides that he has to fight old blood with new blood, and brings in a new era of Expendables team members, recruiting individuals who are younger, faster and more tech-savvy. The latest mission becomes a clash of classic old-school style versus high-tech expertise in the Expendables’ most personal battle yet.",8,movie_138103_Netflix,movie_138103,1,TRUE
9804,Waterworld,movie,Netflix,8,1995,1995-07-28,"[12, 28, 878]",Adventure|Action|Science Fiction,Adventure,6.228,4063,5.545554241,7.7096,en,"In a futuristic world where the polar ice caps have melted and made Earth a liquid planet, a beautiful barmaid rescues a mutant seafarer from a floating island prison. They escape, along with her young charge, Enola, and sail off aboard his ship. But the trio soon becomes the target of a menacing pirate who covets the map to 'Dryland'—which is tattooed on Enola's back.",8,movie_9804_Netflix,movie_9804,1,TRUE
639933,The Northman,movie,Netflix,8,2022,2022-04-07,"[28, 12, 14]",Action|Adventure|Fantasy,Action,7.031,5014,6.393441059,7.6453,en,"Prince Amleth is on the verge of becoming a man when his father is brutally murdered by his uncle, who kidnaps the boy's mother. Two decades later, Amleth is now a Viking who's on a mission to save his mother, kill his uncle and avenge his father.",8,movie_639933_Netflix,movie_639933,1,TRUE
159824,Hotel Transylvania 2,movie,Netflix,8,2015,2015-09-21,"[16, 35, 10751, 14]",Animation|Comedy|Family|Fantasy,Animation,6.763,6112,6.251581367,7.5575,en,"When the old-old-old-fashioned vampire Vlad arrives at the hotel for an impromptu family get-together, Hotel Transylvania is in for a collision of supernatural old-school and modern day cool.",8,movie_159824_Netflix,movie_159824,1,TRUE
76163,The Expendables 2,movie,Netflix,8,2012,2012-08-08,"[28, 12, 53]",Action|Adventure|Thriller,Action,6.4,7159,5.982190887,7.4725,en,"Mr. Church reunites the Expendables for what should be an easy paycheck, but when one of their men is murdered on the job, their quest for revenge puts them deep in enemy territory and up against an unexpected threat.",8,movie_76163_Netflix,movie_76163,1,TRUE
1008953,Incoming,movie,Netflix,8,2024,2024-08-22,[35],Comedy,Comedy,6.245,353,2.584390387,7.467,en,Their first week of high school. The biggest party of the year. Mistakes will be made as four teenage boys navigate a night of mayhem and debauchery.,8,movie_1008953_Netflix,movie_1008953,1,TRUE
449443,Den of Thieves,movie,Netflix,8,2018,2018-01-18,"[80, 53, 28]",Crime|Thriller|Action,Crime,6.9,3387,6.012426036,7.4576,en,A gritty crime saga which follows the lives of an elite unit of the LA County Sheriff's Dept. and the state's most successful bank robbery crew as the outlaws plan a seemingly impossible heist on the Federal Reserve Bank.,8,movie_449443_Netflix,movie_449443,1,TRUE
522627,The Gentlemen,movie,Netflix,8,2020,2020-01-01,"[35, 80, 28]",Comedy|Crime|Action,Comedy,7.663,6572,7.121215498,7.4336,en,"American expat Mickey Pearson has built a highly profitable marijuana empire in London. When word gets out that he’s looking to cash out of the business forever it triggers plots, schemes, bribery and blackmail in an attempt to steal his domain out from under him.",8,movie_522627_Netflix,movie_522627,1,TRUE
501929,The Mitchells vs. the Machines,movie,Netflix,8,2021,2021-04-22,"[16, 12, 35]",Animation|Adventure|Comedy,Animation,7.849,3340,6.826994792,7.4161,en,"A quirky, dysfunctional family's road trip is upended when they find themselves in the middle of the robot apocalypse and suddenly become humanity's unlikeliest last hope.",8,movie_501929_Netflix,movie_501929,1,TRUE
604685,Den of Thieves 2: Pantera,movie,Netflix,8,2025,2025-01-08,"[28, 80, 53]",Action|Crime|Thriller,Action,6.6,786,4.033903577,7.4117,en,"Big Nick is back on the hunt in Europe and closing in on Donnie, who is embroiled in the treacherous and unpredictable world of diamond thieves and the infamous Panther mafia, as they plot a massive heist of the world's largest diamond exchange.",8,movie_604685_Netflix,movie_604685,1,TRUE
1072699,Inside Furioza,movie,Netflix,8,2025,2025-10-14,"[28, 80, 53]",Action|Crime|Thriller,Action,6.559,94,1.037956229,7.3102,pl,"In the wake of murder, new Furioza leader Golden claims the reins of his violent and formidable hooligan gang and takes on a new focus across borders.",8,movie_1072699_Netflix,movie_1072699,1,TRUE
812225,Black Clover: Sword of the Wizard King,movie,Netflix,8,2023,2023-06-16,"[16, 14, 28, 12]",Animation|Fantasy|Action|Adventure,Animation,8.076,376,3.466410959,7.2955,ja,"As a lionhearted boy who can't wield magic strives for the title of Wizard King, four banished Wizard Kings of yore return to crush the Clover Kingdom.",9,movie_812225_Netflix,movie_812225,1,TRUE
1232546,Until Dawn,movie,Netflix,8,2025,2025-04-23,"[27, 9648]",Horror|Mystery,Horror,6.277,1388,4.614658898,7.265,en,"One year after her sister Melanie mysteriously disappeared, Clover and her friends head into the remote valley where she vanished in search of answers. Exploring an abandoned visitor center, they find themselves stalked by a masked killer and horrifically murdered one by one...only to wake up and find themselves back at the beginning of the same evening.",9,movie_1232546_Netflix,movie_1232546,1,TRUE
2108,The Breakfast Club,movie,Netflix,8,1985,1985-02-15,"[35, 18]",Comedy|Drama,Comedy,7.723,8515,7.294658347,7.2612,en,"Five high school students from different walks of life endure a Saturday detention under a power-hungry principal. The disparate group includes rebel John, princess Claire, outcast Allison, brainy Brian and Andrew, the jock. Each has a chance to tell his or her story, making the others see them a little differently -- and when the day ends, they question whether school will ever be the same.",9,movie_2108_Netflix,movie_2108,1,TRUE
10501,The Road to El Dorado,movie,Netflix,8,2000,2000-03-31,"[10751, 12, 16, 35, 14]",Family|Adventure|Animation|Comedy|Fantasy,Family,7.256,4028,6.454763251,7.255,en,"Stowing away after a failed con, a pair of swindlers end up on El Dorado, the fabled ""city of gold"", where they quickly get in over their heads when they are mistaken as gods by the inhabitants.",9,movie_10501_Netflix,movie_10501,1,TRUE
423204,Angel Has Fallen,movie,Netflix,8,2019,2019-08-21,"[28, 53]",Action|Thriller,Action,6.601,3865,5.844871707,7.2533,en,"After a treacherous attack, Secret Service agent Mike Banning is charged with attempting to assassinate President Trumbull. Chased by his own colleagues and the FBI, Banning begins a race against the clock to clear his name.",9,movie_423204_Netflix,movie_423204,1,TRUE
324852,Despicable Me 3,movie,Netflix,8,2017,2017-06-15,"[28, 16, 35, 10751, 12]",Action|Animation|Comedy|Family|Adventure,Action,6.467,7618,6.068687608,7.2126,en,Gru and his wife Lucy must stop former '80s child star Balthazar Bratt from achieving world domination.,9,movie_324852_Netflix,movie_324852,1,TRUE
1426776,STRAW,movie,Netflix,8,2025,2025-06-05,"[53, 18, 80]",Thriller|Drama|Crime,Thriller,7.712,946,5.045333333,7.2008,en,What will be her last straw? A devastatingly bad day pushes a hardworking single mother to the breaking point — and into a shocking act of desperation.,9,movie_1426776_Netflix,movie_1426776,1,TRUE
1159311,My Hero Academia: You're Next,movie,Netflix,8,2024,2024-08-02,"[16, 28, 12, 878]",Animation|Action|Adventure|Science Fiction,Animation,7.222,212,2.150370787,7.1386,ja,"In a society devastated by the effects of an all-out war between heroes and villains, a mysterious giant fortress suddenly appears, engulfing towns and people one after another. Then, a man reminiscent of All Might, the 'symbol of peace', stands in front of Izuku and his friends...",9,movie_1159311_Netflix,movie_1159311,1,TRUE
760741,Beast,movie,Netflix,8,2022,2022-08-11,"[28, 12, 27, 53]",Action|Adventure|Horror|Thriller,Action,6.6,1740,5.126785714,7.1329,en,"A recently widowed man and his two teenage daughters travel to a game reserve in South Africa. However, their journey of healing soon turns into a fight for survival when a bloodthirsty lion starts to stalk them.",9,movie_760741_Netflix,movie_760741,1,TRUE
181533,Night at the Museum: Secret of the Tomb,movie,Netflix,8,2014,2014-12-17,"[12, 35, 14, 10751]",Adventure|Comedy|Fantasy|Family,Adventure,6.221,6209,5.757369056,7.118,en,"When the magic powers of The Tablet of Ahkmenrah begin to die out, Larry Daley spans the globe, uniting favorite and new characters while embarking on an epic quest to save the magic before it is gone forever.",9,movie_181533_Netflix,movie_181533,2,FALSE
246403,Tusk,movie,Netflix,8,2014,2014-09-19,"[35, 27]",Comedy|Horror,Comedy,5.52,1597,4.203834049,7.1127,en,"When his best friend and podcast co-host goes missing in the backwoods of Canada, a young guy joins forces with his friend's girlfriend to search for him.",9,movie_246403_Netflix,movie_246403,1,TRUE
1367575,A Line of Fire,movie,Netflix,8,2025,2025-04-05,"[28, 53]",Action|Thriller,Action,5.842,79,0.797094991,7.0987,en,"After working as a secret agent in the FBI for ten years, Jack 'Cash' Conry left it all behind after his wife passed in order to dedicate himself to his two daughters. Despite a fulfilling life at home, Cash misses the chance to make an impact and has been considering a return to the force. The decision is made for him when his old partner’s niece Jamie calls him for help, launching Cash right back into a world of danger, corruption and intrigue.",9,movie_1367575_Netflix,movie_1367575,1,TRUE
1356039,Counterattack,movie,Netflix,8,2025,2025-02-27,"[28, 12, 53]",Action|Adventure|Thriller,Action,8.231,810,5.089396947,7.0869,es,"When a hostage rescue mission creates a new enemy, Capt. Guerrero and his elite soldiers must face an ambush by a criminal group.",9,movie_1356039_Netflix,movie_1356039,1,TRUE
725201,The Gray Man,movie,Netflix,8,2022,2022-07-13,"[28, 53]",Action|Thriller,Action,6.902,4205,6.168524973,7.0734,en,"When a shadowy CIA agent uncovers damning agency secrets, he's hunted across the globe by a sociopathic rogue operative who's put a bounty on his head.",9,movie_725201_Netflix,movie_725201,1,TRUE
4347,Atonement,movie,Netflix,8,2007,2007-02-27,"[18, 10749]",Drama|Romance,Drama,7.635,4683,6.898457457,7.0486,en,A young girl irrevocably changes the course of several lives when she accuses her older sister's lover of a crime he did not commit.,9,movie_4347_Netflix,movie_4347,1,TRUE
1571470,The Rats: A Witcher Tale,movie,Netflix,8,2025,2025-10-29,"[14, 18, 12]",Fantasy|Drama|Adventure,Fantasy,5.424,152,1.264490798,7.0438,en,"To pull off a daring heist, a gang of six misfit outlaws will have to do something they've never done before: trust each other — and a washed-up Witcher.",9,movie_1571470_Netflix,movie_1571470,1,TRUE
1173558,Burning Betrayal,movie,Netflix,8,2023,2023-10-25,"[18, 9648, 10749]",Drama|Mystery|Romance,Drama,6.225,240,2.018918919,7.0304,pt,"Babi discovers a betrayal by her long-term partner and decides to embark on a new adventure in life. On this journey, she meets judge Marco and they begin to live a story permeated by a lot of sexual tension.",9,movie_1173558_Netflix,movie_1173558,1,TRUE
969492,Land of Bad,movie,Netflix,8,2024,2024-02-09,"[28, 10752, 53]",Action|War|Thriller,Action,7.251,1466,5.406900305,6.9998,en,"When a Delta Force special ops mission goes terribly wrong, Air Force drone pilot Reaper has 48 hours to remedy what has devolved into a wild rescue operation. With no weapons and no communication other than the drone above, the ground mission suddenly becomes a full-scale battle when the team is discovered by the enemy.",9,movie_969492_Netflix,movie_969492,1,TRUE
1241983,Train Dreams,movie,Netflix,8,2025,2025-11-05,[18],Drama,Drama,7.314,980,4.843054054,6.9865,en,A logger leads a life of quiet grace as he experiences love and loss during an era of monumental change in early 20th-century America.,9,movie_1241983_Netflix,movie_1241983,1,TRUE
820067,The Quintessential Quintuplets Movie,movie,Netflix,8,2022,2022-05-20,"[16, 35, 10749]",Animation|Comedy|Romance,Animation,8.279,439,3.870586794,6.9645,ja,"When five lovely young girls who hate studying hire part-time tutor Futaro, he guides not only their education but also their hearts. Time spent has brought them all closer, with feelings growing within the girls and Futaro. As they finish their third year of high school and their last school festival approaches, they set their sights on what’s next. Is there a future with one of them and Futaro?",9,movie_820067_Netflix,movie_820067,1,TRUE
1355666,Love Untangled,movie,Netflix,8,2025,2025-08-28,"[10749, 18, 35]",Romance|Drama|Comedy,Romance,8.3,197,2.345911047,6.9469,ko,A lovestruck teen plans to win the school heartthrob by going from curly to straight hair — until a new transfer student changes everything.,10,movie_1355666_Netflix,movie_1355666,1,TRUE
341174,Fifty Shades Darker,movie,Netflix,8,2017,2017-02-08,"[18, 10749]",Drama|Romance,Drama,6.472,7925,6.087905045,6.937,en,"When a wounded Christian Grey tries to entice a cautious Ana Steele back into his life, she demands a new arrangement before she will give him another chance. As the two begin to build trust and find stability, shadowy figures from Christian’s past start to circle the couple, determined to destroy their hopes for a future together.",10,movie_341174_Netflix,movie_341174,1,TRUE
6557,27 Dresses,movie,Netflix,8,2008,2008-01-10,"[35, 10749]",Comedy|Romance,Comedy,6.453,3407,5.627174558,6.8904,en,Altruistic Jane finds herself facing her worst nightmare as her younger sister announces her engagement to the man Jane secretly adores.,10,movie_6557_Netflix,movie_6557,1,TRUE
1299655,Blue Moon,movie,Netflix,8,2025,2025-10-17,"[10402, 36, 18, 35]",Music|History|Drama|Comedy,Music,6.659,267,2.318061278,6.8724,en,"On the evening of March 31, 1943, legendary lyricist Lorenz Hart confronts his shattered self-confidence in Sardi’s bar as his former collaborator, Richard Rodgers, celebrates the opening night of his ground-breaking hit musical, “Oklahoma!”",10,movie_1299655_Netflix,movie_1299655,1,TRUE
136799,Trolls,movie,Netflix,8,2016,2016-10-13,"[10751, 16, 14, 12, 35, 10402]",Family|Animation|Fantasy|Adventure|Comedy|Music,Family,6.628,3813,5.859625319,6.8525,en,"After the monstrous Bergens invade Troll Village, Princess Poppy, the happiest Troll ever born, and overly-cautious, curmudgeonly outcast Branch set off on a journey to rescue her friends. Their mission is full of adventure and mishaps, as this mismatched duo try to tolerate each other long enough to get the job done.",10,movie_136799_Netflix,movie_136799,1,TRUE
693,Meet the Fockers,movie,Netflix,8,2004,2004-12-22,"[35, 10749]",Comedy|Romance,Comedy,6.253,5147,5.699343191,6.8352,en,"Hard-to-crack ex-CIA man Jack Byrnes and his wife Dina head for the warmer climes of Florida to meet the parents of their son-in-law-to-be, Greg Focker. Unlike their happily matched offspring, the future in-laws find themselves in a situation of opposites that definitely do not attract.",10,movie_693_Netflix,movie_693,1,TRUE
1487320,The Giant Falls,movie,Netflix,8,2026,2026-04-01,[18],Drama,Drama,6.8,19,0.24894027,6.8127,es,"Follows Boris, a charismatic tour guide who unexpectedly reunites with his estranged father Julián. Their tense and emotional encounters explore past wounds and the possibility of forgiveness.",10,movie_1487320_Netflix,movie_1487320,1,TRUE
744276,After Ever Happy,movie,Netflix,8,2022,2022-08-24,"[10749, 18]",Romance|Drama,Romance,6.767,1365,4.952790885,6.7998,en,"As a shocking truth about a couple's families emerges, the two lovers discover they are not so different from each other. Tessa is no longer the sweet, simple, good girl she was when she met Hardin — any more than he is the cruel, moody boy she fell so hard for.",10,movie_744276_Netflix,movie_744276,1,TRUE
1576369,Bharathanatyam 2 Mohiniyattam,movie,Netflix,8,2026,2026-04-10,"[35, 53]",Comedy|Thriller,Comedy,7.8,3,0.046520875,6.7963,ml,"The family's journey to Sreekandapuram to settle the late Bharathan Nair's second wife and son takes a dark turn when an issue from his past resurfaces, leading to an unexpected crime. Forced into a desperate cover-up to protect their future, the family must navigate a treacherous path of secrecy and mounting pressure, determined to overcome any obstacle by any means necessary.",10,movie_1576369_Netflix,movie_1576369,1,TRUE
293863,The Age of Adaline,movie,Netflix,8,2015,2015-04-16,"[10749, 14, 18]",Romance|Fantasy|Drama,Romance,7.466,7079,6.973454809,6.7861,en,"After 29-year-old Adaline recovers from a nearly lethal accident, she inexplicably stops growing older. As the years stretch on and on, Adaline keeps her secret to herself  until she meets a man who changes her life.",10,movie_293863_Netflix,movie_293863,1,TRUE
1005331,Carry-On,movie,Netflix,8,2024,2024-12-05,"[53, 28]",Thriller|Action,Thriller,6.881,2727,5.814839479,6.7853,en,An airport security officer races to outsmart a mysterious traveler forcing him to let a dangerous item slip onto a Christmas Eve flight.,10,movie_1005331_Netflix,movie_1005331,1,TRUE
1042834,Eden,movie,Netflix,8,2025,2025-04-03,"[53, 18]",Thriller|Drama,Thriller,6.687,638,3.748950791,6.779,en,"A group of disillusioned outsiders abandon modern society in search of a new beginning. Settling on a remote, uninhabited island, their utopian dream quickly unravels as they discover that the greatest threat isn’t the brutal climate or deadly wildlife, but each other.",10,movie_1042834_Netflix,movie_1042834,1,TRUE
1263256,Happy Gilmore 2,movie,Netflix,8,2025,2025-07-25,[35],Comedy,Comedy,6.554,946,4.287748271,6.7296,en,"Happy Gilmore isn't done with golf — not by a long shot. Since his retirement after his first Tour Championship win, Gilmore returns to finance his daughter's ballet classes.",10,movie_1263256_Netflix,movie_1263256,1,TRUE
726209,Leave the World Behind,movie,Netflix,8,2023,2023-11-22,"[18, 9648, 53]",Drama|Mystery|Thriller,Drama,6.379,3208,5.518832794,6.6978,en,A family's getaway to a luxurious rental home takes an ominous turn when a cyberattack knocks out their devices—and two strangers appear at their door.,10,movie_726209_Netflix,movie_726209,1,TRUE
62835,Colombiana,movie,Netflix,8,2011,2011-07-27,"[28, 53, 80, 18]",Action|Thriller|Crime|Drama,Action,6.638,2856,5.64902503,6.6893,en,"After witnessing her parents’ murder as a child in Bogota, Cataleya Restrepo grows up to be a stone-cold assassin. She works for her uncle as a hitman by day, but her personal time is spent engaging in vigilante murders that she hopes will lead her to her ultimate target: the mobster responsible for her parents' death.",10,movie_62835_Netflix,movie_62835,1,TRUE
1014505,OVERLORD: The Sacred Kingdom,movie,Netflix,8,2024,2024-09-20,"[28, 12, 16, 14]",Action|Adventure|Animation|Fantasy,Action,7.839,180,2.075029412,6.6656,ja,"Facing possible annihilation by the Demon Emperor's demi-human army, the Sacred Kingdom reluctantly seeks aid from the feared, undead Sorcerer King Ainz.",10,movie_1014505_Netflix,movie_1014505,1,TRUE
405774,Bird Box,movie,Netflix,8,2018,2018-12-13,"[27, 53, 18]",Horror|Thriller|Drama,Horror,6.825,10545,6.516036668,6.6181,en,"Five years after an ominous unseen presence drives most of society to suicide, a survivor and her two children make a desperate bid to reach safety.",10,movie_405774_Netflix,movie_405774,1,TRUE
9339,Click,movie,Netflix,8,2006,2006-06-23,"[35, 18, 14]",Comedy|Drama|Fantasy,Comedy,6.306,7541,5.913884591,6.6042,en,"A married workaholic, Michael Newman doesn't have time for his wife and children, not if he's to impress his ungrateful boss and earn a well-deserved promotion. So when he meets Morty, a loopy sales clerk, he gets the answer to his prayers: a magical remote that allows him to bypass life's little distractions with increasingly hysterical results.",10,movie_9339_Netflix,movie_9339,1,TRUE
512195,Red Notice,movie,Netflix,8,2021,2021-11-04,"[28, 35, 80]",Action|Comedy|Crime,Action,6.734,6407,6.246523527,6.5974,en,"An Interpol-issued Red Notice is a global alert to hunt and capture the world's most wanted. But when a daring heist brings together the FBI's top profiler and two rival criminals, there's no telling what will happen.",10,movie_512195_Netflix,movie_512195,1,TRUE
10096,13 Going on 30,movie,Netflix,8,2004,2004-04-13,"[35, 14, 10749]",Comedy|Fantasy|Romance,Comedy,6.772,5523,6.209821684,6.5942,en,"After total humiliation at her thirteenth birthday party, Jenna Rink wants to just hide until she's thirty. Thanks to some magic wishing dust, Jenna's prayer has been answered. With a knockout body, a fabulous wardrobe, an athlete boyfriend, a dream job, and superstar friends, this can't be a better life. But soon Jenna realizes that adult life isn’t as easy as she hoped for.",10,movie_10096_Netflix,movie_10096,1,TRUE
1416,Grey's Anatomy,tv,Netflix,8,2005,2005-03-27,[18],Drama,Drama,8.208,10890,7.847683933,228.5729,en,Follows the personal and professional lives of a group of doctors at Seattle's Grey Sloan Memorial Hospital.,1,tv_1416_Netflix,tv_1416,2,FALSE
4614,NCIS,tv,Netflix,8,2003,2003-09-23,"[80, 18, 10759]",Crime|Drama|Action & Adventure,Crime,7.613,2493,6.341199131,197.1984,en,"From murder and espionage to terrorism and stolen submarines, a team of special agents investigates any crime that has any connection to Navy and Marine Corps personnel, regardless of rank or position.",1,tv_4614_Netflix,tv_4614,2,FALSE
34307,Shameless,tv,Netflix,8,2011,2011-01-09,"[18, 35]",Drama|Comedy,Drama,8.16,3304,7.087444795,156.7925,en,"Chicagoan Frank Gallagher is the proud single dad of six smart, industrious, independent kids, who without him would be... perhaps better off. When Frank's not at the bar spending what little money they have, he's passed out on the floor. But the kids have found ways to grow up in spite of him. They may not be like any family you know, but they make no apologies for being exactly who they are.",1,tv_34307_Netflix,tv_34307,1,TRUE
66732,Stranger Things,tv,Netflix,8,2016,2016-07-15,"[10759, 9648, 10765]",Action & Adventure|Mystery|Sci-Fi & Fantasy,Action & Adventure,8.568,21132,8.369960059,139.1523,en,"When a young boy vanishes, a small town uncovers a mystery involving secret experiments, terrifying supernatural forces, and one strange little girl.",1,tv_66732_Netflix,tv_66732,1,TRUE
1396,Breaking Bad,tv,Netflix,8,2008,2008-01-20,"[18, 80]",Drama|Crime,Drama,8.943,17708,8.697421134,125.2779,en,"Walter White, a New Mexico chemistry teacher, is diagnosed with Stage III cancer and given a prognosis of only two years left to live. He becomes filled with a sense of fearlessness and an unrelenting desire to secure his family's financial future at any cost as he enters the dangerous world of drugs and crime.",1,tv_1396_Netflix,tv_1396,1,TRUE
46952,The Blacklist,tv,Netflix,8,2013,2013-09-23,"[18, 80, 9648]",Drama|Crime|Mystery,Drama,7.633,3557,6.692280256,122.4658,en,"Raymond ""Red"" Reddington, one of the FBI's most wanted fugitives, surrenders in person at FBI Headquarters in Washington, D.C. He claims that he and the FBI have the same interests: bringing down dangerous criminals and terrorists. In the last two decades, he's made a list of criminals and terrorists that matter the most but the FBI cannot find because it does not know they exist. Reddington calls this ""The Blacklist"". Reddington will co-operate, but insists that he will speak only to Elizabeth Keen, a rookie FBI profiler.",1,tv_46952_Netflix,tv_46952,1,TRUE
56570,Outlander,tv,Netflix,8,2014,2014-08-09,"[18, 10765]",Drama|Sci-Fi & Fantasy,Drama,8.2,2843,6.973556686,113.6112,en,"The story of Claire Randall, a married combat nurse from 1945 who is mysteriously swept back in time to 1743, where she is immediately thrown into an unknown world where her life is threatened. When she is forced to marry Jamie, a chivalrous and romantic young Scottish warrior, a passionate affair is ignited that tears Claire's heart between two vastly different men in two irreconcilable lives.",1,tv_56570_Netflix,tv_56570,1,TRUE
37680,Suits,tv,Netflix,8,2011,2011-06-23,[18],Drama,Drama,8.215,5671,7.549386647,112.678,en,"While running from a drug deal gone bad, Mike Ross, a brilliant young college-dropout, slips into a job interview with one of New York City's best legal closers, Harvey Specter. Tired of cookie-cutter law school grads, Harvey takes a gamble by hiring Mike on the spot after he recognizes his raw talent and photographic memory.",1,tv_37680_Netflix,tv_37680,2,FALSE
60574,Peaky Blinders,tv,Netflix,8,2013,2013-09-12,"[18, 80]",Drama|Crime,Drama,8.527,11053,8.157961655,110.4711,en,"A gangster family epic set in 1919 Birmingham, England and centered on a gang who sew razor blades in the peaks of their caps, and their fierce boss Tommy Shelby, who means to move up in the world.",1,tv_60574_Netflix,tv_60574,1,TRUE
1402,The Walking Dead,tv,Netflix,8,2010,2010-10-31,"[10759, 18, 10765]",Action & Adventure|Drama|Sci-Fi & Fantasy,Action & Adventure,8.083,17761,7.861681343,104.9951,en,Sheriff's deputy Rick Grimes awakens from a coma to find a post-apocalyptic world dominated by flesh-eating zombies. He sets out to find his family and encounters many other survivors along the way.,1,tv_1402_Netflix,tv_1402,1,TRUE
65334,Miraculous: Tales of Ladybug & Cat Noir,tv,Netflix,8,2015,2015-10-19,"[10759, 16, 10762]",Action & Adventure|Animation|Kids,Action & Adventure,8.053,4579,7.260225832,103.8754,fr,"Marinette and Adrien, two Parisian teenagers, are entrusted with powerful jewels in order to transform into superheroes Ladybug and Cat Noir. But neither hero knows the other's true identity — or that they're classmates!",1,tv_65334_Netflix,tv_65334,1,TRUE
95479,JUJUTSU KAISEN,tv,Netflix,8,2020,2020-10-03,"[16, 10759, 10765]",Animation|Action & Adventure|Sci-Fi & Fantasy,Animation,8.561,4403,7.687963084,100.6006,ja,"Yuji Itadori is a boy with tremendous physical strength, though he lives a completely ordinary high school life. One day, to save a classmate who has been attacked by curses, he eats the finger of Ryomen Sukuna, taking the curse into his own soul. From then on, he shares one body with Ryomen Sukuna. Guided by the most powerful of sorcerers, Satoru Gojo, Itadori is admitted to Tokyo Jujutsu High School, an organization that fights the curses... and thus begins the heroic tale of a boy who became a curse to exorcise a curse, a life from which he could never turn back.",1,tv_95479_Netflix,tv_95479,2,FALSE
4629,Stargate SG-1,tv,Netflix,8,1997,1997-07-27,"[10765, 10759]",Sci-Fi & Fantasy|Action & Adventure,Sci-Fi & Fantasy,8.272,1804,6.476861111,100.4969,en,"The story of Stargate SG-1 begins about a year after the events of the feature film, when the United States government learns that an ancient alien device called the Stargate can access a network of such devices on a multitude of planets. SG-1 is an elite Air Force special operations team, one of more than two dozen teams from Earth who explore the galaxy and defend against alien threats such as the Goa'uld, Replicators, and the Ori.",1,tv_4629_Netflix,tv_4629,2,FALSE
60735,The Flash,tv,Netflix,8,2014,2014-10-07,"[18, 10765]",Drama|Sci-Fi & Fantasy,Drama,7.758,11587,7.437076694,99.1451,en,"After being struck by lightning, CSI investigator Barry Allen awakens from a nine-month coma to discover he has been  granted the gift of super speed.  Teaming up with S.T.A.R. Labs, Barry takes on the persona of The Flash, the Fastest  Man Alive, to protect his city.",1,tv_60735_Netflix,tv_60735,1,TRUE
60572,Pokémon,tv,Netflix,8,1997,1997-04-01,"[16, 10759, 10765]",Animation|Action & Adventure|Sci-Fi & Fantasy,Animation,7.972,2163,6.475191889,94.9415,ja,"Join Ash accompanied by his partner Pikachu, as he travels through many regions, meets new friends and faces new challenges on his quest to become a Pokémon Master.",1,tv_60572_Netflix,tv_60572,2,FALSE
1407,Homeland,tv,Netflix,8,2011,2011-10-02,"[18, 10768, 80]",Drama|War & Politics|Crime,Drama,7.6,2561,6.358575629,92.2554,en,"CIA officer Carrie Mathison is tops in her field despite being bipolar, which makes her volatile and unpredictable. With the help of her long-time mentor Saul Berenson, Carrie fearlessly risks everything, including her personal well-being and even sanity, at every turn.",1,tv_1407_Netflix,tv_1407,2,FALSE
63174,Lucifer,tv,Netflix,8,2016,2016-01-25,"[80, 10765]",Crime|Sci-Fi & Fantasy,Crime,8.434,15432,8.169312578,91.2096,en,"Bored and unhappy as the Lord of Hell, Lucifer Morningstar abandoned his throne and retired to Los Angeles, where he has teamed up with LAPD detective Chloe Decker to take down criminals. But the longer he's away from the underworld, the greater the threat that the worst of humanity could escape.",1,tv_63174_Netflix,tv_63174,1,TRUE
44217,Vikings,tv,Netflix,8,2013,2013-03-03,"[10759, 18, 10768]",Action & Adventure|Drama|War & Politics,Action & Adventure,8.093,7600,7.593432099,86.0197,en,"The adventures of Ragnar Lothbrok, the greatest hero of his age. The series tells the sagas of Ragnar's band of Viking brothers and his family, as he rises to become King of the Viking tribes. As well as being a fearless warrior, Ragnar embodies the Norse traditions of devotion to the gods. Legend has it that he was a direct descendant of Odin, the god of war and warriors.",1,tv_44217_Netflix,tv_44217,1,TRUE
60059,Better Call Saul,tv,Netflix,8,2015,2015-02-08,"[80, 18]",Crime|Drama,Crime,8.706,6444,8.07912788,85.6542,en,"Six years before Saul Goodman meets Walter White. We meet him when the man who will become Saul Goodman is known as Jimmy McGill, a small-time lawyer searching for his destiny, and, more immediately, hustling to make ends meet. Working alongside, and, often, against Jimmy, is “fixer” Mike Ehrmantraut. The series tracks Jimmy’s transformation into Saul Goodman, the man who puts “criminal” in “criminal lawyer"".",1,tv_60059_Netflix,tv_60059,1,TRUE
71790,S.W.A.T.,tv,Netflix,8,2017,2017-11-02,"[80, 10759, 18]",Crime|Action & Adventure|Drama,Crime,8.05,1562,6.098011639,85.4693,en,"A Los Angeles S.W.A.T. sergeant is assigned to lead a highly skilled unit in the community where he grew up. Torn between loyalty to the streets, where the cops are sometimes the enemy, and allegiance to his brothers in blue, he strategically straddles the two worlds.",1,tv_71790_Netflix,tv_71790,1,TRUE
46296,Spartacus,tv,Netflix,8,2010,2010-01-22,[18],Drama,Drama,8.027,2919,6.853118748,84.7113,en,"Torn from his homeland and the woman he loves, Spartacus is condemned to the brutal world of the arena where blood and death are primetime entertainment.",2,tv_46296_Netflix,tv_46296,1,TRUE
235930,Devil May Cry,tv,Netflix,8,2025,2025-04-03,"[16, 10759, 10765]",Animation|Action & Adventure|Sci-Fi & Fantasy,Animation,8.104,351,3.342542891,82.8533,en,"In this epic battle of good vs. evil, the lines are blurry as hell. But a devilishly handsome demon hunter could be the world's best hope for salvation.",2,tv_235930_Netflix,tv_235930,1,TRUE
57532,PAW Patrol,tv,Netflix,8,2013,2013-08-12,"[16, 10762]",Animation|Kids,Animation,6.986,807,4.313467483,82.544,en,"Marshall, Rocky, Rubble, Zuma and Skye are doing their best to protect the people of their town. Led by Ryder, a tech-savvy 10-year-old boy, each of them is equipped with special equipment and together they help anyone who finds themselves in trouble. No task is too big for them and no puppy is too small.",2,tv_57532_Netflix,tv_57532,2,FALSE
1400,Seinfeld,tv,Netflix,8,1989,1989-07-05,[35],Comedy,Comedy,8.261,2319,6.795764101,72.3854,en,A stand-up comedian and his three offbeat friends weather the pitfalls and payoffs of life in New York City in the '90s. It's a show about nothing.,2,tv_1400_Netflix,tv_1400,1,TRUE
71728,Young Sheldon,tv,Netflix,8,2017,2017-09-25,"[35, 10751, 18]",Comedy|Family|Drama,Comedy,8.033,2959,6.87182625,72.0932,en,"The early life of child genius Sheldon Cooper, later seen in The Big Bang Theory.",2,tv_71728_Netflix,tv_71728,2,FALSE
78191,You,tv,Netflix,8,2018,2018-09-09,"[9648, 80, 18]",Mystery|Crime|Drama,Mystery,8.008,3904,7.098826521,71.9351,en,"A dangerously charming, intensely obsessive young man goes to extreme measures to insert himself into the lives of those he is transfixed by.",2,tv_78191_Netflix,tv_78191,1,TRUE
262280,Legends,tv,Netflix,8,2026,2026-05-07,"[10759, 80, 18]",Action & Adventure|Crime|Drama,Action & Adventure,7.823,31,0.456709981,68.4256,en,"As drugs flood the streets of '90s Britain, a team of civil servants is thrust undercover to topple the gangs behind it.",2,tv_262280_Netflix,tv_262280,1,TRUE
4656,Raw,tv,Netflix,8,1993,1993-01-11,[10764],Reality,Reality,6.8,356,2.828037383,68.3429,en,"A regularly scheduled, live, year-round program featuring some of the biggest WWE Superstars.",2,tv_4656_Netflix,tv_4656,1,TRUE
34524,Teen Wolf,tv,Netflix,8,2011,2011-06-05,"[10765, 18, 35]",Sci-Fi & Fantasy|Drama|Comedy,Sci-Fi & Fantasy,8.45,4698,7.63718738,67.1579,en,"Scott McCall, a high school student living in the town of Beacon Hills has his life drastically changed when he's bitten by a werewolf, becoming one himself. He must henceforth learn to balance his problematic new identity with his day-to-day teenage life. The following characters are instrumental to his struggle: Stiles, his best friend; Allison, his love interest who comes from a family of werewolf hunters; and Derek, a mysterious werewolf with a dark past. Throughout the series, he strives to keep his loved ones safe while maintaining normal relationships with them.",2,tv_34524_Netflix,tv_34524,2,FALSE
200709,Weak Hero,tv,Netflix,8,2022,2022-11-18,"[10759, 18]",Action & Adventure|Drama,Action & Adventure,8.666,416,3.935650655,66.3689,ko,"With the aid of unexpected friends, a gifted but introverted student confronts bullies and violent foes — unaware of how dangerous his world will become.",2,tv_200709_Netflix,tv_200709,1,TRUE
12225,Peppa Pig,tv,Netflix,8,2004,2004-05-31,"[16, 10762]",Animation|Kids,Animation,6.6,745,3.94939759,65.1593,en,"Peppa Pig is an energetic piggy who lives with Mummy, Daddy, and little brother George. She loves to jump in mud puddles and make loud snorting noises.",2,tv_12225_Netflix,tv_12225,2,FALSE
91239,Bridgerton,tv,Netflix,8,2020,2020-12-25,[18],Drama,Drama,8.063,3285,6.997874505,63.4056,en,"Wealth, lust, and betrayal set in the backdrop of Regency era England, seen through the eyes of the powerful Bridgerton family.",2,tv_91239_Netflix,tv_91239,1,TRUE
127529,Bloodhounds,tv,Netflix,8,2023,2023-06-09,"[18, 10759, 80]",Drama|Action & Adventure|Crime,Drama,8.438,665,4.816540773,63.1691,ko,"Faced with ruthless foes with a violent thirst, two young boxers band together — risking life and limb to bring justice and protect their loved ones.",2,tv_127529_Netflix,tv_127529,1,TRUE
209867,Frieren: Beyond Journey's End,tv,Netflix,8,2023,2023-09-29,"[16, 10759, 18, 10765]",Animation|Action & Adventure|Drama|Sci-Fi & Fantasy,Animation,8.806,814,5.455162861,61.6724,ja,"After the party of heroes defeated the Demon King, they restored peace to the land and returned to lives of solitude.  Generations pass, and the elven mage Frieren comes face to face with humanity’s mortality. She takes on a new apprentice and promises to fulfill old friends’ dying wishes. Can an elven mind make peace with the nature of life and death? Frieren embarks on her quest to find out.",2,tv_209867_Netflix,tv_209867,2,FALSE
93405,Squid Game,tv,Netflix,8,2021,2021-09-17,"[10759, 9648, 18]",Action & Adventure|Mystery|Drama,Action & Adventure,7.855,17371,7.635230541,61.5222,ko,"Hundreds of cash-strapped players accept a strange invitation to compete in children's games. Inside, a tempting prize awaits — with deadly high stakes.",2,tv_93405_Netflix,tv_93405,1,TRUE
42009,Black Mirror,tv,Netflix,8,2011,2011-12-04,"[10765, 18, 9648]",Sci-Fi & Fantasy|Drama|Mystery,Sci-Fi & Fantasy,8.285,6156,7.662629207,59.9501,en,"Twisted tales run wild in this mind-bending anthology series that reveals humanity's worst traits, greatest innovations and more.",2,tv_42009_Netflix,tv_42009,1,TRUE
46260,Naruto,tv,Netflix,8,2002,2002-10-03,"[16, 10759, 10765]",Animation|Action & Adventure|Sci-Fi & Fantasy,Animation,8.364,5963,7.716932075,58.7685,ja,"Naruto Uzumaki, a mischievous adolescent ninja, struggles as he searches for recognition and dreams of becoming the Hokage, the village's leader and strongest ninja.",2,tv_46260_Netflix,tv_46260,4,FALSE
45790,JoJo's Bizarre Adventure,tv,Netflix,8,2012,2012-10-06,"[16, 10759, 10765]",Animation|Action & Adventure|Sci-Fi & Fantasy,Animation,8.556,1582,6.501244957,57.1852,ja,"Follow the intergenerational feud between the Joestar Family and various forces of evil, the most prominent of which is Dio Brando and his followers.",2,tv_45790_Netflix,tv_45790,4,FALSE
195670,"XO, Kitty",tv,Netflix,8,2023,2023-05-18,"[35, 18]",Comedy|Drama,Comedy,8.093,649,4.57124195,56.6677,en,"Teen matchmaker Kitty Song Covey thinks she knows everything there is to know about love. But when she moves halfway across the world to reunite with her long-distance boyfriend, she'll soon realise that relationships are a lot more complicated when it's your heart on the line.",2,tv_195670_Netflix,tv_195670,1,TRUE
46298,Hunter x Hunter,tv,Netflix,8,2011,2011-10-02,"[16, 10759, 10765]",Animation|Action & Adventure|Sci-Fi & Fantasy,Animation,8.7,2084,7.016563467,56.2818,ja,"Gon, a young boy who lives on Whale Island, dreams of becoming a Hunter like his father, who left when Gon was still young.",2,tv_46298_Netflix,tv_46298,4,FALSE
74016,The Resident,tv,Netflix,8,2018,2018-01-21,[18],Drama,Drama,8.4,1308,6.07699115,55.9459,en,"A tough, brilliant senior resident guides an idealistic young doctor through his first day, pulling back the curtain on what really happens, both good and bad, in modern-day medicine.",3,tv_74016_Netflix,tv_74016,2,FALSE
76669,Elite,tv,Netflix,8,2018,2018-10-05,"[80, 9648, 18]",Crime|Mystery|Drama,Crime,8.007,9364,7.60113017,55.712,es,"When three working class kids enroll in the most exclusive school in Spain, the clash between the wealthy and the poor students leads to tragedy.",3,tv_76669_Netflix,tv_76669,1,TRUE
4586,Gilmore Girls,tv,Netflix,8,2000,2000-10-05,"[35, 18]",Comedy|Drama,Comedy,7.898,1237,5.624540012,55.6916,en,"Set in the charming town of Stars Hollow, Connecticut, the series follows the captivating lives of Lorelai and Rory Gilmore, a mother/daughter pair who have a relationship most people only dream of.",3,tv_4586_Netflix,tv_4586,2,FALSE
220542,The Apothecary Diaries,tv,Netflix,8,2023,2023-10-22,"[16, 18, 9648]",Animation|Drama|Mystery,Animation,8.6,554,4.520303605,55.2415,ja,"Maomao lived a peaceful life with her apothecary father. Until one day, she's sold as a lowly servant to the emperor's palace. But she wasn't meant for a compliant life among royalty. So when imperial heirs fall ill, she decides to step in and find a cure! This catches the eye of Jinshi, a handsome palace official who promotes her. Now, she's making a name for herself solving medical mysteries!",3,tv_220542_Netflix,tv_220542,2,FALSE
127865,The Chestnut Man,tv,Netflix,8,2021,2021-09-29,"[18, 80]",Drama|Crime,Drama,7.5,673,4.303069054,54.4037,da,"At a grisly murder scene sits a figurine made of chestnuts. From this creepy clue, two detectives hunt a killer linked to a politician's missing child.",3,tv_127865_Netflix,tv_127865,1,TRUE
48891,Brooklyn Nine-Nine,tv,Netflix,8,2013,2013-09-17,"[35, 80]",Comedy|Crime,Comedy,8.2,3942,7.276992346,53.1248,en,"A single-camera ensemble comedy following the lives of an eclectic group of detectives in a New York precinct, including one slacker who is forced to shape up when he gets a new boss.",3,tv_48891_Netflix,tv_48891,2,FALSE
69050,Riverdale,tv,Netflix,8,2017,2017-01-26,"[80, 18, 9648]",Crime|Drama|Mystery,Crime,8.408,13707,8.112089533,52.2314,en,"Set in the present, the series offers a bold, subversive take on Archie, Betty, Veronica and their friends, exploring the surreality of small-town life, the darkness and weirdness bubbling beneath Riverdale’s wholesome facade.",3,tv_69050_Netflix,tv_69050,1,TRUE
220150,Pokémon Horizons,tv,Netflix,8,2023,2023-04-14,"[16, 10759, 10765, 10762]",Animation|Action & Adventure|Sci-Fi & Fantasy|Kids,Animation,8.6,102,1.457142857,51.9697,ja,"Follow Liko and Roy as they unravel the mysteries that surround them and encounter Friede, Captain Pikachu, Amethio, and others during their exciting adventures!",3,tv_220150_Netflix,tv_220150,1,TRUE
71912,The Witcher,tv,Netflix,8,2019,2019-12-20,"[18, 10759]",Drama|Action & Adventure,Drama,7.924,6656,7.370338737,51.6842,en,"Geralt of Rivia, a mutated monster-hunter for hire, journeys toward his destiny in a turbulent world where people often prove more wicked than beasts.",3,tv_71912_Netflix,tv_71912,1,TRUE
37854,One Piece,tv,Netflix,8,1999,1999-10-20,"[10759, 35, 16]",Action & Adventure|Comedy|Animation,Action & Adventure,8.7,5282,7.947665168,51.4599,ja,"Years ago, the fearsome Pirate King, Gol D. Roger was executed leaving a huge pile of treasure and the famous ""One Piece"" behind. Whoever claims the ""One Piece"" will be named the new King of the Pirates.

Monkey D. Luffy, a boy who consumed a ""Devil Fruit,"" decides to follow in the footsteps of his idol, the pirate Shanks, and find the One Piece. It helps, of course, that his body has the properties of rubber and that he's surrounded by a bevy of skilled fighters and thieves to help him along the way.

Luffy will do anything to get the One Piece and become King of the Pirates!",3,tv_37854_Netflix,tv_37854,2,FALSE
119051,Wednesday,tv,Netflix,8,2022,2022-11-23,"[10765, 9648, 35]",Sci-Fi & Fantasy|Mystery|Comedy,Sci-Fi & Fantasy,8.349,10483,7.968912592,51.0963,en,"Smart, sarcastic and a little dead inside, Wednesday Addams investigates twisted mysteries while making new friends — and foes — at Nevermore Academy.",3,tv_119051_Netflix,tv_119051,1,TRUE
66025,Animal Kingdom,tv,Netflix,8,2016,2016-06-14,"[80, 18]",Crime|Drama,Crime,7.74,531,3.986362755,50.806,en,"17-year-old Joshua ""J"" Cody moves in with his freewheeling relatives in their Southern California beach town after his mother dies of a heroin overdose. Headed by boot-tough matriarch Janine ""Smurf"" Cody and her right-hand Baz, who runs the business and calls the shots, the clan also consists of Pope, the oldest and most dangerous of the Cody boys; Craig, the tough and fearless middle son; and Deran, the troubled, suspicious ""baby"" of the family.",3,tv_66025_Netflix,tv_66025,2,FALSE
62688,Supergirl,tv,Netflix,8,2015,2015-10-26,"[18, 10765, 10759]",Drama|Sci-Fi & Fantasy|Action & Adventure,Drama,7.282,4369,6.534207846,49.9902,en,"Twenty-four-year-old Kara Zor-El, who was taken in by the Danvers family when she was 13 after being sent away from Krypton, must learn to embrace her powers after previously hiding them. The Danvers teach her to be careful with her powers, until she has to reveal them during an unexpected disaster, setting her on her journey of heroism.",3,tv_62688_Netflix,tv_62688,1,TRUE
2327,Dawson's Creek,tv,Netflix,8,1998,1998-01-20,"[18, 10766]",Drama|Soap,Drama,7.321,606,4.011325497,48.9409,en,Dawson's Creek is an American teen drama that portrays the fictional lives of a close-knit group of teenagers through high school and college.,3,tv_2327_Netflix,tv_2327,2,FALSE
210268,Burn the House Down,tv,Netflix,8,2023,2023-07-13,"[18, 9648]",Drama|Mystery,Drama,7.169,68,0.858260563,48.7119,ja,"After her mother took the blame for a tragic fire 13 years ago, Anzu plots revenge by working as a housekeeper under a pseudonym for her icy stepmother.",3,tv_210268_Netflix,tv_210268,1,TRUE
65494,The Crown,tv,Netflix,8,2016,2016-11-04,[18],Drama,Drama,8.187,2334,6.742575159,47.9199,en,"The gripping, decades-spanning inside story of Her Majesty Queen Elizabeth II and the Prime Ministers who shaped Britain's post-war destiny. 

The Crown tells the inside story of two of the most famous addresses in the world – Buckingham Palace and 10 Downing Street – and the intrigues, love lives and machinations behind the great events that shaped the second half of the 20th century. Two houses, two courts, one Crown.",3,tv_65494_Netflix,tv_65494,1,TRUE
49011,Mom,tv,Netflix,8,2013,2013-09-23,"[35, 18]",Comedy|Drama,Comedy,7.321,633,4.090196823,47.7947,en,"Aan irreverent and outrageous take on true family love‐and dysfunction. Newly sober single mom Christy struggles to raise two children in a world full of temptations and pitfalls. Testing her sobriety is her formerly estranged mother, now back in Christy's life and eager to share passive-aggressive insights into her daughter's many mistakes.",3,tv_49011_Netflix,tv_49011,1,TRUE
63333,The Last Kingdom,tv,Netflix,8,2015,2015-10-10,"[10759, 18, 10768]",Action & Adventure|Drama|War & Politics,Action & Adventure,8.25,1948,6.56495098,46.0936,en,"A show of heroic deeds and epic battles with a thematic depth that embraces politics, religion, warfare, courage, love, loyalty and our universal search for identity. Combining real historical figures and events with fictional characters, it is the story of how a people combined their strength under one of the most iconic kings of history in order to reclaim their land for themselves and build a place they call home.",3,tv_63333_Netflix,tv_63333,1,TRUE
1395,Gossip Girl,tv,Netflix,8,2007,2007-09-19,[18],Drama,Drama,8.166,2297,6.706221666,45.7043,en,An exclusive group of privileged teens from a posh prep school on Manhattan's Upper East Side whose lives revolve around the blog of the all-knowing albeit ultra-secretive Gossip Girl.,3,tv_1395_Netflix,tv_1395,2,FALSE
285838,If Wishes Could Kill,tv,Netflix,8,2026,2026-04-24,"[9648, 18]",Mystery|Drama,Mystery,8.133,90,1.240627119,44.6985,ko,"A mysterious app promises wishes — then starts a countdown to death. As a group of teens becomes entangled, they must break the deadly chain to survive.",3,tv_285838_Netflix,tv_285838,1,TRUE
1450,The Closer,tv,Netflix,8,2005,2005-06-13,"[80, 18, 9648]",Crime|Drama|Mystery,Crime,7.874,336,3.164669856,44.64,en,"Deputy Police Chief Brenda Leigh Johnson transfers from Atlanta to LA to head up a special unit of the LAPD that handles sensitive, high-profile murder cases. Johnson's quirky personality and hard-nosed approach often rubs her colleagues the wrong way, but her reputation as one of the world's best interrogator eventually wins over even her toughest critics.",4,tv_1450_Netflix,tv_1450,2,FALSE
279388,Pursuit of Jade,tv,Netflix,8,2026,2026-03-06,[18],Drama,Drama,7.766,62,0.856747331,44.2741,zh,"This drama follows Fan Changyu, a butcher’s daughter, and Xie Zheng, a fallen noble seeking revenge. Their fake marriage turns into true love, but war tears them apart. Determined, Fan Changyu wields her butcher’s knife on the battlefield, searching for justice and her husband. Meanwhile, Xie Zheng reclaims his title, fighting to protect his country and love. Reunited in battle, they stand together, defying fate, uncovering the truth, and returning home without forgetting their vows.",4,tv_279388_Netflix,tv_279388,1,TRUE
38693,Ninjago: Masters of Spinjitzu,tv,Netflix,8,2012,2012-01-11,"[16, 10759, 10765, 35, 10751]",Animation|Action & Adventure|Sci-Fi & Fantasy|Comedy|Family,Animation,8,768,4.845425868,43.8246,en,"When the fate of their world, Ninjago, is challenged by great threats, it's up to the ninja: Kai, Jay, Cole, Zane, Lloyd and Nya to save the world.",4,tv_38693_Netflix,tv_38693,2,FALSE
70523,Dark,tv,Netflix,8,2017,2017-12-01,"[80, 18, 10765, 9648]",Crime|Drama|Sci-Fi & Fantasy|Mystery,Crime,8.4,7518,7.876178598,43.6177,de,A missing child sets four families on a frantic hunt for answers as they unearth a mind-bending mystery that spans three generations.,4,tv_70523_Netflix,tv_70523,1,TRUE
223386,Man on Fire,tv,Netflix,8,2026,2026-04-30,"[10759, 80]",Action & Adventure|Crime,Action & Adventure,7.009,109,1.254484401,43.0891,en,"Haunted by his past and hunted by his enemies, a Special Forces veteran fights to keep a teenage girl alive on the deadly streets of Rio de Janeiro.",4,tv_223386_Netflix,tv_223386,1,TRUE
14929,Heartland,tv,Netflix,8,2007,2007-10-14,"[10751, 18, 35]",Family|Drama|Comedy,Family,8.262,574,4.415631285,41.9543,en,"Life is hard on the Flemings' ranch in the Alberta foothills where abused or neglected horses find refuge with a kind, hard-working family. Debts abound and the bank is about to foreclose. Can they keep the ranch running?",4,tv_14929_Netflix,tv_14929,2,FALSE
31911,Fullmetal Alchemist: Brotherhood,tv,Netflix,8,2009,2009-04-05,"[16, 10759, 10765, 18]",Animation|Action & Adventure|Sci-Fi & Fantasy|Drama,Animation,8.705,2436,7.222540872,41.4273,ja,"Disregard for alchemy’s laws ripped half of Edward Elric’s limbs from his body and left his brother Alphonse’s soul clinging to a suit of armor. To restore what was lost, the brothers seek the Philosopher’s Stone. Enemies and allies – the corrupt military, the Homunculi, and foreign alchemists – will alter the Elric brothers course, but their purpose will remain unchanged and their bond unbreakable.",4,tv_31911_Netflix,tv_31911,2,FALSE
30983,Detective Conan,tv,Netflix,8,1996,1996-01-08,"[16, 80, 9648, 35]",Animation|Crime|Mystery|Comedy,Animation,8,745,4.787148594,41.3432,ja,"The son of a world famous mystery writer, Jimmy Kudo, has achieved his own notoriety by assisting the local police as a student detective. He has always been able to solve the most difficult of criminal cases using his wits and power of reason.",4,tv_30983_Netflix,tv_30983,1,TRUE
77169,Cobra Kai,tv,Netflix,8,2018,2018-05-02,"[10759, 18, 35]",Action & Adventure|Drama|Comedy,Action & Adventure,8.204,6876,7.647872017,40.4015,en,"This Karate Kid sequel series picks up 30 years after the events of the 1984 All Valley Karate Tournament and finds Johnny Lawrence on the hunt for redemption by reopening the infamous Cobra Kai karate dojo. This reignites his old rivalry with the successful Daniel LaRusso, who has been working to maintain the balance in his life without mentor Mr. Miyagi.",4,tv_77169_Netflix,tv_77169,1,TRUE
62643,DC's Legends of Tomorrow,tv,Netflix,8,2016,2016-01-21,"[10759, 10765, 18]",Action & Adventure|Sci-Fi & Fantasy|Drama,Action & Adventure,7.261,2440,6.026136054,40.3215,en,"When heroes alone are not enough ... the world needs legends. Having seen the future, one he will desperately try to prevent from happening, time-traveling rogue Rip Hunter is tasked with assembling a disparate group of both heroes and villains to confront an unstoppable threat — one in which not only is the planet at stake, but all of time itself. Can this ragtag team defeat an immortal threat unlike anything they have ever known?",4,tv_62643_Netflix,tv_62643,1,TRUE
212989,LEGO Ninjago: Dragons Rising,tv,Netflix,8,2023,2023-06-01,"[16, 10762, 10759]",Animation|Kids|Action & Adventure,Animation,8.103,97,1.316567839,40.0799,en,"A phenomenon known as the Merge has caused many legendary realms to suddenly combine into one, but their union is unstable. A Spinjitzu Ninja Master must train a new generation of heroes to help find Elemental Dragons who can save the planet before the forces of evil use the same dragon energy to destroy this new world.",4,tv_212989_Netflix,tv_212989,3,FALSE
1424,Orange Is the New Black,tv,Netflix,8,2013,2013-07-11,"[18, 35, 80]",Drama|Comedy|Crime,Drama,7.644,2791,6.482650866,39.3783,en,"A crime she committed in her youthful past sends Piper Chapman to a women's prison, where she trades her comfortable New York life for one of unexpected camaraderie and conflict in an eccentric group of fellow inmates.",4,tv_1424_Netflix,tv_1424,1,TRUE
688,The West Wing,tv,Netflix,8,1999,1999-09-22,[18],Drama,Drama,8.262,575,4.419209302,38.8822,en,The West Wing provides a glimpse into presidential politics in the nation's capital as it tells the stories of the members of a fictional presidential administration. These interesting characters have humor and dedication that touches the heart while the politics that they discuss touch on everyday life.,4,tv_688_Netflix,tv_688,2,FALSE
30981,Monster,tv,Netflix,8,2004,2004-04-07,"[16, 18, 9648, 80]",Animation|Drama|Mystery|Crime,Animation,8.5,764,5.137658228,38.6548,ja,"Kenzou Tenma, a Japanese brain surgeon in Germany, finds his life in utter turmoil after getting involved with a psychopath that was once a former patient.",4,tv_30981_Netflix,tv_30981,1,TRUE
94605,Arcane,tv,Netflix,8,2021,2021-11-06,"[16, 10759, 10765]",Animation|Action & Adventure|Sci-Fi & Fantasy,Animation,8.754,5867,8.066549081,38.4876,en,"Amid the stark discord of twin cities Piltover and Zaun, two sisters fight on rival sides of a war between magic technologies and clashing convictions.",4,tv_94605_Netflix,tv_94605,1,TRUE
71446,Money Heist,tv,Netflix,8,2017,2017-05-02,"[80, 18]",Crime|Drama,Crime,8.2,19404,7.994011254,38.3051,es,"To carry out the biggest heist in history, a mysterious man called The Professor recruits a band of eight robbers who have a single characteristic: none of them has anything to lose. Five months of seclusion - memorizing every step, every detail, every probability - culminate in eleven days locked up in the National Coinage and Stamp Factory of Spain, surrounded by police forces and with dozens of hostages in their power, to find out whether their suicide wager will lead to everything or nothing.",4,tv_71446_Netflix,tv_71446,1,TRUE
116799,The Lincoln Lawyer,tv,Netflix,8,2022,2022-05-13,"[18, 80]",Drama|Crime,Drama,7.706,496,3.837526104,38.2479,en,Hotshot LA defense attorney Mickey Haller will do whatever it takes to win as he navigates the criminal justice system from his trademark Lincoln.,4,tv_116799_Netflix,tv_116799,2,FALSE
129552,The Night Agent,tv,Netflix,8,2023,2023-03-23,"[10759, 18, 9648]",Action & Adventure|Drama|Mystery,Action & Adventure,7.712,1139,5.359345943,38.0769,en,"Brought together by a midnight phone call, an FBI agent and a cybersecurity expert must unravel an ever-growing web of political conspiracies.",4,tv_129552_Netflix,tv_129552,1,TRUE
62710,Blindspot,tv,Netflix,8,2015,2015-09-21,"[80, 18, 10759]",Crime|Drama|Action & Adventure,Crime,7.377,2533,6.160877349,37.731,en,"A vast international plot explodes when a beautiful Jane Doe is discovered naked in Times Square, completely covered in mysterious, intricate tattoos with no memory of who she is or how she got there. But there's one tattoo that is impossible to miss: the name of FBI agent Kurt Weller, emblazoned across her back. ""Jane,"" Agent Weller and the rest of the FBI quickly realize that each mark on her body is a crime to solve, leading them closer to the truth about her identity and the mysteries to be revealed.",4,tv_62710_Netflix,tv_62710,1,TRUE
42705,Fighting Spirit,tv,Netflix,8,2000,2000-10-03,"[16, 35, 18, 10759]",Animation|Comedy|Drama|Action & Adventure,Animation,8.643,1185,6.078311573,37.5504,ja,"Makunouchi Ippo is an ordinary high school student in Japan. Since he spends most of his time away from school helping his mother run the family business, he doesn't get to enjoy his younger years like most teenagers. Always a target for bullying at school (the family fishing business grants him a distinct odor), Ippo's life is one of hardship. One of these after-school bullying sessions turns Ippo's life around for the better, as he is saved by a boxer named Takamura. He decides to follow in Takamura's footsteps and train to become a boxer, giving his life direction and purpose. Ippo's path to perfecting his pugilistic prowess is just beginning...",4,tv_42705_Netflix,tv_42705,1,TRUE
45140,Teen Titans Go!,tv,Netflix,8,2013,2013-04-23,"[16, 10759, 35, 10751, 10765]",Animation|Action & Adventure|Comedy|Family|Sci-Fi & Fantasy,Animation,6.46,699,3.766088407,37.4283,en,"Robin, Starfire, Raven, Beast Boy and Cyborg return in all-new, comedic adventures. They may be super heroes who save the world every day ... but somebody still has to do the laundry!",5,tv_45140_Netflix,tv_45140,3,FALSE
33765,My Little Pony: Friendship Is Magic,tv,Netflix,8,2010,2010-10-10,"[16, 35, 10765, 10762]",Animation|Comedy|Sci-Fi & Fantasy|Kids,Animation,8.156,722,4.818847791,37.3906,en,"Journey to the enchanted land of Equestria, where unicorn Twilight Sparkle and her pals have adventures and learn valuable lessons about friendship.",5,tv_33765_Netflix,tv_33765,2,FALSE
67075,Mob Psycho 100,tv,Netflix,8,2016,2016-07-12,"[16, 10759, 35, 10765]",Animation|Action & Adventure|Comedy|Sci-Fi & Fantasy,Animation,8.503,1293,6.131834356,37.3001,ja,"Shigeo Kageyama, a.k.a. ""Mob,"" is a boy who has trouble expressing himself, but who happens to be a powerful esper. Mob is determined to live a normal life and keeps his ESP suppressed, but when his emotions surge to a level of 100%, something terrible happens to him! As he's surrounded by false espers, evil spirits, and mysterious organizations, what will Mob think? What choices will he make?",5,tv_67075_Netflix,tv_67075,2,FALSE
61222,BoJack Horseman,tv,Netflix,8,2014,2014-08-22,"[16, 35, 18]",Animation|Comedy|Drama,Animation,8.539,2829,7.256482728,36.6673,en,"Meet the most beloved sitcom horse of the '90s , 20 years later. He's a curmudgeon with a heart of...not quite gold...but something like gold. Copper?",5,tv_61222_Netflix,tv_61222,1,TRUE
20111,Mobile Suit Gundam SEED,tv,Netflix,8,2002,2002-10-05,"[10759, 16, 10765, 10768]",Action & Adventure|Animation|Sci-Fi & Fantasy|War & Politics,Action & Adventure,7.492,61,0.814638146,36.633,ja,"Cosmic Era 71. Mankind has developed into two subspecies: Naturals, who reside on Earth, and Coordinators, genetically enhanced humans capable of withstanding the rigors of space who inhabit orbital colonies known as PLANTs. The story revolves around a young Coordinator named Kira Yamato, who becomes involved in the war between the two races after a neutral space colony secretly developing mobile suits for the Earth Alliance is attacked by the PLANTs' military force, ZAFT.",5,tv_20111_Netflix,tv_20111,2,FALSE
502,Sesame Street,tv,Netflix,8,1969,1969-11-10,"[10762, 35]",Kids|Comedy,Kids,7.1,280,2.548717949,36.6081,en,"On a special inner city street, the inhabitants—human and muppet—teach preschoolers basic educational and social concepts using comedy, cartoons, games, and songs.",5,tv_502_Netflix,tv_502,2,FALSE
1425,House of Cards,tv,Netflix,8,2013,2013-02-01,[18],Drama,Drama,8.007,3145,6.908646091,36.2021,en,"Betrayed by the White House, Congressman Frank Underwood embarks on a ruthless rise to power. Blackmail, seduction and ambition are his weapons.",5,tv_1425_Netflix,tv_1425,1,TRUE
135157,Alchemy of Souls,tv,Netflix,8,2022,2022-06-18,"[18, 10765, 10759, 9648]",Drama|Sci-Fi & Fantasy|Action & Adventure|Mystery,Drama,8.549,766,5.172617694,36.0324,ko,"A powerful sorceress in a blind woman's body encounters a man from a prestigious family, who wants her help to change his destiny.",5,tv_135157_Netflix,tv_135157,1,TRUE
105,Sex and the City,tv,Netflix,8,1998,1998-06-06,"[18, 35]",Drama|Comedy,Drama,7.38,2145,5.984914934,35.8583,en,"Based on the bestselling book by Candace Bushnell, Sex and the City tells the story of four best friends, all single and in their late thirties, as they pursue their careers and talk about their sex lives, all while trying to survive the New York social scene. ",5,tv_105_Netflix,tv_105,2,FALSE
62286,Fear the Walking Dead,tv,Netflix,8,2015,2015-08-23,"[10759, 18]",Action & Adventure|Drama,Action & Adventure,7.623,5157,6.949232986,35.7203,en,"What did the world look like as it was transforming into the horrifying apocalypse depicted in ""The Walking Dead""? This spin-off set in Los Angeles, following new characters as they face the beginning of the end of the world, will answer that question.",5,tv_62286_Netflix,tv_62286,2,FALSE
128839,La Brea,tv,Netflix,8,2021,2021-09-28,"[10765, 18, 10759]",Sci-Fi & Fantasy|Drama|Action & Adventure,Sci-Fi & Fantasy,7.42,1580,5.636346154,35.5356,en,"An epic adventure begins when a massive sinkhole opens in the middle of Los Angeles, pulling hundreds of people and buildings into its depths. Those who fell in find themselves in a mysterious and dangerous primeval land, where they have no choice but to band together to survive. Meanwhile, the rest of the world desperately seeks to understand what happened. In the search for answers, one family torn apart by this disaster will have to unlock the secrets of this inexplicable event to find a way back to each other.",5,tv_128839_Netflix,tv_128839,2,FALSE
32895,Rizzoli & Isles,tv,Netflix,8,2010,2010-07-12,"[80, 18, 9648, 35]",Crime|Drama|Mystery|Comedy,Crime,7.9,480,3.869387755,34.9724,en,"Perhaps their strikingly different personalities make the relationship between detective Jane Rizzoli and medical examiner Maura Isles so effective. Jane, the only female cop in Boston's homicide division, is tough, relentless and rarely lets her guard down, while the impeccably dressed Maura displays a sometimes icy temperament — she is, after all, more comfortable among the dead than the living. Together, the best friends have forged a quirky and supportive relationship; they drop the protective shield in each other's company, and combine their expertise to solve Boston's most complex cases.",5,tv_32895_Netflix,tv_32895,2,FALSE
246246,Beauty in Black,tv,Netflix,8,2024,2024-10-24,[18],Drama,Drama,7.667,171,1.953885246,34.6092,en,"A stripper's fate takes a turn when she crosses paths with the wealthy, dysfunctional family behind a cosmetics dynasty and a devious trafficking scheme.",5,tv_246246_Netflix,tv_246246,1,TRUE
111110,ONE PIECE,tv,Netflix,8,2023,2023-08-31,"[10759, 10765]",Action & Adventure|Sci-Fi & Fantasy,Action & Adventure,8.113,1743,6.304484619,34.3771,en,"With his straw hat and ragtag crew, young pirate Monkey D. Luffy goes on an epic voyage for treasure.",5,tv_111110_Netflix,tv_111110,1,TRUE
227371,Fake Profile,tv,Netflix,8,2023,2023-05-31,[18],Drama,Drama,7.238,204,2.097375,34.1397,es,"Camila meets her Prince Charming through a dating app. After an idyllic romance, she plans to surprise him — only to end up trapped in a false paradise.",5,tv_227371_Netflix,tv_227371,1,TRUE
69740,Ozark,tv,Netflix,8,2017,2017-07-21,"[80, 18]",Crime|Drama,Crime,8.207,2743,6.941659266,34.1325,en,"A financial adviser drags his family from Chicago to the Missouri Ozarks, where he must launder $500 million in five years to appease a drug boss.",5,tv_69740_Netflix,tv_69740,1,TRUE
39793,Call the Midwife,tv,Netflix,8,2012,2012-01-15,[18],Drama,Drama,7.5,254,2.526525199,34.1144,en,"Drama following the lives of a group of midwives working in the poverty-stricken East End of London during the 1950s, based on the best-selling memoirs of Jennifer Worth.",5,tv_39793_Netflix,tv_39793,1,TRUE
110316,Alice in Borderland,tv,Netflix,8,2020,2020-12-10,"[9648, 18, 10759]",Mystery|Drama|Action & Adventure,Mystery,8.102,2683,6.829301288,33.6217,ja,"With his two friends, a video-game-obsessed young man finds himself in a strange version of Tokyo where they must compete in dangerous games to win.",5,tv_110316_Netflix,tv_110316,1,TRUE
15226,C.I.D.,tv,Netflix,8,1998,1998-01-21,"[10759, 80, 18, 9648]",Action & Adventure|Crime|Drama|Mystery,Action & Adventure,5.897,29,0.323275992,33.5928,hi,"A team of dedicated men and women in the Crime Investigation Department will risk everything to solve Mumbai's toughest, most complicated crimes.",5,tv_15226_Netflix,tv_15226,1,TRUE
205050,Shangri-La Frontier,tv,Netflix,8,2023,2023-10-01,"[16, 10759, 35, 10765]",Animation|Action & Adventure|Comedy|Sci-Fi & Fantasy,Animation,8.1,215,2.435664336,33.356,ja,"Rakuro Hizutome only cares about one thing: beating crappy VR games. He devotes his entire life to these buggy games and could clear them all in his sleep. One day, he decides to challenge himself and play a popular god-tier game called Shangri-La Frontier. But he quickly learns just how difficult it is. Will his expert skills be enough to uncover its hidden secrets?",5,tv_205050_Netflix,tv_205050,2,FALSE
303143,My Royal Nemesis,tv,Netflix,8,2026,2026-05-08,"[18, 35, 10765]",Drama|Comedy|Sci-Fi & Fantasy,Drama,8.4,5,0.083168317,32.9666,ko,"A legendary Joseon villainess reincarnated in a modern actress’s body clashes with a cold-blooded chaebol heir, sparking a chaotic love-hate romance across centuries.",6,tv_303143_Netflix,tv_303143,1,TRUE
1432,Veronica Mars,tv,Netflix,8,2004,2004-09-22,"[9648, 18, 35]",Mystery|Drama|Comedy,Mystery,7.807,703,4.562195345,32.8947,en,"In the fictional town of Neptune, California, student Veronica Mars progresses from high school to college while moonlighting as a private investigator under the tutelage of her detective father.",6,tv_1432_Netflix,tv_1432,2,FALSE
35610,InuYasha,tv,Netflix,8,2000,2000-10-16,"[16, 10759, 10765]",Animation|Action & Adventure|Sci-Fi & Fantasy,Animation,8.579,2067,6.907983249,32.8615,ja,"Kagome Higurashi is a modern day young girl who lives with her family by the old Higure shrine. Unbeknownst to Kagome, she is the reincarnation of priestess Kikyo and posseses the ""Jewel of Four Souls"" (the Shikon jewel). One ill-fated day, Kagome locates an ancient well near her home and is abruptly transported through the well and into a feudal Japan, inhabited by demons. There, she encounters Inuyasha, son of a powerful demon father and a human mother, who is pinned to a tree by an enchanted arrow.",6,tv_35610_Netflix,tv_35610,3,FALSE
39269,Scandal,tv,Netflix,8,2012,2012-04-05,[18],Drama,Drama,7.187,602,3.926110708,32.5983,en,"Everyone has secrets and Olivia Pope has dedicated her life to protecting and defending the public images of the elite by keeping those secrets under wraps. Pope and her team are at the top of their game when it comes to getting the job done for their clients, but it becomes apparent that these ""gladiators in suits,"" who specialize in fixing the lives of other people, have trouble fixing those closest at hand -- their own.",6,tv_39269_Netflix,tv_39269,2,FALSE
5371,iCarly,tv,Netflix,8,2007,2007-09-08,"[35, 10762, 10751, 18]",Comedy|Kids|Family|Drama,Comedy,7.963,1540,6.011284314,32.3336,en,"Watch Carly, Sam, and Freddie, as they try to balance their everyday 8th grade lives with their newfound fame managing and starring in the most awesome show on the web.",6,tv_5371_Netflix,tv_5371,1,TRUE
96648,Sweet Home,tv,Netflix,8,2020,2020-12-18,"[10765, 10759]",Sci-Fi & Fantasy|Action & Adventure,Sci-Fi & Fantasy,8.228,1555,6.226053528,32.1339,ko,"As humans turn into savage monsters and the world plunges into terror, a handful of survivors fight for their lives — and to hold on to their humanity.",6,tv_96648_Netflix,tv_96648,1,TRUE
63351,Narcos,tv,Netflix,8,2015,2015-08-28,"[80, 18]",Crime|Drama,Crime,8.071,3267,6.999723122,30.8847,en,A gritty chronicle of the war against Colombia's infamously violent and powerful drug cartels.,6,tv_63351_Netflix,tv_63351,1,TRUE
79696,Manifest,tv,Netflix,8,2018,2018-09-24,"[10765, 9648, 18]",Sci-Fi & Fantasy|Mystery|Drama,Sci-Fi & Fantasy,7.633,1778,5.957626866,30.7868,en,"After landing from a turbulent but routine flight, the crew and passengers of Montego Air Flight 828 discover five years have passed in what seemed like a few hours. As their new realities become clear, a deeper mystery unfolds and some of the returned passengers soon realize they may be meant for something greater than they ever thought possible.",6,tv_79696_Netflix,tv_79696,1,TRUE
62017,The Man in the High Castle,tv,Netflix,8,2015,2015-01-15,"[10765, 18]",Sci-Fi & Fantasy|Drama,Sci-Fi & Fantasy,7.523,1469,5.612639411,30.6019,en,"Explore what it would be like if the Allied Powers had lost WWII, and Japan and Germany ruled the United States. Based on Philip K. Dick's award-winning novel.",6,tv_62017_Netflix,tv_62017,2,FALSE
219246,When Life Gives You Tangerines,tv,Netflix,8,2025,2025-03-07,[18],Drama,Drama,8.713,519,4.437730128,29.7831,ko,"In Jeju, a spirited girl and a steadfast boy's island story blossoms into a lifelong tale of setbacks and triumphs — proving love endures across time.",6,tv_219246_Netflix,tv_219246,1,TRUE
112888,True Beauty,tv,Netflix,8,2020,2020-12-09,"[35, 18]",Comedy|Drama,Comedy,8.2,2620,6.885897436,29.5215,ko,"After being bullied and discriminated because of her ugly looks, a high school girl transforms herself into a gorgeous ""goddess"" and quickly rises to fame after mastering the art of makeup via online tutorial videos.",6,tv_112888_Netflix,tv_112888,2,FALSE
123249,My Dress-Up Darling,tv,Netflix,8,2022,2022-01-09,"[16, 35, 18]",Animation|Comedy|Drama,Animation,8.441,888,5.400293948,29.4654,ja,"High schooler Wakana Gojo wants to become a kashirashi—a master craftsman who makes traditional Japanese Hina dolls. Though he's gung-ho about the craft, he knows nothing about the latest trends, and has a hard time fitting in with his class. The popular kids—especially one girl, Marin Kitagawa—seem like they live in a completely different world. That all changes one day, when she shares an unexpected secret with him, and their completely different worlds collide.",6,tv_123249_Netflix,tv_123249,1,TRUE
96580,Resident Alien,tv,Netflix,8,2021,2021-01-27,[10765],Sci-Fi & Fantasy,Sci-Fi & Fantasy,7.797,959,5.124964359,29.4484,en,"Crash-landed alien Harry takes on the identity of a small-town Colorado doctor. Arriving with a secret mission, he starts off living a simple life…but things get a bit rocky when he’s roped into solving a local murder and realizes he needs to assimilate into his new world. As he does, he begins to wrestle with the moral dilemma of his mission and asking the big life questions like: “Are human beings worth saving?” and “Why do they fold their pizza before eating it?”",6,tv_96580_Netflix,tv_96580,2,FALSE
70672,Men on a Mission,tv,Netflix,8,2015,2015-12-05,"[10764, 35]",Reality|Comedy,Reality,7.5,41,0.568391867,28.7697,ko,"Male celebs play make-believe as high schoolers, welcoming star transfer students every week and engaging in battles of witty humor and slapstick.",6,tv_70672_Netflix,tv_70672,1,TRUE
287011,Sold Out on You,tv,Netflix,8,2026,2026-04-22,"[35, 18]",Comedy|Drama,Comedy,7.7,10,0.150980392,28.5855,ko,"A work-obsessed cosmetics CEO and a top home-shopping host struggling with insomnia cross paths, and through an unexpected romance, begin to heal the emptiness in their lives.",6,tv_287011_Netflix,tv_287011,1,TRUE
117465,Hell's Paradise,tv,Netflix,8,2023,2023-04-01,"[16, 10759, 10765]",Animation|Action & Adventure|Sci-Fi & Fantasy,Animation,8.144,450,3.857684211,28.5204,ja,"For a chance at a pardon, a ninja assassin joins other condemned criminals on a journey to a mysterious island to retrieve an elixir of immortality.",6,tv_117465_Netflix,tv_117465,2,FALSE
81356,Sex Education,tv,Netflix,8,2019,2019-01-11,"[35, 18]",Comedy|Drama,Comedy,8.208,7827,7.715145431,28.4506,en,Inexperienced Otis channels his sex therapist mom when he teams up with rebellious Maeve to set up an underground sex therapy clinic at school.,6,tv_81356_Netflix,tv_81356,1,TRUE
46080,Masha and the Bear,tv,Netflix,8,2009,2009-01-07,"[16, 10751, 10762, 35]",Animation|Family|Kids|Comedy,Animation,6.9,414,3.125382932,28.3901,ru,"Masha is an energetic three-year-old who can’t seem to keep herself out of trouble. Bear is a warm, fatherly figure that does his best to guide his friend and keep her from harm, often ending up the unintended victim of her misadventures.",6,tv_46080_Netflix,tv_46080,2,FALSE
902,Yu-Gi-Oh! Duel Monsters,tv,Netflix,8,2000,2000-04-18,"[16, 10759]",Animation|Action & Adventure,Animation,8.245,1020,5.532828947,28.263,ja,"Bullies often target someone frail and weak—someone exactly like Yûgi Muto. He treasures his Millennium Puzzle, an ancient Egyptian artifact that was brought into his grandfather's game shop. Believing that solving the puzzle will grant him his wish, he completes the puzzle, unleashing a new personality within him, the soul of the ""King of Games."" The new personality named Yami Yûgi is the exact opposite of Yûgi. Upon any injustice toward him, Yami Yûgi takes over Yûgi's body and forces the opponent into a ""Shadow Game"".",6,tv_902_Netflix,tv_902,2,FALSE
45094,The Following,tv,Netflix,8,2013,2013-01-21,"[80, 18]",Crime|Drama,Crime,6.894,580,3.702333333,28.225,en,"Notorious serial killer Joe Carroll, after being found guilty of murdering 14 female students on the Virginia college campus where he taught literature, escapes from death row. The FBI calls former agent Ryan Hardy to consult on the case, as he was the one responsible for Carroll’s capture in 2003. Ryan, working closely with an FBI team, including Mike Weston and FBI Specialist Debra Parker, piece together the ever-growing web of murders orchestrated by the devious Carroll.",6,tv_45094_Netflix,tv_45094,1,TRUE
131041,BLUE LOCK,tv,Netflix,8,2022,2022-10-09,"[16, 10759, 18]",Animation|Action & Adventure|Drama,Animation,8.2,588,4.431617647,28.0678,ja,High school soccer players from across Japan gather for a controversial project designed to create the best — and most egoistic — striker in the world.,7,tv_131041_Netflix,tv_131041,2,FALSE
1558,Home Improvement,tv,Netflix,8,1991,1991-09-17,[35],Comedy,Comedy,7.394,708,4.333569536,27.949,en,"The daily trials and tribulations of handyman Tim Taylor, a TV show host raising three boys with help from his loyal co-host, domineering wife, and unseen neighbor.",7,tv_1558_Netflix,tv_1558,2,FALSE
246,Avatar: The Last Airbender,tv,Netflix,8,2005,2005-02-21,"[16, 10759, 10765]",Animation|Action & Adventure|Sci-Fi & Fantasy,Animation,8.758,4813,7.933795219,27.8913,en,"In a war-torn world of elemental magic, a young boy reawakens to undertake a dangerous mystic quest to fulfill his destiny as the Avatar, and bring peace to the world.",7,tv_246_Netflix,tv_246,2,FALSE
52814,Halo,tv,Netflix,8,2022,2022-03-24,"[10765, 10759]",Sci-Fi & Fantasy|Action & Adventure,Sci-Fi & Fantasy,8.202,3145,7.076897119,27.8581,en,"Depicting an epic 26th-century conflict between humanity and an alien threat known as the Covenant, the series weaves deeply drawn personal stories with action, adventure and a richly imagined vision of the future.",7,tv_52814_Netflix,tv_52814,1,TRUE
86831,"Love, Death & Robots",tv,Netflix,8,2019,2019-03-15,"[16, 10765]",Animation|Sci-Fi & Fantasy,Animation,8.209,3972,7.291177996,27.7178,en,"Terrifying creatures, wicked surprises and dark comedy converge in this NSFW anthology of animated stories presented by Tim Miller and David Fincher.",7,tv_86831_Netflix,tv_86831,1,TRUE
62117,Younger,tv,Netflix,8,2015,2015-03-31,"[18, 35]",Drama|Comedy,Drama,6.854,237,2.204067843,27.3915,en,"Liza Miller, a suddenly single stay-at-home mother, tries to get back into the working world, only to find it’s nearly impossible to start at the bottom at 40-year old. When a chance encounter convinces her she looks younger than she is, Liza tries to pass herself off as 26 and lands a job as an assistant at Empirical Press. Now she just has to make sure no one finds out the secret only she and her best friend Maggie share.",7,tv_62117_Netflix,tv_62117,1,TRUE
240411,Dan Da Dan,tv,Netflix,8,2024,2024-10-04,"[16, 10759, 35, 10765]",Animation|Action & Adventure|Comedy|Sci-Fi & Fantasy,Animation,8.55,830,5.335714286,27.0478,ja,"In a bet to prove whether ghosts or aliens exist, two high schoolers face terrifying paranormal threats, gain superpowers and maybe even fall in love?!",7,tv_240411_Netflix,tv_240411,2,FALSE
251883,"Thank You, Next",tv,Netflix,8,2024,2024-05-09,"[18, 35]",Drama|Comedy,Drama,7.4,45,0.611009174,27.0045,tr,"After a painful breakup, a young lawyer dives head first into the confusing world of modern dating, with the unwavering support of her best friends.",7,tv_251883_Netflix,tv_251883,1,TRUE
79141,Scissor Seven,tv,Netflix,8,2018,2018-04-25,"[16, 35, 10759, 10765]",Animation|Comedy|Action & Adventure|Sci-Fi & Fantasy,Animation,8.592,769,5.20665721,26.8505,zh,"Seeking to recover his memory, a scissor-wielding, hairdressing, bungling quasi-assassin stumbles into a struggle for power among feuding factions.",7,tv_79141_Netflix,tv_79141,1,TRUE
270572,Lord of the Flies,tv,Netflix,8,2026,2026-02-08,"[18, 10759]",Drama|Action & Adventure,Drama,7.39,73,0.941483421,26.65,en,"After a plane crash, a group of schoolboys find themselves stranded on a tropical island without adults. Ralph is elected leader and, with the help of the intelligent Piggy, strives to maintain order and civilization. Jack, responsible for the signal fire, becomes increasingly focused on hunting and power struggles. This leads to tensions within the group, gradually pushing the boys from hope and structure into chaos and tragedy.",7,tv_270572_Netflix,tv_270572,1,TRUE
68398,Dr. Romantic,tv,Netflix,8,2016,2016-11-07,[18],Drama,Drama,8.2,122,1.608360129,26.622,ko,"An eccentric, triple board-certified virtuoso surgeon leaves a top job in Seoul and ends up at a provincial hospital, where he mentors young doctors.",7,tv_68398_Netflix,tv_68398,2,FALSE
90802,The Sandman,tv,Netflix,8,2022,2022-08-05,"[10765, 18, 10759]",Sci-Fi & Fantasy|Drama|Action & Adventure,Sci-Fi & Fantasy,7.872,2583,6.59532144,26.4304,en,"After years of imprisonment, Morpheus — the King of Dreams — embarks on a journey across worlds to find what was stolen from him and restore his power.",7,tv_90802_Netflix,tv_90802,1,TRUE
254821,Perfect Match,tv,Netflix,8,2025,2025-01-25,[18],Drama,Drama,8.097,62,0.893263345,26.3997,zh,"In the bustling capital of Bianjing during the Northern Song Dynasty, Madam Li moves her family in search of better marriage prospects for her five beautiful but quirky daughters, whose love lives have long been her worry. Each daughter, though famous for her beauty and wit, comes with unique quirks: the eldest, Shou Hua, has no interest in remarrying after early widowhood; the third, Kang Ning, is fierce and headstrong; the fourth, Hao De, is well-meaning but blunt; and the youngest, Le Shan, is spoiled and selective.  Challenges abound as they face unexpected setbacks, including a cold reception from the already-married sister they came to visit. As the family reestablishes their business, they navigate a series of humorous and heartwarming misadventures, ultimately finding love and fulfilling their mother’s hopes in this lively tale of family and romance.",7,tv_254821_Netflix,tv_254821,1,TRUE
113268,The Uncanny Counter,tv,Netflix,8,2020,2020-11-28,"[18, 9648, 10759]",Drama|Mystery|Action & Adventure,Drama,8.303,423,3.805166847,25.88,ko,"A group of supernatural demon hunters known as ""Counters,"" each with unique abilities, disguise themselves as employees of a noodle restaurant, while tracking down evil spirits that terrorize the mortal world.",7,tv_113268_Netflix,tv_113268,1,TRUE
60863,Haikyu!!,tv,Netflix,8,2014,2014-04-06,"[16, 35, 18]",Animation|Comedy|Drama,Animation,8.613,1493,6.452187155,25.7251,ja,"Inspired by a small-statured pro volleyball player, Hinata creates a volleyball team in his last year of middle school. Unfortunately the team is matched up against the ""King of the Court"" Tobio Kageyama’s team in their first tournament and inevitably lose. After the crushing defeat, Hinata vows to surpass Kageyama After entering high school, Hinata joins the volleyball team only to find that Tobio has also joined.",7,tv_60863_Netflix,tv_60863,1,TRUE
72002,Dynasty,tv,Netflix,8,2017,2017-10-11,"[18, 10766]",Drama|Soap,Drama,8.1,898,5.203004292,25.6796,en,"Follows two of America’s wealthiest families, the Carringtons and the Colbys, as they feud for control over their fortune and their children focusing on Fallon Carrington, the daughter of billionaire Blake Carrington, and her soon-to-be stepmother, Cristal, a Hispanic woman marrying into this WASP family and America’s most powerful class.",7,tv_72002_Netflix,tv_72002,1,TRUE
79460,Legacies,tv,Netflix,8,2018,2018-10-25,"[10765, 18]",Sci-Fi & Fantasy|Drama,Sci-Fi & Fantasy,8.423,3016,7.225189989,25.6426,en,"In a place where young witches, vampires, and werewolves are nurtured to be their best selves in spite of their worst impulses, Klaus Mikaelson’s daughter, 17-year-old Hope Mikaelson, Alaric Saltzman’s twins, Lizzie and Josie Saltzman, among others, come of age into heroes and villains at The Salvatore School for the Young and Gifted.",7,tv_79460_Netflix,tv_79460,1,TRUE
280945,"Bon Appétit, Your Majesty",tv,Netflix,8,2025,2025-08-23,"[18, 10765]",Drama|Sci-Fi & Fantasy,Drama,8.646,233,2.748319236,25.5453,ko,"After time traveling to the Joseon era, a talented chef meets a tyrant king. Her modern dishes captivate his palate, but royal challenges await her.",7,tv_280945_Netflix,tv_280945,1,TRUE
99966,All of Us Are Dead,tv,Netflix,8,2022,2022-01-28,"[10759, 18, 10765]",Action & Adventure|Drama|Sci-Fi & Fantasy,Action & Adventure,8.277,4317,7.417855304,25.4249,ko,A high school becomes ground zero for a zombie virus outbreak. Trapped students must fight their way out — or turn into one of the rabid infected.,7,tv_99966_Netflix,tv_99966,1,TRUE
68073,The Loud House,tv,Netflix,8,2016,2016-05-02,"[16, 35, 10751, 10762, 9648]",Animation|Comedy|Family|Kids|Mystery,Animation,7.811,562,4.133504708,25.3901,en,"Welcome to the Loud House, where life can get pretty crazy. One boy, TEN girls?! Lincoln Loud wouldn’t change it for the world!",7,tv_68073_Netflix,tv_68073,1,TRUE
32608,Ancient Aliens,tv,Netflix,8,2010,2010-04-20,"[99, 9648, 10765]",Documentary|Mystery|Sci-Fi & Fantasy,Documentary,7.022,298,2.622250627,25.3331,en,"Did intelligent beings from outer space visit Earth thousands of years ago? From the age of the dinosaurs to ancient Egypt, from early cave drawings to continued mass sightings in the US, each episode gives historic depth to the questions, speculations, provocative controversies, first-hand accounts and grounded theories surrounding this age old debate.",8,tv_32608_Netflix,tv_32608,3,FALSE
13916,Death Note,tv,Netflix,8,2006,2006-10-04,"[16, 9648, 10765]",Animation|Mystery|Sci-Fi & Fantasy,Animation,8.625,4887,7.824461667,24.9877,ja,"Light Yagami is an ace student with great prospects—and he’s bored out of his mind. But all that changes when he finds the Death Note, a notebook dropped by a rogue Shinigami death god. Any human whose name is written in the notebook dies, and Light has vowed to use the power of the Death Note to rid the world of evil. But will Light succeed in his noble goal, or will the Death Note turn him into the very thing he fights against?",8,tv_13916_Netflix,tv_13916,4,FALSE
38251,Toriko,tv,Netflix,8,2011,2011-04-03,"[16, 10765, 10759]",Animation|Sci-Fi & Fantasy|Action & Adventure,Animation,7.47,33,0.46249531,24.6706,ja,"In a world where gastronomy reigns, Gourmet Hunter Toriko hunts rare ingredients and animals to create his ultimate full-course meal.",8,tv_38251_Netflix,tv_38251,2,FALSE
67026,Designated Survivor,tv,Netflix,8,2016,2016-09-21,"[18, 10768]",Drama|War & Politics,Drama,7.147,1116,4.935675743,24.4392,en,"Tom Kirkman, a low-level cabinet member is suddenly appointed President of the United States after a catastrophic attack during the State of the Union kills everyone above him in the Presidential line of succession.",8,tv_67026_Netflix,tv_67026,1,TRUE
262928,Love in the Clouds,tv,Netflix,8,2025,2025-10-08,"[18, 10765]",Drama|Sci-Fi & Fantasy,Drama,8.789,38,0.620784387,24.27,zh,"At the annual Qingyun Conference in the Hexu Six Realms, Ji Bozai, a warrior from the Jixing Abyss with a past as a convict, defeated Ming Yi, the cold warrior goddess who had reigned supreme for seven consecutive years. Overnight, Ji Bozai became the hottest new star in Jixing Abyss. Meanwhile, Ming Yi, hiding her true identity, disguised herself as a dancer to get close to Ji Bozai. Under their carefully crafted personas, the two engaged in a thrilling dance of deception and attraction, fighting for justice and fairness, and ultimately found a deep and moving love.",8,tv_262928_Netflix,tv_262928,1,TRUE
202297,Fire Country,tv,Netflix,8,2022,2022-10-07,"[18, 80]",Drama|Crime,Drama,8.075,166,2.012687688,24.2018,en,"Seeking redemption and a shortened prison sentence, young convict Bode Donovan joins a firefighting program that returns him to his small Northern California hometown, where he and other inmates work alongside elite firefighters to extinguish massive blazes across the region.",8,tv_202297_Netflix,tv_202297,1,TRUE
289424,We Are All Trying Here,tv,Netflix,8,2026,2026-04-18,[18],Drama,Drama,8.7,15,0.253398058,24.0169,ko,An aspiring director hits rock bottom after 20 years chasing his debut — until he meets an overwhelmed producer who helps him rediscover his self-worth.,8,tv_289424_Netflix,tv_289424,1,TRUE
66788,13 Reasons Why,tv,Netflix,8,2017,2017-03-31,"[18, 9648]",Drama|Mystery,Drama,7.544,4526,6.793502587,24.0047,en,High school student Clay Jensen lands in the center of a series of heartbreaking mysteries set in motion by a friend's tragic suicide.,8,tv_66788_Netflix,tv_66788,1,TRUE
283657,Glory,tv,Netflix,8,2026,2026-05-01,"[18, 9648, 10759]",Drama|Mystery|Action & Adventure,Drama,5.875,4,0.046626984,23.9673,hi,"In a small-town boxing hub, two brothers investigate a shocking murder while navigating a troubled reunion with their father, a renowned coach.",8,tv_283657_Netflix,tv_283657,1,TRUE
39852,The Sinner,tv,Netflix,8,2017,2017-08-02,"[80, 18]",Crime|Drama,Crime,7.465,1228,5.304988426,23.4918,en,"In a small New York town, a haunted detective hunts for answers about perplexing crimes while wrestling with his own demons.",8,tv_39852_Netflix,tv_39852,1,TRUE
108545,3 Body Problem,tv,Netflix,8,2024,2024-03-21,"[10765, 9648, 18]",Sci-Fi & Fantasy|Mystery|Drama,Sci-Fi & Fantasy,7.469,1483,5.58574231,23.4609,en,"Across continents and decades, five brilliant friends make earth-shattering discoveries as the laws of science unravel and an existential threat emerges.",8,tv_108545_Netflix,tv_108545,1,TRUE
890,Neon Genesis Evangelion,tv,Netflix,8,1995,1995-10-04,"[10765, 16, 18]",Sci-Fi & Fantasy|Animation|Drama,Sci-Fi & Fantasy,8.569,2064,6.897978159,23.4146,ja,"At the turn of the century, the Angels returned to Earth, seeking to wipe out humanity in an apocalyptic fury. Devastated, mankind's last remnants moved underground to wait for the day when the Angels would come back to finish the job. Fifteen years later, that day has come... but this time, humanity is ready to fight back with terrifying bio-mechanical weapons known as the Evangelions. Watch as Shinji, Rei, Asuka and the rest of the mysterious shadow agency Nerv battle to save earth from total annihilation.",8,tv_890_Netflix,tv_890,1,TRUE
42573,Slam Dunk,tv,Netflix,8,1993,1993-10-16,"[16, 35]",Animation|Comedy,Animation,8.658,959,5.690899246,23.3805,ja,"Sakuragi Hanamichi is a junior high punk used to getting into fights and being rejected by girls but upon entering high school he meets the girl of his dreams, Haruko Akagi. He will do anything in order to win her heart including joining the school basketball team that is aiming to conquer the nation lead by Haruko's brother. The problem is that Sakuragi has never played basketball before and a freshman sensation is stealing the spotlight and Haruko's affection from him.",8,tv_42573_Netflix,tv_42573,1,TRUE
271607,The Fragrant Flower Blooms with Dignity,tv,Netflix,8,2025,2025-07-06,"[16, 18]",Animation|Drama,Animation,8.633,196,2.431132184,23.3406,ja,"When the intimidating Rintaro meets the open-minded Kaoruko, the unlikely duo grows closer. The issue? Their neighboring high schools hate each other.",8,tv_271607_Netflix,tv_271607,1,TRUE
37472,Octonauts,tv,Netflix,8,2010,2010-10-05,"[16, 10762]",Animation|Kids,Animation,7.185,54,0.70034296,23.1487,en,"Follows an underwater exploring crew made up of stylized anthropomorphic animals, a team of eight adventurers who live in an undersea base, the Octopod, from where they go on undersea adventures with the help of a fleet of aquatic vehicles.",8,tv_37472_Netflix,tv_37472,1,TRUE
75006,The Umbrella Academy,tv,Netflix,8,2019,2019-02-15,"[10759, 10765, 18]",Action & Adventure|Sci-Fi & Fantasy|Drama,Action & Adventure,8.478,9953,8.072470487,23.0881,en,"A dysfunctional family of superheroes comes together to solve the mystery of their father's death, the threat of the apocalypse and more.",8,tv_75006_Netflix,tv_75006,1,TRUE
250060,The First Frost,tv,Netflix,8,2025,2025-02-18,[18],Drama,Drama,8.438,73,1.074998255,23.0604,zh,"Wen Yifan, by chance, ends up living with her high school classmate Sang Yan, whom she once rejected. They keep their distance until Wen Yifan learns from Sang Yan that she sleepwalks, intertwining their lives once more.",8,tv_250060_Netflix,tv_250060,1,TRUE
4589,Arrested Development,tv,Netflix,8,2003,2003-11-02,[35],Comedy,Comedy,7.9,1640,6.054205607,22.626,en,"The story of a wealthy family that lost everything, and the one son who had no choice but to keep them all together.",8,tv_4589_Netflix,tv_4589,1,TRUE
278275,Veil of Shadows,tv,Netflix,8,2026,2026-04-01,"[18, 10765]",Drama|Sci-Fi & Fantasy,Drama,8.5,16,0.263565891,22.621,zh,"Lu Wuyi, the youngest nine-tailed fox of the mysterious Formless Moon Sect, sets out on a mission with her friend Wu Wangyan to track down a fox demon on the run, Xiaowei. She infiltrates the Wei Mansion in Luo'an City, where she later crosses paths with Wu Shiguang, who holds a deep grudge, as well as Ji Ling and Li Jie, demon hunters from the Shilin Sect. In the process of uncovering the truth, they navigate between suspicion and cooperation, each driven by their own agendas. In their repeated struggles over the Dragon Deity's Power, their fates are changed time and again. To preserve peace in the world, they make painful sacrifices and ultimately subdue Jiu Ying, the lord of all demons, thus fulfilling an enduring quest of love and redemption.",8,tv_278275_Netflix,tv_278275,1,TRUE
72755,Absentia,tv,Netflix,8,2017,2017-09-25,"[80, 18, 9648]",Crime|Drama|Mystery,Crime,7.257,380,3.133704545,22.5205,en,A missing FBI agent reappears six years after being declared dead.,8,tv_72755_Netflix,tv_72755,1,TRUE
116135,Vikings: Valhalla,tv,Netflix,8,2022,2022-02-25,"[10759, 18, 10768]",Action & Adventure|Drama|War & Politics,Action & Adventure,7.637,1030,5.141248366,22.3753,en,"In this sequel to ""Vikings,"" a hundred years have passed and a new generation of legendary heroes arises to forge its own destiny — and make history.",9,tv_116135_Netflix,tv_116135,1,TRUE
31251,Victorious,tv,Netflix,8,2010,2010-03-27,"[35, 10762]",Comedy|Kids,Comedy,8.212,1711,6.354921755,22.2606,en,Aspiring singer Tori Vega navigates life while attending a performing arts high school called Hollywood Arts.,9,tv_31251_Netflix,tv_31251,1,TRUE
72750,Killing Eve,tv,Netflix,8,2018,2018-04-08,"[80, 18]",Crime|Drama,Crime,7.905,1476,5.904746964,22.246,en,"A security consultant hunts for a ruthless assassin. Equally obsessed with each other, they go head to head in an epic game of cat-and-mouse.",9,tv_72750_Netflix,tv_72750,2,FALSE
94404,Dorohedoro,tv,Netflix,8,2020,2020-01-13,"[16, 10759, 35, 10765]",Animation|Action & Adventure|Comedy|Sci-Fi & Fantasy,Animation,8.324,412,3.760403509,22.2065,ja,"Amnesiac Caiman seeks to undo his lizard head curse by killing the sorcerer responsible, with his friend Nikaido's help. In the Hole, that's a threat.",9,tv_94404_Netflix,tv_94404,1,TRUE
90937,BEASTARS,tv,Netflix,8,2019,2019-10-10,"[16, 18, 9648, 80]",Animation|Drama|Mystery|Crime,Animation,8.424,1285,6.064336134,22.1927,ja,"In a world where beasts of all kinds coexist, a gentle wolf awakens to his own predatory urges as his school deals with a murder within its midst.",9,tv_90937_Netflix,tv_90937,1,TRUE
67744,MINDHUNTER,tv,Netflix,8,2017,2017-10-13,"[18, 80]",Drama|Crime,Drama,8.12,2931,6.936671524,21.966,en,An agent in the FBI's Elite Serial Crime Unit develops profiling techniques as he pursues notorious serial killers and rapists.,9,tv_67744_Netflix,tv_67744,1,TRUE
247723,The Hunting Party,tv,Netflix,8,2025,2025-01-19,"[18, 80]",Drama|Crime,Drama,7.045,78,0.950709343,21.9544,en,"A small team of investigators are assembled to track down and capture the most dangerous killers our country has ever seen, all of whom have just escaped from a top-secret prison that's not supposed to exist.",9,tv_247723_Netflix,tv_247723,2,FALSE
61852,Henry Danger,tv,Netflix,8,2014,2014-07-26,"[35, 10751, 10762, 10765]",Comedy|Family|Kids|Sci-Fi & Fantasy,Comedy,8.3,1144,5.7756691,21.9478,en,"When 13-year-old Henry Hart lands a job as Danger, the sidekick-in-training to superhero Captain Man, he must learn to navigate a double life balancing the challenges of 8th grade with the crazy adventures of a real-life crime fighter!",9,tv_61852_Netflix,tv_61852,1,TRUE
204832,MASHLE: MAGIC AND MUSCLES,tv,Netflix,8,2023,2023-04-08,"[16, 35, 10759, 10765]",Animation|Comedy|Action & Adventure|Sci-Fi & Fantasy,Animation,8.285,632,4.625547703,21.9322,ja,"This is a world of magic where magic is used for everything. But deep in the forest exists a young man who spends his time training and bulking up. He can't use magic, but he enjoys a peaceful life with his father. But one day, his life is put in danger! Will his muscular body protect him from the magic users who are out to get him? Powerfully trained muscles crush magic as this abnormal magical fantasy begins!",9,tv_204832_Netflix,tv_204832,2,FALSE
226688,Beyblade X,tv,Netflix,8,2023,2023-10-06,"[16, 10759, 35, 10765, 10762]",Animation|Action & Adventure|Comedy|Sci-Fi & Fantasy|Kids,Animation,6.8,10,0.133333333,21.6807,ja,Beginner blader Robin Kazami joins up with influencer Multi Nana-iro and former champion Jaxon Cross to form this unlikely trio - ready to climb to the top of The X and win the title of champion blader!,9,tv_226688_Netflix,tv_226688,2,FALSE
126280,Sex/Life,tv,Netflix,8,2021,2021-06-25,[18],Drama,Drama,7.053,1380,5.177202128,21.5914,en,A woman's daring sexual past collides with her married-with-kids present when the bad-boy ex she can't stop fantasizing about crashes back into her life.,9,tv_126280_Netflix,tv_126280,1,TRUE
146176,Berlin,tv,Netflix,8,2023,2023-12-29,"[18, 10759, 80]",Drama|Action & Adventure|Crime,Drama,7.56,635,4.229603524,21.5617,es,"During his glory days, Berlin and a gang assembled in Paris for one of his greatest plans ever: stealing 44 million euros' worth of jewels in one night.",9,tv_146176_Netflix,tv_146176,1,TRUE
68854,From Me to You: Kimi ni Todoke,tv,Netflix,8,2009,2009-10-07,"[16, 18]",Animation|Drama,Animation,8.4,353,3.476201641,21.4623,ja,"Nicknamed ""Sadako"" for her spooky appearance, high schooler Sawako begins to break out of her shell when she befriends popular boy Kazehaya.",9,tv_68854_Netflix,tv_68854,1,TRUE
80240,The Queen of Flow,tv,Netflix,8,2018,2018-06-12,"[18, 80]",Drama|Crime,Drama,7.999,1560,6.057495146,21.4466,es,"Seventeen years after being wrongly imprisoned, a talented songwriter seeks justice against the men who caused her downfall and killed her family.",9,tv_80240_Netflix,tv_80240,1,TRUE
117581,Ginny & Georgia,tv,Netflix,8,2021,2021-02-24,"[35, 18]",Comedy|Drama,Comedy,8.036,1777,6.271397453,21.3678,en,"Free-spirited Georgia and her two kids, Ginny and Austin, move north in search of a fresh start but find that the road to new beginnings can be bumpy.",9,tv_117581_Netflix,tv_117581,1,TRUE
207332,SAKAMOTO DAYS,tv,Netflix,8,2025,2025-01-11,"[16, 35, 10759]",Animation|Comedy|Action & Adventure,Animation,8.061,312,3.097330049,21.3377,ja,"Once the greatest hitman of all, Taro Sakamoto retired in the name of love. But when his past catches up, he must fight to protect his beloved family.",9,tv_207332_Netflix,tv_207332,1,TRUE
51817,Teenage Mutant Ninja Turtles,tv,Netflix,8,2012,2012-09-28,"[10759, 10762, 16, 10765, 35]",Action & Adventure|Kids|Animation|Sci-Fi & Fantasy|Comedy,Action & Adventure,8.323,783,5.079430242,21.2272,en,"The Teenage Mutant Ninja Turtles are back in an all-new animated series on Nickelodeon! Surfacing topside for the first time on their fifteenth birthday, the titular turtles, Leonardo, Michelangelo, Raphael and Donatello, find that life out of the sewers isn't exactly what they thought it would be. Now the turtles must work together as a team to take on new enemies that arise to take over New York City.",9,tv_51817_Netflix,tv_51817,1,TRUE
77240,Captain Tsubasa,tv,Netflix,8,2018,2018-04-03,"[16, 35, 18]",Animation|Comedy|Drama,Animation,8.195,729,4.860988609,21.2134,ja,"The passionate story of an elementary school student whose thoughts and dreams revolve almost entirely around the love of soccer. 11-year-old Tsubasa Oozora started playing football at a very young age, and while it was mostly just a recreational sport for his friends, for him, it developed into something of an obsession.  In order to pursue his dream to the best of his elementary school abilities, Tsubasa moves with his mother to Nankatsu city, which is well-known for its excellent elementary school soccer teams. But although he was easily the best in his old town, Nankatsu has a lot more competition, and he will need all of his skill and talent in order to stand out from this new crowd.",9,tv_77240_Netflix,tv_77240,1,TRUE
43348,Pablo Escobar: The Drug Lord,tv,Netflix,8,2012,2012-05-28,"[80, 18]",Crime|Drama,Crime,7.632,3690,6.721260143,21.1264,es,"Pablo is a man with a natural ability for business. Early in his life, Pablo is introduced to the business of cocaine and the power it yields. A young life of crime lands Pablo in and out of jail as he builds his criminal empire. Pablo expands his power through politics but it is not long before his conflicts as a Congressman and a drug lord collide. Pablo has his enemies executed, but not before the United States activates its own war on the Medellin cartel.",9,tv_43348_Netflix,tv_43348,1,TRUE
2398,Girlfriends,tv,Netflix,8,2000,2000-09-11,"[18, 35]",Drama|Comedy,Drama,7.4,45,0.611009174,20.9683,en,"The series revolves around the friendship of four African-American women in different phases of their lives. They explore the many trials and tribulations that most women face today such as relationships, family, friends and other current issues that will interest most women. Whether it’s getting over a divorce, finding a career, or looking for true love, Girlfriends delivers along with comedy and wit.",9,tv_2398_Netflix,tv_2398,1,TRUE
154385,BEEF,tv,Netflix,8,2023,2023-04-06,"[35, 18]",Comedy|Drama,Comedy,7.756,925,5.034596491,20.9383,en,A road rage incident between two strangers — a failing contractor and an unfulfilled entrepreneur — sparks a feud that brings out their darkest impulses.,10,tv_154385_Netflix,tv_154385,1,TRUE
115,A Different World,tv,Netflix,8,1987,1987-09-24,"[35, 10751]",Comedy|Family,Comedy,7,73,0.891797557,20.8052,en,"A Different World is a spin-off series from The Cosby Show and originally centered on Denise Huxtable and the life of students at Hillman College, a fictional mixed but historically black college in the state of Virginia. After Bonet's departure in the first season, the remainder of the series primarily focused more on Southern belle Whitley Gilbert and mathematics whiz Dwayne Wayne. The series frequently depicted members of the major historically black fraternities and sororities.",10,tv_115_Netflix,tv_115,1,TRUE
80671,Cells at Work!,tv,Netflix,8,2018,2018-07-08,"[16, 10759, 35]",Animation|Action & Adventure|Comedy,Animation,8.069,306,3.063416873,20.8016,ja,"This is a story about you. A tale about the inside of your body... According to a new study, the human body consists of approximately 37 trillion cells. These cells are hard at work every day within a world that is your body. From the oxygen-carrying red blood cells to the bacteria-fighting white blood cells, get to know the unsung heroes and the drama that unfolds inside of you! It's the oddly relatable and interesting story that is the life of cells!",10,tv_80671_Netflix,tv_80671,1,TRUE
2328,Power Rangers,tv,Netflix,8,1993,1993-08-28,"[10759, 10765, 10762]",Action & Adventure|Sci-Fi & Fantasy|Kids,Action & Adventure,7.08,836,4.430299401,20.7512,en,"A team of teenagers with attitude are recruited to save Angel Grove from the evil witch, Rita Repulsa, and later, Lord Zedd, Emperor of all he sees, and their horde of monsters.",10,tv_2328_Netflix,tv_2328,2,FALSE
21755,Pawn Stars,tv,Netflix,8,2009,2009-07-19,[10764],Reality,Reality,7.1,297,2.645796738,20.6364,en,"Go inside the colorful world of the pawn business. At the Gold & Silver Pawn Shop on the outskirts of Las Vegas, generations of the Harrison family run the family business, and there’s clashing and camaraderie every step of the way.",10,tv_21755_Netflix,tv_21755,3,FALSE
96884,Dragon Quest: The Adventure of Dai,tv,Netflix,8,2020,2020-10-02,"[16, 10759, 10765]",Animation|Action & Adventure|Sci-Fi & Fantasy,Animation,8,128,1.630573248,20.4655,ja,"Young Dai embarks on an epic journey to become a legendary hero, training with his loyal companions to save the world from the resurrected Demon King.",10,tv_96884_Netflix,tv_96884,1,TRUE
97645,Solar Opposites,tv,Netflix,8,2020,2020-05-08,"[35, 16, 10765]",Comedy|Animation|Sci-Fi & Fantasy,Comedy,7.784,604,4.258637681,20.3059,en,"A family of aliens from a much better world must take refuge in middle America after the destruction of their planet. Their mission: protect the Pupa, a living super computer that will one day evolve into its true form, consume them and terraform the Earth.",10,tv_97645_Netflix,tv_97645,2,FALSE
261145,The Amazing Digital Circus,tv,Netflix,8,2023,2023-10-13,"[16, 35, 18, 10765]",Animation|Comedy|Drama|Sci-Fi & Fantasy,Animation,8.42,181,2.237914831,20.2907,en,A woman finds herself trapped in a virtual circus where she and five other humans are subject to the whims of a wacky AI ringmaster. In this digital purgatory they must face frightening NPCs and cope with their own personal traumas.,10,tv_261145_Netflix,tv_261145,1,TRUE
223500,WIND BREAKER,tv,Netflix,8,2024,2024-04-05,"[16, 10759]",Animation|Action & Adventure,Animation,8.103,179,2.136136966,20.2509,ja,"Furin High School's delinquents get bad grades, but they excel at protecting their town. Then a victory-obsessed newcomer threatens the balance of power.",10,tv_223500_Netflix,tv_223500,1,TRUE
262848,Unchosen,tv,Netflix,8,2026,2026-04-21,[18],Drama,Drama,7.1,42,0.550184502,20.1961,en,"When a young mother from a sheltered cult crosses paths with a mysterious stranger, she embarks on a risky affair that awakens desires and dark secrets.",10,tv_262848_Netflix,tv_262848,1,TRUE
4344,Rescue Me,tv,Netflix,8,2004,2004-07-21,[18],Drama,Drama,7.6,183,2.036310395,20.1635,en,"The aftermath of 9/11 has left the firefighters of the NYFD traumatized, and no one more so than Tommy Gavin. Recently separated from his wife and their three kids, Tommy drifts between sorrow and anger as he tries to shake the recurring nightmares of his fallen comrades, especially his late cousin, Jimmy Keefe. Working alongside veterans like Lt. “Lou” Shea, Franco Rivera and Sean Garrity, and rookie Mike Lombardi, Tommy battles alcohol and drugs as he struggles to remain first and foremost a New York City firefighter.",10,tv_4344_Netflix,tv_4344,2,FALSE
82428,All American,tv,Netflix,8,2018,2018-10-10,[18],Drama,Drama,8.1,481,3.971559633,20.0829,en,"When a rising high school football player from South Central L.A. is recruited to play for Beverly Hills High, the wins, losses and struggles of two families from vastly different worlds - Compton and Beverly Hills - begin to collide. Inspired by the life of pro football player Spencer Paysinger.",10,tv_82428_Netflix,tv_82428,1,TRUE
100757,Outer Banks,tv,Netflix,8,2020,2020-04-15,"[10759, 18, 9648]",Action & Adventure|Drama|Mystery,Action & Adventure,8.268,1166,5.786607443,20.0608,en,"A tight-knit group of teens unearths a long-buried secret, setting off a chain of illicit events that takes them on an adventure they'll never forget.",10,tv_100757_Netflix,tv_100757,1,TRUE
74204,Big Mouth,tv,Netflix,8,2017,2017-09-29,"[35, 16]",Comedy|Animation,Comedy,7.633,1208,5.398515222,20.0257,en,Teenage friends find their lives upended by the wonders and horrors of puberty in this edgy comedy from real-life pals Nick Kroll and Andrew Goldberg.,10,tv_74204_Netflix,tv_74204,1,TRUE
87739,The Queen's Gambit,tv,Netflix,8,2020,2020-10-23,[18],Drama,Drama,8.4,5466,7.696010727,20.0242,en,"In a 1950s orphanage, a young girl reveals an astonishing talent for chess and begins an unlikely journey to stardom while grappling with addiction.",10,tv_87739_Netflix,tv_87739,1,TRUE
61381,black-ish,tv,Netflix,8,2014,2014-09-24,[35],Comedy,Comedy,7.124,331,2.837598075,19.97,en,"A family man struggles to gain a sense of cultural identity while raising his kids in a predominantly white, upper-middle-class neighborhood.",10,tv_61381_Netflix,tv_61381,2,FALSE
58981,The Thundermans,tv,Netflix,8,2013,2013-10-14,"[10759, 35, 10751, 10765]",Action & Adventure|Comedy|Family|Sci-Fi & Fantasy,Action & Adventure,8.015,599,4.368503185,19.9247,en,"Meet The Thundermans, a typical suburban family that happens to have astounding superpowers. At the center of the action are the 14-year-old Thunderman twins, who share the same bathroom, the same school, and the same annoying little siblings. Their only difference? The sister is a super student with a super sunny disposition who super looks forward to being a superhero someday, and her twin brother is a super villain.",10,tv_58981_Netflix,tv_58981,1,TRUE
211684,The Walking Dead: Daryl Dixon,tv,Netflix,8,2023,2023-09-10,"[10765, 10759, 18]",Sci-Fi & Fantasy|Action & Adventure|Drama,Sci-Fi & Fantasy,8,850,5.037037037,19.9072,en,"After washing ashore in France, Daryl struggles to piece together how he got there and why, as he navigates a fractured, walker-infested landscape to find his way home. During his journey, Daryl has to protect a young boy, Laurent, who is seen as a messiah, while facing new, dangerous walker variants and the ""Power of the Living"" paramilitary group, as the connections he forms along the way complicate his plan to return home.",10,tv_211684_Netflix,tv_211684,1,TRUE
238084,Trigger,tv,Netflix,8,2025,2025-07-25,"[10759, 18, 80]",Action & Adventure|Drama|Crime,Action & Adventure,7.7,89,1.163497453,19.8618,ko,"As illegal firearms flood into a gun-free South Korea, a resolute cop and a mysterious partner join forces to stop the chaos from sweeping the nation.",10,tv_238084_Netflix,tv_238084,1,TRUE
62110,Assassination Classroom,tv,Netflix,8,2015,2015-01-10,"[16, 35, 10759, 10765]",Animation|Comedy|Action & Adventure|Sci-Fi & Fantasy,Animation,8.39,1218,5.948207218,19.8393,ja,"The students of Class 3-E have a mission: kill their teacher before graduation. He has already destroyed the moon, and has promised to destroy the Earth if he can not be killed within a year. But how can this class of misfits kill a tentacled monster, capable of reaching Mach 20 speed, who may be the best teacher any of them have ever had?",10,tv_62110_Netflix,tv_62110,1,TRUE
350,The Devil Wears Prada,movie,Hulu,15,2006,2006-06-29,"[18, 35]",Drama|Comedy,Drama,7.408,13390,7.141333333,286.318,en,"A young woman from the Midwest gets more than she bargained for when she moves to New York to become a writer and ends up as the assistant to the tyrannical, larger-than-life editor-in-chief of a major fashion magazine.",1,movie_350_Hulu,movie_350,3,FALSE
1198994,Send Help,movie,Hulu,15,2026,2026-01-22,"[27, 53, 35]",Horror|Thriller|Comedy,Horror,7,1408,5.165618449,159.3444,en,"Two colleagues become stranded on a deserted island, the only survivors of a plane crash. On the island, they must overcome past grievances and work together to survive, but ultimately, it's a battle of wills and wits to make it out alive.",1,movie_1198994_Hulu,movie_1198994,1,TRUE
1242898,Predator: Badlands,movie,Hulu,15,2025,2025-11-05,"[28, 878, 12]",Action|Science Fiction|Adventure,Action,7.708,2813,6.544703894,75.478,en,"Cast out from his clan, a young Predator finds an unlikely ally in a damaged android and embarks on a treacherous journey in search of the ultimate adversary.",1,movie_1242898_Hulu,movie_1242898,1,TRUE
1688652,Gary,movie,Hulu,15,2026,2026-05-05,"[18, 35]",Drama|Comedy,Drama,6.8,20,0.261538462,33.0784,en,"Two friends go on a work trip and encounter unexpected challenges and local personalities as they navigate their assignment. Their efforts to adapt to unfamiliar surroundings highlights moments of humor, small-town culture and the unpredictable nature of work travel. As they troubleshoot problems, their experience leaves a lasting impression and offers new perspectives on their friendship.",1,movie_1688652_Hulu,movie_1688652,1,TRUE
1115544,Mike & Nick & Nick & Alice,movie,Hulu,15,2026,2026-03-14,"[35, 878, 80]",Comedy|Science Fiction|Crime,Comedy,6.801,311,2.60802836,31.3503,en,"Two gangsters and the woman they love try to survive the most dangerous night of their lives. As if that wasn’t enough, there’s one wild ingredient added to the mix: a time machine.",1,movie_1115544_Hulu,movie_1115544,1,TRUE
808,Shrek,movie,Hulu,15,2001,2001-05-18,"[16, 35, 14, 12, 10751]",Animation|Comedy|Fantasy|Adventure|Family,Animation,7.761,18696,7.55884851,30.5813,en,"It ain't easy bein' green -- especially if you're a likable (albeit smelly) ogre named Shrek. On a mission to retrieve a gorgeous princess from the clutches of a fire-breathing dragon, Shrek teams up with an unlikely compatriot -- a wisecracking donkey.",1,movie_808_Hulu,movie_808,2,FALSE
567609,Ready or Not,movie,Hulu,15,2019,2019-08-21,"[27, 35]",Horror|Comedy,Horror,7.062,5396,6.463119403,29.7499,en,A young bride's wedding night turns into her worst nightmare when her ridiculously rich in-laws force her to play a gruesome game of hide-and-seek.,1,movie_567609_Hulu,movie_567609,1,TRUE
11,Star Wars,movie,Hulu,15,1977,1977-05-25,"[12, 28, 878]",Adventure|Action|Science Fiction,Adventure,8.204,22269,8.023842769,26.6862,en,Princess Leia is captured and held hostage by the evil Imperial forces in their effort to take over the galactic Empire. Venturesome Luke Skywalker and dashing captain Han Solo team together with the loveable robot duo R2-D2 and C-3PO to rescue the beautiful princess and restore peace and justice in the Empire.,1,movie_11_Hulu,movie_11,2,FALSE
866398,The Beekeeper,movie,Hulu,15,2024,2024-01-08,"[28, 80, 53]",Action|Crime|Thriller,Action,7.245,4172,6.46963613,25.3823,en,One man's campaign for vengeance takes on national stakes after he is revealed to be a former operative of a powerful and clandestine organization known as Beekeepers.,1,movie_866398_Hulu,movie_866398,2,FALSE
12153,White Chicks,movie,Hulu,15,2004,2004-06-23,"[35, 80]",Comedy|Crime,Comedy,6.931,4498,6.237622649,21.6384,en,"Two FBI agent brothers, Marcus and Kevin Copeland, accidentally foil a drug bust. To avoid being fired they accept a mission escorting a pair of socialites to the Hamptons--but when the girls are disfigured in a car accident, they refuse to go. Left without options, Marcus and Kevin decide to pose as the sisters, transforming themselves from black men into rich European-American women.",1,movie_12153_Hulu,movie_12153,1,TRUE
106,Predator,movie,Hulu,15,1987,1987-06-12,"[878, 28, 12, 53]",Science Fiction|Action|Adventure|Thriller,Science Fiction,7.549,9066,7.154425465,17.7609,en,A team of elite commandos on a secret mission in a Central American jungle come to find themselves hunted by an extraterrestrial warrior.,1,movie_106_Hulu,movie_106,1,TRUE
107257,A Perfect Ending,movie,Hulu,15,2012,2012-06-01,"[18, 10749]",Drama|Romance,Drama,6.215,135,1.321299213,17.0877,en,"This intimate drama follows Rebecca, a woman who has kept her sexuality a secret from her friends but chooses to reveal it to a stranger. While Rebecca's revelations may not yield the results she expects, a perfect ending is still in reach.",1,movie_107257_Hulu,movie_107257,1,TRUE
823464,Godzilla x Kong: The New Empire,movie,Hulu,15,2024,2024-03-27,"[28, 12, 878]",Action|Adventure|Science Fiction,Action,7.051,4644,6.365638414,17.0817,en,"Following their explosive showdown, Godzilla and Kong must reunite against a colossal undiscovered threat hidden within our world, challenging their very existence – and our own.",1,movie_823464_Hulu,movie_823464,2,FALSE
801335,Girl in the Basement,movie,Hulu,15,2021,2021-02-27,"[53, 80, 10770]",Thriller|Crime|TV Movie,Thriller,7.563,851,4.76396225,16.2302,en,"Sara is a teen girl who is looking forward to her 18th birthday to move away from her controlling father Don. But before she could even blow out the candles, Don imprisons her in the basement of their home.",1,movie_801335_Hulu,movie_801335,1,TRUE
766507,Prey,movie,Hulu,15,2022,2022-08-02,"[53, 28, 878]",Thriller|Action|Science Fiction,Thriller,7.661,7686,7.193066944,14.7371,en,"When danger threatens her camp, the fierce and highly skilled Comanche warrior Naru sets out to protect her people. But the prey she stalks turns out to be a highly evolved alien predator with a technically advanced arsenal.",1,movie_766507_Hulu,movie_766507,1,TRUE
1072790,Anyone But You,movie,Hulu,15,2023,2023-12-21,"[10749, 35]",Romance|Comedy,Romance,6.782,3045,5.825441467,14.355,en,"After an amazing first date, Bea and Ben’s fiery attraction turns ice cold — until they find themselves unexpectedly reunited at a destination wedding in Australia. So they do what any two mature adults would do: pretend to be a couple.",1,movie_1072790_Hulu,movie_1072790,1,TRUE
573435,Bad Boys: Ride or Die,movie,Hulu,15,2024,2024-06-05,"[28, 35, 80]",Action|Comedy|Crime,Action,7.325,3313,6.364470233,14.3273,en,"After their late former Captain is framed, Lowrey and Burnett try to clear his name, only to end up on the run themselves.",1,movie_573435_Hulu,movie_573435,1,TRUE
1891,The Empire Strikes Back,movie,Hulu,15,1980,1980-05-20,"[12, 28, 878]",Adventure|Action|Science Fiction,Adventure,8.4,18359,8.17729466,14.2749,en,"The epic saga continues as Luke Skywalker, in hopes of defeating the evil Galactic Empire, learns the ways of the Jedi from aging master Yoda. But Darth Vader is more determined than ever to capture Luke. Meanwhile, rebel leader Princess Leia, cocky Han Solo, Chewbacca, and droids C-3PO and R2-D2 are thrown into various stages of capture, betrayal and despair.",1,movie_1891_Hulu,movie_1891,1,TRUE
653346,Kingdom of the Planet of the Apes,movie,Hulu,15,2024,2024-05-08,"[878, 12, 28]",Science Fiction|Adventure|Action,Science Fiction,7.054,4227,6.3078608,14.2055,en,"Several generations following Caesar's reign, apes – now the dominant species – live harmoniously while humans have been reduced to living in the shadows. As a new tyrannical ape leader builds his empire, one young ape undertakes a harrowing journey that will cause him to question all he's known about the past and to make choices that will define a future for apes and humans alike.",1,movie_653346_Hulu,movie_653346,1,TRUE
1422,The Departed,movie,Hulu,15,2006,2006-10-04,"[18, 53, 80]",Drama|Thriller|Crime,Drama,8.16,16145,7.914881346,14.1634,en,"To take down South Boston's Irish Mafia, the police send in one of their own to infiltrate the underworld, not realizing the syndicate has done likewise. While an undercover cop curries favor with the mob kingpin, a career criminal rises through the police ranks. But both sides soon discover there's a mole among them.",1,movie_1422_Hulu,movie_1422,1,TRUE
1124,The Prestige,movie,Hulu,15,2006,2006-10-19,"[18, 9648, 878]",Drama|Mystery|Science Fiction,Drama,8.207,17529,7.979394476,13.9351,en,"A mysterious story of two magicians whose intense rivalry leads them on a life-long battle for supremacy -- full of obsession, deceit and jealousy with dangerous and deadly consequences.",2,movie_1124_Hulu,movie_1124,1,TRUE
1064213,Anora,movie,Hulu,15,2024,2024-10-14,"[18, 35, 10749]",Drama|Comedy|Romance,Drama,7.1,3126,6.120959735,13.7599,en,"A young sex worker from Brooklyn gets her chance at a Cinderella story when she meets and impulsively marries the son of an oligarch. Once the news reaches Russia, her fairytale is threatened as his parents set out to get the marriage annulled.",2,movie_1064213_Hulu,movie_1064213,1,TRUE
331482,Little Women,movie,Hulu,15,2019,2019-12-25,"[18, 10749]",Drama|Romance,Drama,7.854,6814,7.317084495,13.5052,en,Four sisters come of age in America in the aftermath of the Civil War.,2,movie_331482_Hulu,movie_331482,1,TRUE
809,Shrek 2,movie,Hulu,15,2004,2004-05-19,"[16, 10751, 35, 14, 10749]",Animation|Family|Comedy|Fantasy|Romance,Animation,7.313,13383,7.049620327,13.4113,en,"Happily ever after never seemed so far far away when a trip to meet the in-laws turns into a hilariously twisted adventure for Shrek and Fiona. With the help of his faithful Donkey, Shrek takes on a potion-brewing Fairy Godmother, the pompous Prince Charming, and the ogre-killer, Puss In Boots.",2,movie_809_Hulu,movie_809,2,FALSE
639988,No Other Choice,movie,Hulu,15,2025,2025-09-24,"[35, 80, 53]",Comedy|Crime|Thriller,Comedy,7.516,1020,5.043631579,13.0835,ko,"After being laid off and humiliated by a ruthless job market, a veteran paper mill manager descends into violence in a desperate bid to reclaim his dignity.",2,movie_639988_Hulu,movie_639988,1,TRUE
273481,Sicario,movie,Hulu,15,2015,2015-09-17,"[28, 80, 53]",Action|Crime|Thriller,Action,7.419,9520,7.048790419,12.7369,en,An idealistic FBI agent is enlisted by a government task force to aid in the escalating war against drugs at the border area between the U.S. and Mexico.,2,movie_273481_Hulu,movie_273481,1,TRUE
718930,Bullet Train,movie,Hulu,15,2022,2022-08-03,"[28, 35, 53]",Action|Comedy|Thriller,Action,7.4,7487,6.936747214,12.7219,en,"Unlucky assassin Ladybug is determined to do his job peacefully after one too many gigs gone off the rails. Fate, however, may have other plans, as Ladybug's latest mission puts him on a collision course with lethal adversaries from around the globe—all with connected, yet conflicting, objectives—on the world's fastest train.",2,movie_718930_Hulu,movie_718930,1,TRUE
1284120,The Ugly Stepsister,movie,Hulu,15,2025,2025-03-07,"[27, 35, 18]",Horror|Comedy|Drama,Horror,7.312,1146,5.090857837,12.4499,no,"In a fairy-tale kingdom where beauty is a brutal business, Elvira battles to compete with her incredibly beautiful stepsister, and she will go to any length to catch the prince’s eye.",2,movie_1284120_Hulu,movie_1284120,1,TRUE
619979,Deep Water,movie,Hulu,15,2022,2022-03-17,"[18, 9648, 53]",Drama|Mystery|Thriller,Drama,5.817,1630,4.451507042,12.4328,en,A well-to-do husband who allows his wife to have affairs in order to avoid a divorce becomes a prime suspect in the disappearance of her lovers.,2,movie_619979_Hulu,movie_619979,1,TRUE
1226578,Longlegs,movie,Hulu,15,2024,2024-07-10,"[80, 27, 9648]",Crime|Horror|Mystery,Crime,6.53,2626,5.485534229,11.7755,en,"FBI Agent Lee Harker is a gifted new recruit assigned to the unsolved case of an elusive serial killer. As the case takes complex turns, unearthing evidence of the occult, Harker discovers a personal connection to the merciless killer and must race against time to stop him before he claims the lives of another innocent family.",2,movie_1226578_Hulu,movie_1226578,1,TRUE
1220564,The Secret Agent,movie,Hulu,15,2025,2025-07-23,"[53, 18, 80]",Thriller|Drama|Crime,Thriller,7.289,650,4.119869565,11.5654,pt,"Brazil, 1977. Marcelo, a technology expert in his early 40s, is on the run. Hoping to reunite with his son, he travels to Recife during Carnival but soon realizes that the city is not the safe haven he was expecting.",2,movie_1220564_Hulu,movie_1220564,1,TRUE
131631,The Hunger Games: Mockingjay - Part 1,movie,Hulu,15,2014,2014-11-19,"[878, 12, 53]",Science Fiction|Adventure|Thriller,Science Fiction,6.817,16700,6.618831395,11.4548,en,"After surviving the Quarter Quell, Katniss finds herself in the hidden stronghold of District 13, where the rebellion against the Capitol is gaining momentum. Struggling with the weight of becoming the symbol of resistance, she must navigate fragile alliances while trying to protect those she loves. As propaganda battles rage and Panem moves closer to full-scale war, Katniss is forced to confront the true cost of revolution.",2,movie_131631_Hulu,movie_131631,1,TRUE
926393,The Equalizer 3,movie,Hulu,15,2023,2023-08-30,"[28, 53, 80]",Action|Thriller|Crime,Action,7.287,3692,6.417844466,10.8825,en,"Robert McCall finds himself at home in Southern Italy but he discovers his friends are under the control of local crime bosses. As events turn deadly, McCall knows what he has to do: become his friends' protector by taking on the mafia.",2,movie_926393_Hulu,movie_926393,1,TRUE
1124620,The Monkey,movie,Hulu,15,2025,2025-02-14,"[27, 35]",Horror|Comedy,Horror,6.006,1286,4.324589026,10.8563,en,"When twin brothers find a mysterious wind-up monkey, a series of outrageous deaths tear their family apart. Twenty-five years later, the monkey begins a new killing spree forcing the estranged brothers to confront the cursed toy.",2,movie_1124620_Hulu,movie_1124620,1,TRUE
1241470,Osiris,movie,Hulu,15,2025,2025-07-25,"[878, 28, 27]",Science Fiction|Action|Horror,Science Fiction,6.004,234,1.914081744,10.7028,en,"Special Forces commandos on a mission are abducted mid-operation by a mysterious spacecraft. Upon waking aboard, they find themselves prey to a relentless alien race in a fight for survival.",2,movie_1241470_Hulu,movie_1241470,1,TRUE
10192,Shrek Forever After,movie,Hulu,15,2010,2010-05-20,"[35, 12, 14, 16, 10751]",Comedy|Adventure|Fantasy|Animation|Family,Comedy,6.4,7924,6.020132953,10.6324,en,"A midlife-crisis burdened Shrek, longing for the days when he felt like a real ogre, makes a pact with magic deal-maker Rumpelstiltskin. But when he's duped and sent to a twisted version of Far Far Away—where Rumpelstiltskin is king, ogres are hunted, and he and Fiona have never met—he sets out to restore his world and reclaim his true love.",2,movie_10192_Hulu,movie_10192,2,FALSE
810,Shrek the Third,movie,Hulu,15,2007,2007-05-17,"[14, 12, 16, 35, 10751]",Fantasy|Adventure|Animation|Comedy|Family,Fantasy,6.3,9751,5.992712906,10.6133,en,"The King of Far Far Away has died and Shrek and Fiona are to become King & Queen. However, Shrek wants to return to his cozy swamp and live in peace and quiet, so when he finds out there is another heir to the throne, they set off to bring him back to rule the kingdom.",2,movie_810_Hulu,movie_810,2,FALSE
330459,Rogue One: A Star Wars Story,movie,Hulu,15,2016,2016-12-14,"[28, 12, 878]",Action|Adventure|Science Fiction,Action,7.506,16360,7.283402135,10.5524,en,A rogue band of resistance fighters unite for a mission to steal the Death Star plans and bring a new hope to the galaxy.,2,movie_330459_Hulu,movie_330459,1,TRUE
1087891,The Amateur,movie,Hulu,15,2025,2025-04-09,"[53, 28]",Thriller|Action,Thriller,6.948,1586,5.282611697,10.5351,en,"After his life is turned upside down when his wife is killed in a London terrorist attack, a brilliant but introverted CIA decoder takes matters into his own hands when his supervisors refuse to take action.",2,movie_1087891_Hulu,movie_1087891,1,TRUE
9072,Little Man,movie,Hulu,15,2006,2006-08-31,"[35, 80]",Comedy|Crime,Comedy,5.9,1888,4.664656616,10.5247,en,"After leaving prison, dwarf criminal Calvin Sims joins his moron brother Percy in stealing an expensive huge diamond from a jewelry store for the mobster Walken. They are chased by the police, and Calvin hides the stone in the purse of executive Vanessa Edwards, whose husband Darryl Edwards wants to have a baby. Percy convinces Calvin to dress like a baby and be left in front of the Edwards' house to get inside the house and retrieve the diamond. Darryl and Vanessa keep Calvin for the weekend and decide to adopt him, while Walken threatens Darryl to get the stone back.",2,movie_9072_Hulu,movie_9072,1,TRUE
49530,In Time,movie,Hulu,15,2011,2011-10-27,"[28, 53, 878]",Action|Thriller|Science Fiction,Action,6.969,12121,6.692912527,10.1654,en,"In the not-too-distant future, the aging gene has been switched off. To avoid overpopulation, time has become the currency and the way people pay for luxuries and necessities. The rich can live forever, while the rest struggle to negotiate for their immortality. A poor young man who suddenly comes into a fortune of time finds himself on the run from a corrupt police force known as the ""time keepers"".",3,movie_49530_Hulu,movie_49530,1,TRUE
101299,The Hunger Games: Catching Fire,movie,Hulu,15,2013,2013-11-15,"[12, 28, 878]",Adventure|Action|Science Fiction,Adventure,7.4,18405,7.204284581,10.0414,en,"After surviving the Hunger Games, Katniss and Peeta struggle with the consequences of their victory as unrest spreads across Panem. Forced back into the spotlight, they become symbols of hope and resistance while the Capitol prepares a new and deadly challenge that will change the future of the nation forever.",3,movie_101299_Hulu,movie_101299,1,TRUE
980489,Gran Turismo,movie,Hulu,15,2023,2023-08-09,"[12, 18, 28]",Adventure|Drama|Action,Adventure,7.7,3370,6.705167959,10.0151,en,The ultimate wish-fulfillment tale of a teenage Gran Turismo player whose gaming skills won him a series of Nissan competitions to become an actual professional racecar driver.,3,movie_980489_Hulu,movie_980489,1,TRUE
615173,The Witch: Part 2 - The Other One,movie,Hulu,15,2022,2022-06-15,"[28, 9648, 53, 878]",Action|Mystery|Thriller|Science Fiction,Action,7.382,442,3.463740977,9.9852,ko,"A girl wakes up in a huge secret laboratory, then accidentally meets another girl who is trying to protect her house from a gang. The mystery girl overthrows the gang with her unexpected powers, and laboratory staff set out to find her.",3,movie_615173_Hulu,movie_615173,1,TRUE
38700,Bad Boys for Life,movie,Hulu,15,2020,2020-01-15,"[53, 28, 80]",Thriller|Action|Crime,Thriller,7.116,8721,6.730141633,9.9087,en,"Marcus and Mike are forced to confront new threats, career changes, and midlife crises as they join the newly created elite team AMMO of the Miami police department to take down the ruthless Armando Armas, the vicious leader of a Miami drug cartel.",3,movie_38700_Hulu,movie_38700,1,TRUE
141,Donnie Darko,movie,Hulu,15,2001,2001-01-19,"[14, 18, 9648]",Fantasy|Drama|Mystery,Fantasy,7.764,13376,7.484236379,9.7874,en,"After narrowly escaping a bizarre accident, a troubled teenager is plagued by visions of a large bunny rabbit that manipulates him to commit a series of crimes.",3,movie_141_Hulu,movie_141,2,FALSE
335787,Uncharted,movie,Hulu,15,2022,2022-02-10,"[28, 12]",Action|Adventure,Action,6.872,6771,6.399437766,9.7619,en,"A young street-smart, Nathan Drake and his wisecracking partner Victor “Sully” Sullivan embark on a dangerous pursuit of “the greatest treasure never found” while also tracking clues that may lead to Nathan’s long-lost brother.",3,movie_335787_Hulu,movie_335787,1,TRUE
2048,"I, Robot",movie,Hulu,15,2004,2004-07-15,"[28, 878]",Action|Science Fiction,Action,6.961,12615,6.695616851,9.5934,en,"In 2035, where robots are commonplace and abide by the three laws of robotics, a technophobic cop investigates an apparent suicide. Suspecting that a robot may be responsible for the death, his investigation leads him to believe that humanity may be in danger.",3,movie_2048_Hulu,movie_2048,1,TRUE
1124566,Sentimental Value,movie,Hulu,15,2025,2025-08-20,[18],Drama,Drama,7.5,869,4.760774288,9.5474,no,"Sisters Nora and Agnes reunite with their estranged father, the charismatic Gustav, a once-renowned director who offers stage actress Nora a role in what he hopes will be his comeback film. When Nora turns it down, she soon discovers he has given her part to an eager young Hollywood star.",3,movie_1124566_Hulu,movie_1124566,1,TRUE
293670,The Wailing,movie,Hulu,15,2016,2016-05-12,"[27, 9648]",Horror|Mystery,Horror,7.4,2034,5.939857932,9.4197,ko,A stranger arrives in a little village and soon after a mysterious sickness starts spreading. A policeman is drawn into the incident and is forced to solve the mystery in order to save his daughter.,3,movie_293670_Hulu,movie_293670,1,TRUE
119450,Dawn of the Planet of the Apes,movie,Hulu,15,2014,2014-07-08,"[878, 28, 18, 53]",Science Fiction|Action|Drama|Thriller,Science Fiction,7.337,12193,7.047982431,9.3152,en,"A group of scientists in San Francisco struggle to stay alive in the aftermath of a plague that is wiping out humanity, while Caesar tries to maintain dominance over his community of intelligent apes.",3,movie_119450_Hulu,movie_119450,1,TRUE
1257009,Primitive War,movie,Hulu,15,2025,2025-08-21,"[28, 27, 10752, 878]",Action|Horror|War|Science Fiction,Action,6.502,282,2.344710997,9.3058,en,"During the Vietnam War, a recon unit ventures to an isolated jungle valley to uncover the fate of a missing platoon. They soon find themselves in a fight for their lives against an unexpected enemy — prehistoric dinosaurs.",3,movie_1257009_Hulu,movie_1257009,1,TRUE
929590,Civil War,movie,Hulu,15,2024,2024-04-10,"[10752, 28, 18]",War|Action|Drama,War,6.859,4301,6.144669652,9.3014,en,"In the near future, a group of war journalists attempt to survive while reporting the truth as the United States stands on the brink of civil war.",3,movie_929590_Hulu,movie_929590,2,FALSE
9880,The Princess Diaries,movie,Hulu,15,2001,2001-08-03,"[35, 10751, 10749]",Comedy|Family|Romance,Comedy,6.961,5256,6.356326616,9.2781,en,"A socially awkward but very bright 15-year-old girl being raised by a single mom discovers that she is the princess of a small European country because of the recent death of her long-absent father, who, unknown to her, was the crown prince of Genovia. She must make a choice between continuing the life of a San Francisco teen or stepping up to the throne.",3,movie_9880_Hulu,movie_9880,1,TRUE
460458,Resident Evil: Welcome to Raccoon City,movie,Hulu,15,2021,2021-11-24,"[28, 27, 878]",Action|Horror|Science Fiction,Action,5.935,2681,5.002117259,9.2773,en,"Once the booming home of pharmaceutical giant Umbrella Corporation, Raccoon City is now a dying Midwestern town. The company’s exodus left the city a wasteland…with great evil brewing below the surface. When that evil is unleashed, the townspeople are forever…changed…and a small group of survivors must work together to uncover the truth behind Umbrella and make it through the night.",3,movie_460458_Hulu,movie_460458,1,TRUE
748783,The Garfield Movie,movie,Hulu,15,2024,2024-04-30,"[10751, 35, 12, 16]",Family|Comedy|Adventure|Animation,Family,6.992,1431,5.181539099,9.2769,en,"Garfield, the world-famous, Monday-hating, lasagna-loving indoor cat, is about to have a wild outdoor adventure! After an unexpected reunion with his long-lost father – scruffy street cat Vic – Garfield and his canine friend Odie are forced from their perfectly pampered life into joining Vic in a hilarious, high-stakes heist.",3,movie_748783_Hulu,movie_748783,1,TRUE
1892,Return of the Jedi,movie,Hulu,15,1983,1983-05-25,"[12, 28, 878]",Adventure|Action|Science Fiction,Adventure,7.907,16886,7.679604394,9.2122,en,"Luke Skywalker leads a mission to rescue his friend Han Solo from the clutches of Jabba the Hutt, the Emperor prepares to crush the Rebellion with a more powerful Death Star, and the Rebel fleet mounts a massive attack on the space station. Luke Skywalker confronts Darth Vader in a final climactic duel before the evil Emperor.",3,movie_1892_Hulu,movie_1892,1,TRUE
1593,Night at the Museum,movie,Hulu,15,2006,2006-12-20,"[14, 10751, 35]",Fantasy|Family|Comedy,Fantasy,6.599,10929,6.310304576,9.1929,en,"Chaos reigns at the natural history museum when night watchman Larry Daley accidentally stirs up an ancient curse, awakening Attila the Hun, an army of gladiators, a Tyrannosaurus rex and other exhibits.",3,movie_1593_Hulu,movie_1593,2,FALSE
1701,Con Air,movie,Hulu,15,1997,1997-06-05,"[28, 53, 80]",Action|Thriller|Crime,Action,6.771,4664,6.115403563,9.0862,en,"Newly-paroled former US Army ranger Cameron Poe is headed back to his wife, but must fly home aboard a prison transport flight dubbed ""Jailbird"" taking the “worst of the worst” prisoners, a group described as “pure predators”, to a new super-prison. Poe faces impossible odds when the transport plane is skyjacked mid-flight by the most vicious criminals in the country led by the mastermind — genius serial killer Cyrus ""The Virus"" Grissom, and backed by black militant Diamond Dog and psychopath Billy Bedlam.",3,movie_1701_Hulu,movie_1701,1,TRUE
581528,"The Gangster, the Cop, the Devil",movie,Hulu,15,2019,2019-05-15,"[28, 80, 53]",Action|Crime|Thriller,Action,7.85,1449,5.836146742,8.9751,ko,"After barely surviving a brutal attack by a sadistic serial killer, crime boss Jang Dong-su is left humiliated. Determined to catch the killer known as K, he forms an uneasy alliance with Jung Tae-seok, a relentless and incorruptible detective who often disrupts his illegal business. However, while Jang Dong-su wants K dead, Jung Tae-suk is determined to bring him to justice. With a deal in place—whoever finds K first will decide his fate—the hunt begins, blurring the lines between crime and law.",3,movie_581528_Hulu,movie_581528,3,FALSE
1198984,We Bury the Dead,movie,Hulu,15,2026,2026-01-01,"[27, 53]",Horror|Thriller,Horror,5.928,202,1.705777778,8.851,en,"After a catastrophic military disaster, the dead don't just rise - they hunt. Ava searches for her missing husband, but what she finds is far more terrifying.",4,movie_1198984_Hulu,movie_1198984,1,TRUE
1637,Speed,movie,Hulu,15,1994,1994-06-09,"[28, 53]",Action|Thriller,Action,7.152,6808,6.662673235,8.8509,en,Tensions run high when a crazed bomber rigs a Los Angeles bus with a device that will kill everyone on board if the vehicle's speed dips below fifty miles per hour.,4,movie_1637_Hulu,movie_1637,1,TRUE
10555,Shark Tale,movie,Hulu,15,2004,2004-09-20,"[16, 28, 35, 10751]",Animation|Action|Comedy|Family,Animation,6,6686,5.58252157,8.8331,en,"Oscar is a small fish whose big aspirations often get him into trouble. Meanwhile, Lenny is a great white shark with a surprising secret that no sea creature would guess: He's a vegetarian. When a lie turns Oscar into an improbable hero and Lenny becomes an outcast, the two form an unlikely friendship.",4,movie_10555_Hulu,movie_10555,1,TRUE
1242011,Together,movie,Hulu,15,2025,2025-07-28,"[27, 10749]",Horror|Romance,Horror,6.928,1109,4.775110006,8.7874,en,"Years into their relationship, Tim and Millie find themselves at a crossroads as they move to the country, abandoning all that is familiar in their lives except each other. With tensions already flaring, a nightmarish encounter with a mysterious, unnatural force threatens to corrupt their lives, their love, and their flesh.",4,movie_1242011_Hulu,movie_1242011,1,TRUE
937287,Challengers,movie,Hulu,15,2024,2024-04-18,"[18, 10749]",Drama|Romance,Drama,6.9,2667,5.810640985,8.7503,en,"Tennis player turned coach Tashi has taken her husband, Art, and transformed him into a world-famous Major champion. To jolt him out of his recent losing streak, she signs him up for a ""Challenger"" event — close to the lowest level of pro tournament — where he finds himself standing across the net from his former best friend and Tashi's former boyfriend.",4,movie_937287_Hulu,movie_937287,1,TRUE
512200,Jumanji: The Next Level,movie,Hulu,15,2019,2019-12-04,"[12, 35, 14]",Adventure|Comedy|Fantasy,Adventure,6.874,9330,6.524356053,8.7072,en,"As the gang return to Jumanji to rescue one of their own, they discover that nothing is as they expect. The players will have to brave parts unknown and unexplored in order to escape the world’s most dangerous game.",4,movie_512200_Hulu,movie_512200,1,TRUE
530254,The Witch: Part 1. The Subversion,movie,Hulu,15,2018,2018-06-27,"[28, 878]",Action|Science Fiction,Action,7.9,730,4.688617886,8.5959,ko,"Ja-yoon is a high school student who struggles with memory loss after she endured some unknown trauma during her childhood. While trying to uncover the truth, she is unwittingly dragged into a world of crime and finds herself on a journey that will awaken many secrets hidden deep within.",4,movie_530254_Hulu,movie_530254,1,TRUE
435,The Day After Tomorrow,movie,Hulu,15,2004,2004-05-26,"[878, 53, 12]",Science Fiction|Thriller|Adventure,Science Fiction,6.555,8832,6.203789113,8.4834,en,"After paleoclimatologist Jack Hall is largely ignored by UN officials when presenting his environmental concerns about the beginning of a new Ice Age, his research proves true when a superstorm develops, setting off catastrophic natural disasters throughout the world. Trying to get to his son, Sam, who is trapped in New York City with his friend Laura and others, Jack and his crew must travel to get to Sam before it's too late.",4,movie_435_Hulu,movie_435,2,FALSE
34851,Predators,movie,Hulu,15,2010,2010-07-07,"[878, 28, 53]",Science Fiction|Action|Thriller,Science Fiction,6.298,4605,5.681153771,8.4678,en,A group of cold-blooded killers find themselves trapped on an alien planet to be hunted by extraterrestrial Predators.,4,movie_34851_Hulu,movie_34851,1,TRUE
74,War of the Worlds,movie,Hulu,15,2005,2005-06-28,"[12, 53, 878]",Adventure|Thriller|Science Fiction,Adventure,6.536,9139,6.196960681,8.4662,en,"Ray Ferrier is a divorced dockworker and less-than-perfect father. Soon after his ex-wife and her new husband drop off his teenage son and young daughter for a rare weekend visit, a strange and powerful lightning storm touches down.",4,movie_74_Hulu,movie_74,1,TRUE
610150,Dragon Ball Super: Super Hero,movie,Hulu,15,2022,2022-06-11,"[16, 878, 28]",Animation|Science Fiction|Action,Animation,7.881,3012,6.758989749,8.369,ja,"The Red Ribbon Army, an evil organization that was once destroyed by Goku in the past, has been reformed by a group of people who have created new and mightier Androids, Gamma 1 and Gamma 2, and seek vengeance against Goku and his family.",4,movie_610150_Hulu,movie_610150,1,TRUE
346910,The Predator,movie,Hulu,15,2018,2018-09-05,"[878, 28, 53]",Science Fiction|Action|Thriller,Science Fiction,5.624,5124,5.124,8.1985,en,"When a young boy accidentally triggers the universe's most lethal hunters' return to Earth, only a ragtag crew of ex-soldiers and a disgruntled scientist can prevent the end of the human race.",4,movie_346910_Hulu,movie_346910,1,TRUE
1032892,In the Blink of an Eye,movie,Hulu,15,2026,2026-01-26,"[878, 18]",Science Fiction|Drama,Science Fiction,5.56,116,1.047012987,8.1953,en,"Three storylines, spanning thousands of years, intersect and reflect on hope, connection, and the circle of life.",4,movie_1032892_Hulu,movie_1032892,1,TRUE
695721,The Hunger Games: The Ballad of Songbirds & Snakes,movie,Hulu,15,2023,2023-11-15,"[878, 28]",Science Fiction|Action,Science Fiction,6.984,3484,6.107493976,8.1515,en,"64 years before he becomes the tyrannical president of Panem, Coriolanus Snow sees a chance for a change in fortunes when he mentors Lucy Gray Baird, the female tribute from District 12.",4,movie_695721_Hulu,movie_695721,1,TRUE
169,Predator 2,movie,Hulu,15,1990,1990-11-21,"[878, 28, 53]",Science Fiction|Action|Thriller,Science Fiction,6.302,3808,5.570570102,8.1385,en,A police chief in the war-torn streets of Los Angeles discovers that an extraterrestrial creature is hunting down residents - and that he is the next target.,4,movie_169_Hulu,movie_169,1,TRUE
277217,Descendants,movie,Hulu,15,2015,2015-07-31,"[10751, 12, 14, 10770, 10402]",Family|Adventure|Fantasy|TV Movie|Music,Family,7.156,2501,5.963730756,8.1227,en,"A present-day idyllic kingdom where the benevolent teenage son of King Adam and Queen Belle offers a chance of redemption for the troublemaking offspring of Disney's classic villains: Cruella De Vil (Carlos), Maleficent (Mal), the Evil Queen (Evie) and Jafar (Jay).",4,movie_277217_Hulu,movie_277217,1,TRUE
976893,Perfect Days,movie,Hulu,15,2023,2023-11-10,[18],Drama,Drama,7.8,1886,6.165465214,8.1137,ja,"Hirayama is content with his life as a toilet cleaner in Tokyo. Outside of his structured routine, he cherishes music on cassette tapes, books, and taking photos of trees. Through unexpected encounters, he reflects on finding beauty in the world.",4,movie_976893_Hulu,movie_976893,1,TRUE
700391,65,movie,Hulu,15,2023,2023-03-02,"[28, 12, 878]",Action|Adventure|Science Fiction,Action,5.946,2825,5.051864662,8.0283,en,"65 million years ago, the only 2 survivors of a spaceship from Somaris that crash-landed on Earth, must fend off dinosaurs to reach the escape vessel in time before an imminent asteroid strike threatens to destroy the planet.",4,movie_700391_Hulu,movie_700391,2,FALSE
61791,Rise of the Planet of the Apes,movie,Hulu,15,2011,2011-08-03,"[53, 28, 18, 878]",Thriller|Action|Drama|Science Fiction,Thriller,7.341,12716,7.063268462,8.0066,en,"A highly intelligent chimpanzee named Caesar has been living a peaceful suburban life ever since he was born. But when he gets taken to a cruel primate facility, Caesar decides to revolt against those who have harmed him.",4,movie_61791_Hulu,movie_61791,1,TRUE
476669,The King's Man,movie,Hulu,15,2021,2021-12-22,"[28, 12, 53]",Action|Adventure|Thriller,Action,6.712,5035,6.105676603,7.992,en,"As a collection of history's worst tyrants and criminal masterminds gather to plot a war to wipe out millions, one man must race against time to stop them.",4,movie_476669_Hulu,movie_476669,1,TRUE
9297,Monster House,movie,Hulu,15,2006,2006-06-30,"[16, 35, 10751, 14]",Animation|Comedy|Family|Fantasy,Animation,6.71,4313,6.012929566,7.9349,en,"Monsters under the bed are scary enough, but what happens when an entire house is out to get you? Three teens aim to find out when they go up against a decrepit neighboring home and unlock its frightening secrets.",5,movie_9297_Hulu,movie_9297,1,TRUE
676,Pearl Harbor,movie,Hulu,15,2001,2001-05-21,"[10752, 10749, 36, 28]",War|Romance|History|Action,War,6.935,6976,6.471182451,7.9052,en,"The lifelong friendship between Rafe McCawley and Danny Walker is put to the ultimate test when the two ace fighter pilots become entangled in a love triangle with beautiful Naval nurse Evelyn Johnson. But the rivalry between the friends-turned-foes is immediately put on hold when they find themselves at the center of Japan's devastating attack on Pearl Harbor on Dec. 7, 1941.",5,movie_676_Hulu,movie_676,1,TRUE
882598,Smile,movie,Hulu,15,2022,2022-09-23,"[27, 9648]",Horror|Mystery,Horror,6.666,4026,5.929588157,7.8332,en,"After witnessing a bizarre, traumatic incident involving a patient, Dr. Rose Cotter starts experiencing frightening occurrences that she can't explain.",5,movie_882598_Hulu,movie_882598,1,TRUE
634336,Uncanny Annie,movie,Hulu,15,2019,2019-10-04,"[27, 53, 10770]",Horror|Thriller|TV Movie,Horror,6.063,71,0.75389317,7.7263,en,"On Halloween night a group of college students get trapped in a mysterious board game that brings their darkest secrets and fears to life, where they must play to escape…and win to survive.",5,movie_634336_Hulu,movie_634336,1,TRUE
324544,In the Lost Lands,movie,Hulu,15,2025,2025-02-27,"[28, 14, 37]",Action|Fantasy|Western,Action,6.358,797,3.906959136,7.7215,en,"A queen sends the powerful and feared sorceress Gray Alys to the ghostly wilderness of the Lost Lands in search of a magical power, where she and her guide, the drifter Boyce, must outwit and outfight both man and demon.",5,movie_324544_Hulu,movie_324544,1,TRUE
268896,Pacific Rim: Uprising,movie,Hulu,15,2018,2018-03-21,"[28, 14, 878, 12]",Action|Fantasy|Science Fiction|Adventure,Action,6.124,5317,5.597611827,7.6782,en,"It has been ten years since The Battle of the Breach and the oceans are still, but restless. Vindicated by the victory at the Breach, the Jaeger program has evolved into the most powerful global defense force in human history. The PPDC now calls upon the best and brightest to rise up and become the next generation of heroes when the Kaiju threat returns.",5,movie_268896_Hulu,movie_268896,1,TRUE
1824,50 First Dates,movie,Hulu,15,2004,2004-02-13,"[35, 10749]",Comedy|Romance,Comedy,6.871,7694,6.451729802,7.6116,en,"Henry is a player skilled at seducing women. But when this veterinarian meets Lucy, a girl with a quirky problem when it comes to total recall, he realizes it's possible to fall in love all over again…and again, and again. That's because the delightful Lucy has no short-term memory, so Henry must woo her day after day until he finally sweeps her off her feet.",5,movie_1824_Hulu,movie_1824,2,FALSE
1208348,Rental Family,movie,Hulu,15,2025,2025-11-20,"[18, 35]",Drama|Comedy,Drama,7.732,764,4.673455696,7.6082,en,"An American actor in Tokyo struggles to find purpose until he lands an unusual gig: working for a Japanese 'rental family' agency, playing stand-in roles for strangers. As he immerses himself in his clients' worlds, he begins to form genuine bonds that blur the lines between performance and reality.",5,movie_1208348_Hulu,movie_1208348,1,TRUE
1493859,Pizza Movie,movie,Hulu,15,2026,2026-03-13,[35],Comedy,Comedy,6.43,100,1.071666667,7.5388,en,"A group of college students go downstairs to their dorm lobby to get a delivery pizza. There's only one issue: They're insanely high on a homemade drug, turning their simple journey down two sets of stairs into a mind-bendingly transformative quest.",5,movie_1493859_Hulu,movie_1493859,1,TRUE
9928,Robots,movie,Hulu,15,2005,2005-03-10,"[16, 35, 10751, 878]",Animation|Comedy|Family|Science Fiction,Animation,6.482,4897,5.881481193,7.4829,en,"Rodney Copperbottom is a young robot inventor who dreams of making the world a better place, until the evil Ratchet takes over Bigweld Industries. Now, Rodney's dreams – and those of his friends – are in danger of becoming obsolete.",5,movie_9928_Hulu,movie_9928,1,TRUE
425909,Ghostbusters: Afterlife,movie,Hulu,15,2021,2021-11-18,"[14, 35, 12]",Fantasy|Comedy|Adventure,Fantasy,7.3,5126,6.651226449,7.4767,en,"When single mom Callie and her two kids Trevor and Phoebe arrive in a small Oklahoma town, they begin to discover their connection to the original Ghostbusters and the secret legacy their grandfather left behind.",5,movie_425909_Hulu,movie_425909,1,TRUE
9702,Bound by Honor,movie,Hulu,15,1993,1993-02-05,"[80, 18, 53]",Crime|Drama|Thriller,Crime,8.145,1517,6.125912246,7.4555,en,"Based on the true life experiences of poet Jimmy Santiago Baca, the film focuses on half-brothers Paco and Cruz, and their bi-racial cousin Miklo. It opens in 1972, as the three are members of an East L.A. gang known as the ""Vatos Locos"", and the story focuses on how a violent crime and the influence of narcotics alter their lives. Miklo is incarcerated and sent to San Quentin, where he makes a ""home"" for himself. Cruz becomes an exceptional artist, but a heroin addiction overcomes him with tragic results. Paco becomes a cop and an enemy to his ""carnal"", Miklo.",5,movie_9702_Hulu,movie_9702,1,TRUE
70160,The Hunger Games,movie,Hulu,15,2012,2012-03-12,"[878, 12, 28, 53]",Science Fiction|Adventure|Action|Thriller,Science Fiction,7.222,23251,7.069964296,7.4454,en,"In a dystopian society where the Capitol forces each district to send two young tributes to fight to the death in a televised spectacle, a girl volunteers to take her sister’s place, setting the stage for a struggle of survival and defiance.",5,movie_70160_Hulu,movie_70160,1,TRUE
937278,A Man Called Otto,movie,Hulu,15,2022,2022-12-28,"[35, 18]",Comedy|Drama,Comedy,7.751,3562,6.796913343,7.4083,en,"When a lively young family moves in next door, grumpy widower Otto Anderson meets his match in a quick-witted, pregnant woman named Marisol, leading to an unlikely friendship that turns his world upside down.",5,movie_937278_Hulu,movie_937278,1,TRUE
869,Planet of the Apes,movie,Hulu,15,2001,2001-07-26,"[53, 878, 28, 12]",Thriller|Science Fiction|Action|Adventure,Thriller,5.77,4400,5.18122449,7.4023,en,"After a spectacular crash-landing on an uncharted planet, brash astronaut Leo Davidson finds himself trapped in a savage world where talking apes dominate the human race. Desperate to find a way home, Leo must evade the invincible gorilla army led by Ruthless General Thade.",5,movie_869_Hulu,movie_869,1,TRUE
187017,22 Jump Street,movie,Hulu,15,2014,2014-06-05,"[80, 35, 28]",Crime|Comedy|Action,Crime,6.825,8500,6.445833333,7.3282,en,"After making their way through high school (twice), big changes are in store for officers Schmidt and Jenko when they go deep undercover at a local college. But when Jenko meets a kindred spirit on the football team, and Schmidt infiltrates the bohemian art major scene, they begin to question their partnership. Now they don't have to just crack the case - they have to figure out if they can have a mature relationship. If these two overgrown adolescents can grow from freshmen into real men, college might be the best thing that ever happened to them.",5,movie_187017_Hulu,movie_187017,1,TRUE
181533,Night at the Museum: Secret of the Tomb,movie,Hulu,15,2014,2014-12-17,"[12, 35, 14, 10751]",Adventure|Comedy|Fantasy|Family,Adventure,6.221,6209,5.757369056,7.118,en,"When the magic powers of The Tablet of Ahkmenrah begin to die out, Larry Daley spans the globe, uniting favorite and new characters while embarking on an epic quest to save the magic before it is gone forever.",5,movie_181533_Hulu,movie_181533,2,FALSE
1285965,Dangerous Animals,movie,Hulu,15,2025,2025-06-05,"[27, 53]",Horror|Thriller,Horror,6.442,555,3.388919431,7.0696,en,"A savvy and free-spirited surfer is abducted by a shark-obsessed serial killer. Held captive on his boat, she must figure out how to escape before he carries out a ritualistic feeding to the sharks below.",5,movie_1285965_Hulu,movie_1285965,1,TRUE
131634,The Hunger Games: Mockingjay - Part 2,movie,Hulu,15,2015,2015-11-18,"[28, 12, 878]",Action|Adventure|Science Fiction,Action,6.901,13317,6.651271405,7.0341,en,"As the war between the Capitol and the districts reaches its peak, Katniss Everdeen embarks on a perilous mission to liberate Panem and confront President Snow. Joined by a team of trusted allies, she navigates deadly traps, shifting loyalties, and the heavy cost of rebellion, determined to bring freedom to her people and end the Hunger Games once and for all.",5,movie_131634_Hulu,movie_131634,1,TRUE
884605,No Hard Feelings,movie,Hulu,15,2023,2023-06-15,"[35, 10749]",Comedy|Romance,Comedy,6.677,3793,5.899338691,6.9613,en,"On the brink of losing her childhood home, Maddie discovers an intriguing job listing: wealthy helicopter parents looking for someone to “date” their introverted 19-year-old son, Percy, before he leaves for college. To her surprise, Maddie soon discovers the awkward Percy is no sure thing.",5,movie_884605_Hulu,movie_884605,2,FALSE
1217602,London Calling,movie,Hulu,15,2025,2025-09-18,"[28, 80, 35, 53]",Action|Crime|Comedy|Thriller,Action,6.57,114,1.219837134,6.9396,en,"After fleeing the UK from a job gone wrong, a down on his luck hitman is forced to babysit the son of his new crime boss and show him how to become a man.",6,movie_1217602_Hulu,movie_1217602,1,TRUE
6282,Coyote Ugly,movie,Hulu,15,2000,2000-07-30,"[35, 18, 10402, 10749]",Comedy|Drama|Music|Romance,Comedy,6.263,2269,5.132086313,6.9084,en,"Graced with a velvet voice, 21-year-old Violet Sanford heads to New York to pursue her dream of becoming a songwriter only to find her aspirations sidelined by the accolades and notoriety she receives at her ""day"" job as a barmaid at Coyote Ugly. The ""Coyotes"" as they are affectionately called tantalize customers and the media alike with their outrageous antics, making Coyote Ugly the watering hole for guys on the prowl.",6,movie_6282_Hulu,movie_6282,1,TRUE
1089,Point Break,movie,Hulu,15,1991,1991-07-12,"[28, 53, 80]",Action|Thriller|Crime,Action,7.157,3961,6.3548256,6.8642,en,"In Los Angeles, a gang of bank robbers who call themselves The Ex-Presidents commit their crimes while wearing masks of Reagan, Carter, Nixon and Johnson. Believing that the members of the gang could be surfers, the F.B.I. sends young agent Johnny Utah to the beach undercover to mix with the surfers and gather information.",6,movie_1089_Hulu,movie_1089,2,FALSE
1376434,Predator: Killer of Killers,movie,Hulu,15,2025,2025-06-05,"[16, 28, 878, 53]",Animation|Action|Science Fiction|Thriller,Animation,7.793,1167,5.455567487,6.5896,en,"While three of the fiercest warriors in human history—a Viking raider, a ninja in feudal Japan, and a WWII pilot—are killers in their own right, they are merely prey for their new opponent: the ultimate killer of killers.",6,movie_1376434_Hulu,movie_1376434,1,TRUE
677638,We Bare Bears: The Movie,movie,Hulu,15,2020,2020-06-30,"[16, 12, 10751, 35, 10770]",Animation|Adventure|Family|Comedy|TV Movie,Animation,7.836,848,4.92947181,6.5855,en,"When Grizz, Panda, and Ice Bear's love of food trucks and viral videos get out of hand, the brothers are now chased away from their home and embark on a trip to Canada, where they can live in peace.",6,movie_677638_Hulu,movie_677638,1,TRUE
64688,21 Jump Street,movie,Hulu,15,2012,2012-03-14,"[28, 35, 80]",Action|Comedy|Crime,Action,6.885,10990,6.585391645,6.5762,en,"When cops Schmidt and Jenko join the secret Jump Street unit, they use their youthful appearances to go undercover as high school students. They trade in their guns and badges for backpacks, and set out to shut down a dangerous drug ring. But, as time goes on, Schmidt and Jenko discover that high school is nothing like it was just a few years earlier -- and, what's more, they must again confront the teenage terror and anxiety they thought they had left behind.",6,movie_64688_Hulu,movie_64688,1,TRUE
1637319,Hannah Montana 20th Anniversary Special,movie,Hulu,15,2026,2026-03-23,"[99, 10402]",Documentary|Music,Documentary,7.2,82,1.01443299,6.4386,en,"Filmed in front of a live studio audience and hosted by Alex Cooper of 'Call Her Daddy' fame, Miley Cyrus reflects on the creation and impact of the series with never-before-seen archival footage, all the while interacting and reminiscing on some of the show's most memorable sets 'brought back to life' — including the Stewart family living room and the legendary Hannah Montana closet.",6,movie_1637319_Hulu,movie_1637319,1,TRUE
1151272,Sirāt,movie,Hulu,15,2025,2025-06-06,"[18, 53]",Drama|Thriller,Drama,6.839,627,3.804838509,6.3601,es,"A man and his son arrive at a rave lost in the mountains of Morocco. They are looking for Marina, their daughter and sister, who disappeared months ago at another rave. Driven by fate, they decide to follow a group of ravers in search of one last party, in hopes Marina will be there.",6,movie_1151272_Hulu,movie_1151272,1,TRUE
302699,Central Intelligence,movie,Hulu,15,2016,2016-06-15,"[28, 35]",Action|Comedy,Action,6.414,6337,5.94493462,6.3252,en,"Calvin Joyner, a mild-mannered accountant whose high school glory days are long behind him, reconnects with an awkward pal from high school through Facebook. After meeting up, Calvin’s mundane life takes an unexpectedly thrilling turn when he's thrust into the world of international espionage.",6,movie_302699_Hulu,movie_302699,1,TRUE
11130,The Princess Diaries 2: Royal Engagement,movie,Hulu,15,2004,2004-08-06,"[35, 18, 10751, 10749]",Comedy|Drama|Family|Romance,Comedy,6.713,3402,5.852800103,6.2856,en,"Mia Thermopolis is now a college graduate and on her way to Genovia to take up her duties as princess. Accompanied by her friend Lilly, Mia continues her 'princess lessons', like riding horses side-saddle and archery. But her already complicated life is turned upside down once again when she learns that she is to take the crown as queen earlier than expected, all while she meets a mysteriously charming young man.",6,movie_11130_Hulu,movie_11130,1,TRUE
1086260,The Astronaut,movie,Hulu,15,2025,2025-09-26,"[27, 878, 53]",Horror|Science Fiction|Thriller,Horror,6.13,327,2.423833132,6.2474,en,"After returning from her first space mission, astronaut Sam Walker is placed under NASA’s care at a high security house for rehabilitation and medical testing. However, when disturbing occurrences begin happening around the property, she fears that something extraterrestrial has followed her back to Earth",6,movie_1086260_Hulu,movie_1086260,1,TRUE
126963,Dragon Ball Z: Battle of Gods,movie,Hulu,15,2013,2013-03-30,"[16, 28, 878]",Animation|Action|Science Fiction,Animation,6.822,1643,5.230306113,6.2429,ja,"After the defeat of Majin Buu, a powerful God of Destruction known as Beerus searches for the Saiyan warrior who defeated Frieza. Realizing the threat Beerus poses to Earth, the Z-fighters must stop him. Only Goku, humanity’s last hope, can ascend to the level of a legendary Super Saiyan God and save the planet, and possibly the entire universe!",6,movie_126963_Hulu,movie_126963,1,TRUE
1206008,Ella McCay,movie,Hulu,15,2025,2025-12-11,"[35, 18]",Comedy|Drama,Comedy,5.5,113,1.013866232,6.2365,en,"An idealistic young politician juggles familial issues and a challenging work life while preparing to take over the job of her mentor, the state’s longtime incumbent governor.",6,movie_1206008_Hulu,movie_1206008,1,TRUE
238713,Spy,movie,Hulu,15,2015,2015-05-06,"[28, 35, 80]",Action|Comedy|Crime,Action,6.833,6385,6.336776325,6.1824,en,"A desk-bound CIA analyst volunteers to go undercover to infiltrate the world of a deadly arms dealer, and prevent diabolical global disaster.",6,movie_238713_Hulu,movie_238713,1,TRUE
842924,The Life of Chuck,movie,Hulu,15,2025,2025-06-05,"[14, 18]",Fantasy|Drama,Fantasy,7.284,1065,4.95684345,6.1442,en,"In this extraordinary story of an ordinary man, Charles 'Chuck' Krantz experiences the wonder of love, the heartbreak of loss, and the multitudes contained in all of us.",6,movie_842924_Hulu,movie_842924,1,TRUE
1196470,Survive,movie,Hulu,15,2024,2024-06-19,"[878, 53, 12, 28]",Science Fiction|Thriller|Adventure|Action,Science Fiction,5.807,365,2.450352601,6.143,fr,A couple celebrates their son’s birthday in the middle of the ocean on their boat. A violent storm hits and it brings up hungry creatures from the depths and they fight for their survival.,6,movie_1196470_Hulu,movie_1196470,1,TRUE
916192,"The Tunnel to Summer, the Exit of Goodbyes",movie,Hulu,15,2022,2022-09-09,"[16, 18, 10749, 14, 878]",Animation|Drama|Romance|Fantasy|Science Fiction,Animation,7.684,275,2.726580645,6.1405,ja,"Urashima Tunnel – Once you enter that tunnel, you can get whatever you want, but at a price. Kaoru Tohno, who seems to have an elusive personality and traumatic past, and Anzu Hanashiro, who is struggling to reconcile her ideal image and true-to-heart attitude, team up to investigate the Urashima Tunnel and get what they want. This is an unforgettable summer story of nostalgia and sprinting in a remote countryside.",6,movie_916192_Hulu,movie_916192,1,TRUE
601796,Alienoid,movie,Hulu,15,2022,2022-07-20,"[878, 28, 14, 12]",Science Fiction|Action|Fantasy|Adventure,Science Fiction,6.8,519,3.463395486,6.0762,ko,"Gurus in the late Goryeo dynasty try to obtain a fabled, holy sword, and humans in 2022 hunt down an alien prisoner that is locked in a human's body. The two parties cross paths when a time-traveling portal opens up.",6,movie_601796_Hulu,movie_601796,1,TRUE
291870,Dirty Grandpa,movie,Hulu,15,2016,2016-01-20,[35],Comedy,Comedy,5.939,4580,5.354452756,6.0722,en,"Jason Kelly is one week away from marrying his boss's uber-controlling daughter, putting him on the fast track for a partnership at the law firm. However, when the straight-laced Jason is tricked into driving his foul-mouthed grandfather, Dick, to Daytona for spring break, his pending nuptials are suddenly in jeopardy. Between riotous frat parties, bar fights, and an epic night of karaoke, Dick is on a quest to live his life to the fullest and bring Jason along for the ride.",6,movie_291870_Hulu,movie_291870,1,TRUE
13597,Labyrinth,movie,Hulu,15,1986,1986-06-27,"[12, 10751, 14]",Adventure|Family|Fantasy,Adventure,7.279,2729,6.151870858,6.0395,en,"Frustrated with babysitting on yet another weekend night, Sarah, a teenager with an active imagination, summons the Goblins to take her baby stepbrother away. When little Toby actually disappears, Sarah must follow him into a fantastical world to rescue him from the Goblin King. Guarding his castle is the labyrinth itself, a twisted maze of deception, populated with outrageous characters and unknown dangers.",6,movie_13597_Hulu,movie_13597,2,FALSE
17431,Moon,movie,Hulu,15,2009,2009-06-12,"[878, 18]",Science Fiction|Drama,Science Fiction,7.566,6255,7.005970392,5.9651,en,"With only three weeks left in his three-year contract, Sam Bell is eager to return to Earth. Stationed alone at a Moon-based facility with his computer assistant GERTY, an unexpected accident sets off a series of unsettling events that shake his isolation.",7,movie_17431_Hulu,movie_17431,1,TRUE
1216191,Oddity,movie,Hulu,15,2024,2024-07-19,"[27, 9648]",Horror|Mystery,Horror,6.653,766,4.025432859,5.955,en,"After the brutal murder of her twin sister, Darcy goes after those responsible by using haunted items as her tools for revenge.",7,movie_1216191_Hulu,movie_1216191,1,TRUE
544,There's Something About Mary,movie,Hulu,15,1998,1998-07-15,"[10749, 35]",Romance|Comedy,Romance,6.629,5324,6.059889423,5.8894,en,"For Ted, prom night went about as bad as it’s possible for any night to go. Thirteen years later, he finally gets another chance with his old prom date, only to run up against other suitors including the sleazy detective he hired to find her.",7,movie_544_Hulu,movie_544,1,TRUE
955555,The Roundup: No Way Out,movie,Hulu,15,2023,2023-05-31,"[28, 80, 35, 53]",Action|Crime|Comedy|Thriller,Action,7.2,540,3.738461538,5.8741,ko,"Detective Ma Seok-do changes his affiliation from the Geumcheon Police Station to the Metropolitan Investigation Team, in order to eradicate Japanese gangsters who enter Korea to commit heinous crimes.",7,movie_955555_Hulu,movie_955555,1,TRUE
1017163,The Roundup: Punishment,movie,Hulu,15,2024,2024-04-24,"[28, 80, 53, 35]",Action|Crime|Thriller|Comedy,Action,7.165,239,2.317232747,5.8428,ko,'Monster Cop' Ma Seok-do investigates an illegal online gambling business led by a former STS Baek and an IT genius CEO Chang. Ma proposes an unexpected alliance to Jang and begins hunting down the criminals.,7,movie_1017163_Hulu,movie_1017163,1,TRUE
1401281,The Testament of Ann Lee,movie,Hulu,15,2025,2025-12-25,"[36, 18, 10402]",History|Drama|Music,History,6.5,123,1.283306581,5.8174,en,"The extraordinary true legend of Ann Lee, founder of the devotional sect known as the Shakers, who preached gender and social equality and was revered by her followers as the female Christ.",7,movie_1401281_Hulu,movie_1401281,1,TRUE
293767,Billy Lynn's Long Halftime Walk,movie,Hulu,15,2016,2016-11-10,"[18, 10752]",Drama|War,Drama,6.034,631,3.36644916,5.7817,en,19-year-old Billy Lynn is brought home for a victory tour after a harrowing Iraq battle. Through flashbacks the film shows what really happened to his squad – contrasting the realities of war with America's perceptions.,7,movie_293767_Hulu,movie_293767,1,TRUE
974262,Descendants: The Rise of Red,movie,Hulu,15,2024,2024-07-11,"[14, 12, 10751, 35]",Fantasy|Adventure|Family|Comedy,Fantasy,6.73,474,3.275174538,5.774,en,"After the Queen of Hearts incites a coup on Auradon, her rebellious daughter Red and Cinderella's perfectionist daughter Chloe join forces and travel back in time to try to undo the traumatic event that set Red's mother down her villainous path.",7,movie_974262_Hulu,movie_974262,1,TRUE
1041613,Immaculate,movie,Hulu,15,2024,2024-03-20,"[27, 9648, 53]",Horror|Mystery|Thriller,Horror,6.211,1615,4.742678487,5.7658,en,"An American nun embarks on a new journey when she joins a remote convent in the Italian countryside. However, her warm welcome quickly turns into a living nightmare when she discovers her new home harbours a sinister secret and unspeakable horrors.",7,movie_1041613_Hulu,movie_1041613,1,TRUE
264644,Room,movie,Hulu,15,2015,2015-10-16,"[18, 53]",Drama|Thriller,Drama,7.995,9667,7.60181617,5.7621,en,"Held captive for 7 years in an enclosed space, a woman and her young son finally gain their freedom, allowing the boy to experience the outside world for the first time.",7,movie_264644_Hulu,movie_264644,1,TRUE
758323,The Pope's Exorcist,movie,Hulu,15,2023,2023-04-05,"[27, 53]",Horror|Thriller,Horror,6.915,3137,5.964353863,5.7593,en,"Father Gabriele Amorth, Chief Exorcist of the Vatican, investigates a young boy's terrifying possession and ends up uncovering a centuries-old conspiracy the Vatican has desperately tried to keep hidden.",7,movie_758323_Hulu,movie_758323,1,TRUE
458897,Charlie's Angels,movie,Hulu,15,2019,2019-11-14,"[28, 12, 35]",Action|Adventure|Comedy,Action,6.383,3142,5.506695772,5.7411,en,"Elena Houghlin is a scientist, engineer and inventor of Calisto -- a sustainable energy source that will revolutionize the way people use power. It will be ready as soon as she works out the last issue, if not it could be turned into a dangerous weapon. But when the cutting edge technology is pushed to an investor before she can do that, Elena turns to the Townsend Agency for help. Now, it's up to the Angels -- Jane, Sabina, and the newly recruited Elena -- to retrieve Calisto before it can be transformed into a weapon of mass destruction.",7,movie_458897_Hulu,movie_458897,1,TRUE
7484,Open Season,movie,Hulu,15,2006,2006-09-27,"[16, 10751, 12, 35]",Animation|Family|Adventure|Comedy,Animation,6.189,2979,5.299520264,5.7226,en,"Boog, a domesticated 900lb. Grizzly bear finds himself stranded in the woods 3 days before Open Season. Forced to rely on Elliot, a fast-talking mule deer, the two form an unlikely friendship and must quickly rally other forest animals if they are to form a rag-tag army against the hunters.",7,movie_7484_Hulu,movie_7484,1,TRUE
602734,Spiral: From the Book of Saw,movie,Hulu,15,2021,2021-05-12,"[27, 9648]",Horror|Mystery,Horror,5.9,2269,4.834633442,5.7123,en,"Working in the shadow of an esteemed police veteran, brash Detective Ezekiel “Zeke” Banks and his rookie partner take charge of a grisly investigation into murders that are eerily reminiscent of the city’s gruesome past.  Unwittingly entrapped in a deepening mystery, Zeke finds himself at the center of the killer’s morbid game.",7,movie_602734_Hulu,movie_602734,1,TRUE
1456349,It Was Just an Accident,movie,Hulu,15,2025,2025-10-01,"[18, 53, 80, 9648]",Drama|Thriller|Crime|Mystery,Drama,7.157,546,3.735871893,5.709,fr,An unassuming mechanic is reminded of his time in an Iranian prison when he encounters a man he suspects to be his sadistic jailhouse captor.,7,movie_1456349_Hulu,movie_1456349,1,TRUE
758330,"Good Luck to You, Leo Grande",movie,Hulu,15,2022,2022-06-16,"[10749, 18]",Romance|Drama,Romance,6.971,664,3.976584192,5.6609,en,"Nancy Stokes, a retired schoolteacher, is pretty sure she has never had good sex. Now that her husband has died, she is determined to take a tour of sexual vistas that until now she has only imagined. She even has a plan; it involves an anonymous hotel room, and a sex worker who calls himself Leo Grande.",7,movie_758330_Hulu,movie_758330,1,TRUE
4547,Panic Room,movie,Hulu,15,2002,2002-03-29,"[80, 18, 53]",Crime|Drama|Thriller,Crime,6.791,5390,6.214514431,5.6465,en,"Trapped in their New York brownstone's panic room, a hidden chamber built as a sanctuary in the event of break-ins, newly divorced Meg Altman and her young daughter Sarah play a deadly game of cat-and-mouse with three intruders - Burnham, Raoul and Junior - during a brutal home invasion. But the room itself is the focal point because what the intruders really want is inside it.",7,movie_4547_Hulu,movie_4547,1,TRUE
399366,Marrowbone,movie,Hulu,15,2017,2017-10-27,"[53, 27, 9648]",Thriller|Horror|Mystery,Thriller,7.283,1824,5.716089501,5.6195,es,A young man and his three younger siblings are plagued by a sinister presence in the sprawling manor in which they live.,7,movie_399366_Hulu,movie_399366,1,TRUE
7326,Juno,movie,Hulu,15,2007,2007-12-05,"[35, 18, 10749]",Comedy|Drama|Romance,Comedy,7.059,7615,6.624064695,5.5799,en,"Faced with an unplanned pregnancy, sixteen year old high-schooler, Juno MacGuff, makes an unusual decision regarding her unborn child.",7,movie_7326_Hulu,movie_7326,1,TRUE
27581,The Other Guys,movie,Hulu,15,2010,2010-08-06,"[35, 28]",Comedy|Action,Comedy,6.33,4564,5.705,5.4979,en,"Unlike their heroic counterparts on the force, desk-bound NYPD detectives Gamble and Hoitz garner no headlines as they work day to day. When a seemingly minor case turns out to be a big deal, the two cops get the opportunity to finally prove to their comrades that they have the right stuff.",7,movie_27581_Hulu,movie_27581,1,TRUE
614479,Insidious: The Red Door,movie,Hulu,15,2023,2023-07-05,"[27, 53]",Horror|Thriller,Horror,6.513,1951,5.184358629,5.4859,en,"To put their demons to rest once and for all, Josh Lambert and a college-aged Dalton Lambert must go deeper into The Further than ever before, facing their family's dark past and a host of new and more horrifying terrors that lurk behind the red door.",8,movie_614479_Hulu,movie_614479,1,TRUE
473033,Uncut Gems,movie,Hulu,15,2019,2019-08-30,"[18, 53, 80]",Drama|Thriller|Crime,Drama,7.162,5353,6.550177003,5.4615,en,"A charismatic New York City jeweler always on the lookout for the next big score makes a series of high-stakes bets that could lead to the windfall of a lifetime. Howard must perform a precarious high-wire act, balancing business, family, and encroaching adversaries on all sides in his relentless pursuit of the ultimate win.",8,movie_473033_Hulu,movie_473033,1,TRUE
417320,Descendants 2,movie,Hulu,15,2017,2017-07-21,"[10751, 14, 10770, 12, 10402]",Family|Fantasy|TV Movie|Adventure|Music,Family,7.359,1771,5.738788639,5.4435,en,"When the pressure to be royal becomes too much for Mal, she returns to the Isle of the Lost where her archenemy Uma, Ursula's daughter, has taken her spot as self-proclaimed queen.",8,movie_417320_Hulu,movie_417320,1,TRUE
1245347,Twinless,movie,Hulu,15,2025,2025-09-04,"[35, 18]",Comedy|Drama,Comedy,7.238,128,1.475261146,5.4296,en,"Two men who lost their respective twin brothers develop a growing friendship after meeting in a support group. However, both harbor long-hidden secrets that threaten to tear them apart.",8,movie_1245347_Hulu,movie_1245347,1,TRUE
587792,Palm Springs,movie,Hulu,15,2020,2020-07-10,"[35, 10749, 878]",Comedy|Romance|Science Fiction,Comedy,7.338,3670,6.458143885,5.3962,en,"When carefree Nyles and reluctant maid of honor Sarah have a chance encounter at a Palm Springs wedding, things get complicated when they find themselves unable to escape the venue, themselves, or each other.",8,movie_587792_Hulu,movie_587792,1,TRUE
1904,Memoirs of a Geisha,movie,Hulu,15,2005,2005-12-06,"[18, 10749, 36]",Drama|Romance|History,Drama,7.64,3377,6.654702089,5.3854,en,"In the years before World War II, a penniless Japanese child is torn from her family to work as a maid in a geisha house.",8,movie_1904_Hulu,movie_1904,1,TRUE
964980,Air,movie,Hulu,15,2023,2023-04-05,"[18, 36]",Drama|History,Drama,7.281,2314,5.987289979,5.3343,en,Discover the game-changing partnership between a then undiscovered Michael Jordan and Nike's fledgling basketball division which revolutionized the world of sports and culture with the Air Jordan brand.,8,movie_964980_Hulu,movie_964980,1,TRUE
540901,Hustlers,movie,Hulu,15,2019,2019-09-12,"[18, 35, 80]",Drama|Comedy|Crime,Drama,6.47,3084,5.567377232,5.3032,en,A crew of savvy former strip club employees band together to turn the tables on their Wall Street clients.,8,movie_540901_Hulu,movie_540901,2,FALSE
1422096,Good Boy,movie,Hulu,15,2025,2025-10-01,[27],Horror,Horror,6.695,600,3.651818182,5.2813,en,"A loyal dog moves to a rural family home with his owner Todd, only to discover supernatural forces lurking in the shadows. As dark entities threaten his human companion, the brave pup must fight to protect the one he loves most.",8,movie_1422096_Hulu,movie_1422096,1,TRUE
724495,The Woman King,movie,Hulu,15,2022,2022-09-16,"[28, 18, 36, 10752]",Action|Drama|History|War,Action,7.6,2353,6.2680687,5.2745,en,"The story of the Agojie, the all-female unit of warriors who protected the African Kingdom of Dahomey in the 1800s with skills and a fierceness unlike anything the world has ever seen, and General Nanisca as she trains the next generation of recruits and readies them for battle against an enemy determined to destroy their way of life.",8,movie_724495_Hulu,movie_724495,1,TRUE
1107216,Pets on a Train,movie,Hulu,15,2025,2025-07-02,"[16, 35, 12, 53]",Animation|Comedy|Adventure|Thriller,Animation,6.99,50,0.635454545,5.268,fr,"When a train unexpectedly starts up, taking only pets with it, the animals discover that Hans, a badger with a grudge is behind it all. While the crash seems inevitable, the animals can count on Falcon, a roguish Raccoon who will do anything to save them.",8,movie_1107216_Hulu,movie_1107216,1,TRUE
31011,Mr. Nobody,movie,Hulu,15,2009,2009-11-06,"[878, 18, 10749]",Science Fiction|Drama|Romance,Science Fiction,7.795,6202,7.213457177,5.2421,en,"Nemo Nobody leads an ordinary existence with his wife and 3 children; one day, he wakes up as a mortal centenarian in the year 2092.",8,movie_31011_Hulu,movie_31011,1,TRUE
513310,Boss Level,movie,Hulu,15,2021,2021-02-19,"[28, 878, 53]",Action|Science Fiction|Thriller,Action,6.869,1905,5.440933472,5.2227,en,"A former special forces agent is trapped in a time loop and relives his death over and over again. To escape the terrible situation, he must track down those responsible and stop them.",8,movie_513310_Hulu,movie_513310,1,TRUE
719221,Tarot,movie,Hulu,15,2024,2024-05-01,[27],Horror,Horror,6.359,1393,4.679390914,5.2175,en,"When a group of friends recklessly violate the sacred rule of Tarot readings, they unknowingly unleash an unspeakable evil trapped within the cursed cards. One by one, they come face to face with fate and end up in a race against death.",8,movie_719221_Hulu,movie_719221,1,TRUE
365620,Ferrari,movie,Hulu,15,2023,2023-12-14,"[36, 18]",History|Drama,History,6.369,1245,4.544071633,5.2143,en,"Set during the summer of 1957. Ex-racecar driver, Enzo Ferrari, is in crisis. Bankruptcy stalks the company he and his wife, Laura, built from nothing ten years earlier. Their tempestuous marriage struggles with the mourning for one son and the acknowledgement of another.",8,movie_365620_Hulu,movie_365620,1,TRUE
1064486,Memoir of a Snail,movie,Hulu,15,2024,2024-10-17,"[16, 18, 35]",Animation|Drama|Comedy,Animation,8.033,770,4.870401575,5.2094,en,"Forcibly separated from her twin brother when they are orphaned, a melancholic misfit learns how to find confidence within herself amid the clutter of misfortunes and everyday life.",8,movie_1064486_Hulu,movie_1064486,1,TRUE
13195,Flawless,movie,Hulu,15,2007,2007-09-01,"[80, 18, 53]",Crime|Drama|Thriller,Crime,6.766,625,3.758888889,5.0783,en,"A female executive and a night janitor conspire to commit a daring diamond heist from their mutual employer, The London Diamond Corporation.",8,movie_13195_Hulu,movie_13195,1,TRUE
338969,The Toxic Avenger Unrated,movie,Hulu,15,2025,2025-08-28,"[28, 35, 878]",Action|Comedy|Science Fiction,Action,5.983,368,2.536571429,5.0444,en,"When a downtrodden janitor, Winston Gooze, is exposed to a catastrophic toxic accident, he’s transformed into a new kind of hero: The Toxic Avenger. Now, Toxie must rise from outcast to savior, taking on ruthless corporate overlords and corrupt forces who threaten his son, his friends, and his community.",8,movie_338969_Hulu,movie_338969,1,TRUE
1022453,The Rajasaab,movie,Hulu,15,2026,2026-01-08,"[35, 27, 14, 28]",Comedy|Horror|Fantasy|Action,Comedy,5.3,29,0.290548204,5.0384,te,"Seeking his lost grandfather, a young man enters a haunted mansion and awakens a family curse powerful enough to upend both his life and reality.",8,movie_1022453_Hulu,movie_1022453,1,TRUE
590223,Love and Monsters,movie,Hulu,15,2020,2020-10-16,"[12, 35, 14, 878]",Adventure|Comedy|Fantasy|Science Fiction,Adventure,7.27,4439,6.534021057,5.0297,en,"Seven years since the Monsterpocalypse began, Joel Dawson has been living underground in order to survive. But after reconnecting over radio with his high school girlfriend Aimee, Joel decides to venture out to reunite with her, despite all the dangerous monsters that stand in his way.",8,movie_590223_Hulu,movie_590223,1,TRUE
1480382,The Voice of Hind Rajab,movie,Hulu,15,2025,2025-09-10,"[18, 36]",Drama|History,Drama,8.055,284,2.917882653,5.0177,ar,"January 29, 2024. Red Crescent volunteers receive an emergency call. A five-year old girl is trapped in a car under fire in Gaza, pleading for rescue. While trying to keep her on the line, they do everything they can to get an ambulance to her. Her name was Hind Rajab.",9,movie_1480382_Hulu,movie_1480382,1,TRUE
11397,Not Another Teen Movie,movie,Hulu,15,2001,2001-12-07,[35],Comedy,Comedy,5.812,2279,4.766300108,4.9967,en,"On a bet, a gridiron hero at John Hughes High School sets out to turn a bespectacled plain Jane into a beautiful and popular prom queen in this outrageous send-up of the teen movies of the 1980s and '90s.",9,movie_11397_Hulu,movie_11397,1,TRUE
18360,Night at the Museum: Battle of the Smithsonian,movie,Hulu,15,2009,2009-05-20,"[12, 14, 28, 35, 10751]",Adventure|Fantasy|Action|Comedy|Family,Adventure,6.153,7277,5.757410441,4.9964,en,"Hapless museum night watchman Larry Daley must help his living, breathing exhibit friends out of a pickle now that they've been transferred to the archives at the Smithsonian Institution. Larry's (mis)adventures this time include close encounters with Amelia Earhart, Abe Lincoln and Ivan the Terrible.",9,movie_18360_Hulu,movie_18360,1,TRUE
152584,Blue Is the Warmest Color,movie,Hulu,15,2013,2013-10-09,"[10749, 18]",Romance|Drama,Romance,7.071,4851,6.410282377,4.9949,fr,"Adèle's life is changed when she meets Emma, a young woman with blue hair, who will allow her to discover desire, to assert herself as a woman and as an adult. In front of others, Adele grows, seeks herself, loses herself, finds herself.",9,movie_152584_Hulu,movie_152584,1,TRUE
338762,Bloodshot,movie,Hulu,15,2020,2020-03-05,"[28, 878, 12]",Action|Science Fiction|Adventure,Action,6.679,5242,6.09740822,4.9756,en,"After he and his wife are murdered, marine Ray Garrison is resurrected by a team of scientists. Enhanced with nanotechnology, he becomes a superhuman, biotech killing machine—'Bloodshot'. As Ray first trains with fellow super-soldiers, he cannot recall anything from his former life. But when his memories flood back and he remembers the man that killed both him and his wife, he breaks out of the facility to get revenge, only to discover that there's more to the conspiracy than he thought.",9,movie_338762_Hulu,movie_338762,1,TRUE
1200320,Killing Faith,movie,Hulu,15,2025,2025-10-03,"[53, 37]",Thriller|Western,Thriller,5.5,32,0.330827068,4.9699,en,"In the summer of 1859, a widowed physician reluctantly agrees to take a recently freed slave and her mysterious Caucasian daughter on a five-day journey through the bloody West to find a distant town's Faith Healer. The woman believes her daughter is possessed. The doctor believes she simply carries The Sickness. Either way the fact remains that every living thing the girl touches mysteriously dies.",9,movie_1200320_Hulu,movie_1200320,1,TRUE
682507,Where the Crawdads Sing,movie,Hulu,15,2022,2022-07-14,"[18, 9648, 10749]",Drama|Mystery|Romance,Drama,7.5,2292,6.156876791,4.9545,en,"Abandoned by her family, Kya raises herself all alone in the marshes outside of her small town. When her former boyfriend is found dead, Kya is instantly branded by the local townspeople and law enforcement as the prime suspect for his murder.",9,movie_682507_Hulu,movie_682507,1,TRUE
482373,Don't Breathe 2,movie,Hulu,15,2021,2021-08-12,"[53, 27]",Thriller|Horror,Thriller,7,2807,5.941638948,4.8387,en,"The Blind Man has been hiding out for several years in an isolated cabin and has taken in and raised a young girl orphaned from a devastating house fire. Their quiet life together is shattered when a group of criminals kidnap the girl, forcing the Blind Man to leave his safe haven to save her.",9,movie_482373_Hulu,movie_482373,1,TRUE
713364,Clown in a Cornfield,movie,Hulu,15,2025,2025-05-02,"[27, 9648, 53]",Horror|Mystery|Thriller,Horror,6.1,539,3.164485082,4.8385,en,"Quinn and her father have just moved to the quiet town of Kettle Springs hoping for a fresh start. Instead, she discovers a fractured community that has fallen on hard times after the treasured Baypen Corn Syrup Factory burned down. As the locals bicker amongst themselves and tensions boil over, a sinister, grinning figure emerges from the cornfields to cleanse the town of its burdens, one bloody victim at a time.",9,movie_713364_Hulu,movie_713364,1,TRUE
1887,Marie Antoinette,movie,Hulu,15,2006,2006-05-24,"[18, 36]",Drama|History,Drama,6.702,2948,5.730132251,4.8231,en,"A retelling of the story of France’s iconic but ill-fated queen, Marie Antoinette - from her betrothal and marriage to Louis XVI at fifteen to her reign as queen at nineteen and ultimately the fall of Versailles.",9,movie_1887_Hulu,movie_1887,1,TRUE
1116490,Cash Out,movie,Hulu,15,2024,2024-04-26,"[28, 53]",Action|Thriller,Action,6.199,251,2.071836218,4.8204,en,"Criminal mastermind Mason is about to execute the score of a lifetime when his lover and key member of his crew, Decker, takes the team down and reveals she’s an undercover Interpol agent. Heartbroken, Mason escapes and retires from the life of crime until his younger brother Shawn is out of his league taking on a big bank heist all on his own. Mason has no choice left but to come to the rescue, while Interpol brings Decker in hoping to unnerve him. Before the SWAT teams storm the bank, Mason must use every tool in his arsenal to not only escape with the prize, but also the love of his life.",9,movie_1116490_Hulu,movie_1116490,1,TRUE
768362,Missing,movie,Hulu,15,2023,2023-01-19,"[18, 9648, 53]",Drama|Mystery|Thriller,Drama,7.397,1267,5.303904358,4.8073,en,"When her mother disappears while on vacation in Colombia with her new boyfriend, June’s search for answers is hindered by international red tape. Stuck thousands of miles away in Los Angeles, June creatively uses all the latest technology at her fingertips to try and find her before it’s too late. But as she digs deeper, her digital sleuthing raises more questions than answers... and when June unravels secrets about her mom, she discovers that she never really knew her at all.",9,movie_768362_Hulu,movie_768362,1,TRUE
838240,Robot Dreams,movie,Hulu,15,2023,2023-12-06,"[16, 18, 35, 878]",Animation|Drama|Comedy|Science Fiction,Animation,7.967,791,4.881407436,4.7806,es,A lonely dog's friendship with his robot companion takes a sad turn when an unexpected malfunction forces him to abandon Robot at the beach. Will Dog ever meet Robot again?,9,movie_838240_Hulu,movie_838240,1,TRUE
820609,No One Will Save You,movie,Hulu,15,2023,2023-09-21,"[27, 878]",Horror|Science Fiction,Horror,6.682,1439,4.95894688,4.7654,en,A lonely woman battles extraterrestrials who threaten her future while forcing her to face her past.,9,movie_820609_Hulu,movie_820609,1,TRUE
8920,Garfield,movie,Hulu,15,2004,2004-06-10,"[35, 10751]",Comedy|Family,Comedy,5.729,4228,5.123141286,4.7552,en,"Garfield, the fat, lazy, lasagna lover, has everything a cat could want. But when Jon, in an effort to impress the Liz - the vet and an old high-school crush - adopts a dog named Odie and brings him home, Garfield gets the one thing he doesn't want. Competition.",9,movie_8920_Hulu,movie_8920,1,TRUE
1429605,F Valentine's Day,movie,Hulu,15,2026,2026-02-12,"[10749, 35]",Romance|Comedy,Romance,5.979,72,0.752601399,4.6884,en,"Gina hates her Valentine's Day birthday and travels to Greece to prevent her boyfriend's proposal. With help from vacationers Johnny and his sister Mickey, she schemes to delay it – while questioning her relationship.",9,movie_1429605_Hulu,movie_1429605,1,TRUE
758336,Love Again,movie,Hulu,15,2023,2023-05-04,"[10749, 18, 35]",Romance|Drama|Comedy,Romance,6.737,477,3.289200614,4.6852,en,"Mira Ray, dealing with the loss of her fiancé, John, sends a series of romantic texts to his old cell phone number… not realizing the number was reassigned to Rob Burns' new work phone. Rob, a journalist, is captivated by the honesty in the beautifully confessional texts. When he’s assigned to write a profile of megastar Céline Dion, he enlists her help in figuring out how to meet Mira in person and win her heart.",9,movie_758336_Hulu,movie_758336,1,TRUE
1151334,Eenie Meanie,movie,Hulu,15,2025,2025-08-21,"[28, 35, 80]",Action|Comedy|Crime,Action,6.318,311,2.422808878,4.6403,en,A former teenage getaway driver gets dragged back into her unsavory past when a former employer offers her a chance to save the life of her chronically unreliable ex-boyfriend.,9,movie_1151334_Hulu,movie_1151334,1,TRUE
1009640,Valiant One,movie,Hulu,15,2025,2025-01-30,"[10752, 53, 28]",War|Thriller|Action,War,6.697,117,1.269933549,4.6337,en,"With tensions between North and South Korea, a US helicopter crashes on the North side. The survivors must work together to protect a civilian tech specialist and find their way out without the help of US military support.",9,movie_1009640_Hulu,movie_1009640,1,TRUE
12184,The Other Boleyn Girl,movie,Hulu,15,2008,2008-02-28,"[18, 10749, 36]",Drama|Romance|History,Drama,6.695,2208,5.458847858,4.5719,en,"A sumptuous and sensual tale of intrigue, romance and betrayal set against the backdrop of a defining moment in European history: two beautiful sisters, Anne and Mary Boleyn, driven by their family's blind ambition, compete for the love of the handsome and passionate King Henry VIII.",9,movie_12184_Hulu,movie_12184,1,TRUE
437342,The First Omen,movie,Hulu,15,2024,2024-04-03,[27],Horror,Horror,6.815,1292,4.913493304,4.5695,en,"When a young American woman is sent to Rome to begin a life of service to the church, she encounters a darkness that causes her to question her own faith and uncovers a terrifying conspiracy that hopes to bring about the birth of evil incarnate.",10,movie_437342_Hulu,movie_437342,1,TRUE
938614,Late Night with the Devil,movie,Hulu,15,2024,2024-03-19,[27],Horror,Horror,7.109,2083,5.732886953,4.5504,en,"A live broadcast of a late-night talk show in 1977 goes horribly wrong, unleashing evil into the nation's living rooms.",10,movie_938614_Hulu,movie_938614,1,TRUE
1029235,Azrael,movie,Hulu,15,2024,2024-09-27,"[28, 27, 53]",Action|Horror|Thriller,Action,5.895,420,2.691195652,4.5481,en,"In a world where no one speaks, a devout female hunts down a young woman who has escaped her imprisonment. Recaptured by its ruthless leaders, Azrael is due to be sacrificed to pacify an ancient evil deep within the surrounding wilderness.",10,movie_1029235_Hulu,movie_1029235,1,TRUE
945729,A Haunting in Venice,movie,Hulu,15,2023,2023-09-13,"[9648, 53, 80]",Mystery|Thriller|Crime,Mystery,6.573,2814,5.581298129,4.5263,en,"Celebrated sleuth Hercule Poirot, now retired and living in self-imposed exile in Venice, reluctantly attends a Halloween séance at a decaying, haunted palazzo. When one of the guests is murdered, the detective is thrust into a sinister world of shadows and secrets.",10,movie_945729_Hulu,movie_945729,1,TRUE
1161617,Code 3,movie,Hulu,15,2025,2025-09-12,"[35, 28, 18]",Comedy|Action|Drama,Comedy,7.081,272,2.494860104,4.5169,en,A burned-out paramedic tries to survive his last 24 hours on the job while training a new recruit.,10,movie_1161617_Hulu,movie_1161617,1,TRUE
458576,Monster Hunter,movie,Hulu,15,2020,2020-12-03,"[28, 14, 12]",Action|Fantasy|Adventure,Action,6.516,3548,5.711158103,4.5069,en,"A portal transports Cpt. Artemis and an elite unit of soldiers to a strange world where powerful monsters rule with deadly ferocity. Faced with relentless danger, the team encounters a mysterious hunter who may be their only hope to find a way home.",10,movie_458576_Hulu,movie_458576,1,TRUE
1096197,No Way Up,movie,Hulu,15,2024,2024-01-18,"[53, 27, 28]",Thriller|Horror|Action,Thriller,6.26,1109,4.314692356,4.4926,en,Characters from different backgrounds are thrown together when the plane they're travelling on crashes into the Pacific Ocean. A nightmare fight for survival ensues with the air supply running out and dangers creeping in from all sides.,10,movie_1096197_Hulu,movie_1096197,1,TRUE
506574,Descendants 3,movie,Hulu,15,2019,2019-08-02,"[10751, 10770, 12, 14, 10402]",Family|TV Movie|Adventure|Fantasy|Music,Family,7.674,1611,5.85637802,4.4919,en,The teenagers of Disney's most infamous villains return to the Isle of the Lost to recruit a new batch of villainous offspring to join them at Auradon Prep.,10,movie_506574_Hulu,movie_506574,1,TRUE
376659,Bad Moms,movie,Hulu,15,2016,2016-07-28,[35],Comedy,Comedy,6.5,4256,5.816652649,4.4792,en,"When three overworked and under-appreciated moms are pushed beyond their limits, they ditch their conventional responsibilities for a jolt of long overdue freedom, fun, and comedic self-indulgence.",10,movie_376659_Hulu,movie_376659,1,TRUE
571055,Down,movie,Hulu,15,2019,2019-02-01,"[27, 53, 10770]",Horror|Thriller|TV Movie,Horror,6.825,252,2.287101064,4.4791,en,"A pair of coworkers gets trapped in an elevator over a long weekend, but what at first promises to be a romantic connection turns nefarious as each party begins to reveal who they truly are.",10,movie_571055_Hulu,movie_571055,1,TRUE
1551900,Dear Sobriety: You're Killing Me,movie,Hulu,15,2026,2026-01-29,[35],Comedy,Comedy,4.273,11,0.091982387,4.4702,es,"Raffi, nearly forty and defiant of the system, has cycled through rehab countless times. After being kicked out of the clinic in his fifth attempt to get clean, he is forced to return to the person he despises most: his mother. Two days later, she kicks him out, and Raffi turns to Trino, his last remaining friend, for refuge. When he learns that his high school crush, Inés, is newly divorced, Raffi vows to win her over, even if it means getting a regular job, growing up, and finally taking his recovery seriously.",10,movie_1551900_Hulu,movie_1551900,1,TRUE
977294,Tin Soldier,movie,Hulu,15,2025,2025-05-22,"[28, 53]",Action|Thriller,Action,4.81,108,0.854407895,4.4315,en,"An ex-special forces operative seeks revenge against a cult leader who has corrupted his former comrades, the Shinjas. This leader, known as The Bokushi, promises veterans a purpose and protection, but is revealed to be a destructive influence. The ex-soldier, Nash Cavanaugh, joins forces with military operative Emmanuel Ashburn to infiltrate the Bokushi's fortress and expose his reign of terror",10,movie_977294_Hulu,movie_977294,1,TRUE
8326,Holes,movie,Hulu,15,2003,2003-04-18,"[12, 10751, 18, 35]",Adventure|Family|Drama|Comedy,Adventure,6.907,1536,5.210781925,4.4224,en,"After being wrongfully convicted for stealing a pair of shoes, Stanley Yelnats is sent away to Camp Green Lake, a boys detention facility where inmates are forced to dig holes all day in the hot desert sun as a form of character building. As he endures the brutal routine, Stanley begins to uncover a hidden truth behind the camp—one that connects to a dangerous secret and his family’s history.",10,movie_8326_Hulu,movie_8326,1,TRUE
9008,The Insider,movie,Hulu,15,1999,1999-10-28,"[18, 53]",Drama|Thriller,Drama,7.46,2060,6.00296875,4.4144,en,A research chemist comes under personal and professional attack when he decides to appear in a 60 Minutes exposé on Big Tobacco.,10,movie_9008_Hulu,movie_9008,1,TRUE
242224,The Babadook,movie,Hulu,15,2014,2014-05-22,"[18, 27]",Drama|Horror,Drama,6.532,6400,6.058666667,4.4104,en,A grieving single mother and her child fall into a deep well of paranoia when an eerie children's book manifests in their home.,10,movie_242224_Hulu,movie_242224,1,TRUE
9032,Big Daddy,movie,Hulu,15,1999,1999-06-25,"[35, 18]",Comedy|Drama,Comedy,6.492,3529,5.686341028,4.3891,en,"A lazy law school grad adopts a kid to impress his girlfriend, but everything doesn't go as planned. Now he's forced to grow up while navigating the challenges of fatherhood.",10,movie_9032_Hulu,movie_9032,1,TRUE
974453,Absolution,movie,Hulu,15,2024,2024-10-31,"[28, 80, 53, 9648]",Action|Crime|Thriller|Mystery,Action,5.892,515,2.989536946,4.3643,en,"An aging ex-boxer gangster working as muscle for a Boston crime boss receives an upsetting diagnosis.  Despite a faltering memory, he attempts to rectify the sins of his past and reconnect with his estranged children. He is determined to leave a positive legacy for his grandson, but the criminal underworld isn’t done with him and won’t loosen their grip willingly.",10,movie_974453_Hulu,movie_974453,1,TRUE
136795,The Heat,movie,Hulu,15,2013,2013-06-27,"[28, 35, 80]",Action|Comedy|Crime,Action,6.591,4160,5.883811159,4.3326,en,"Uptight and straight-laced, FBI Special Agent Sarah Ashburn is a methodical investigator with a reputation for excellence--and hyper-arrogance. Shannon Mullins, one of Boston P.D.'s ""finest,"" is foul-mouthed and has a very short fuse, and uses her gut instinct and street smarts to catch the most elusive criminals. Neither has ever had a partner, or a friend for that matter. When these two wildly incompatible law officers join forces to bring down a ruthless drug lord, they become the last thing anyone expected: buddies.",10,movie_136795_Hulu,movie_136795,1,TRUE
617653,The Last Duel,movie,Hulu,15,2021,2021-10-13,"[36, 18, 28, 53]",History|Drama|Action|Thriller,History,7.409,3833,6.554049619,4.327,en,"King Charles VI declares that Knight Jean de Carrouges settle his dispute with his squire, Jacques Le Gris, by challenging him to a duel.",10,movie_617653_Hulu,movie_617653,1,TRUE
1051896,Arcadian,movie,Hulu,15,2024,2024-04-12,"[28, 27, 53, 878]",Action|Horror|Thriller|Science Fiction,Action,6.029,849,3.794381764,4.3177,en,"In the near future, on a decimated Earth, Paul and his twin sons face terror at night when ferocious creatures awaken. When Paul is nearly killed, the boys come up with a plan for survival, using everything their father taught them to keep him alive.",10,movie_1051896_Hulu,movie_1051896,1,TRUE
79744,The Rookie,tv,Hulu,15,2018,2018-10-16,"[80, 18, 35]",Crime|Drama|Comedy,Crime,8.541,3205,7.388368421,280.8416,en,"Starting over isn't easy, especially for small-town guy John Nolan who, after a life-altering incident, is pursuing his dream of being an LAPD officer. As the force's oldest rookie, he's met with skepticism from some higher-ups who see him as just a walking midlife crisis.",1,tv_79744_Hulu,tv_79744,1,TRUE
1416,Grey's Anatomy,tv,Hulu,15,2005,2005-03-27,[18],Drama,Drama,8.208,10891,7.847715565,228.5729,en,Follows the personal and professional lives of a group of doctors at Seattle's Grey Sloan Memorial Hospital.,1,tv_1416_Hulu,tv_1416,2,FALSE
2734,Law & Order: Special Victims Unit,tv,Hulu,15,1999,1999-09-20,"[80, 18, 9648]",Crime|Drama|Mystery,Crime,7.9,4187,7.057243439,208.9439,en,"In the criminal justice system, sexually-based offenses are considered especially heinous. In New York City, the dedicated detectives who investigate these vicious felonies are members of an elite squad known as the Special Victims Unit. These are their stories.",1,tv_2734_Hulu,tv_2734,2,FALSE
4614,NCIS,tv,Hulu,15,2003,2003-09-23,"[80, 18, 10759]",Crime|Drama|Action & Adventure,Crime,7.613,2493,6.341199131,197.1984,en,"From murder and espionage to terrorism and stolen submarines, a team of special agents investigates any crime that has any connection to Navy and Marine Corps personnel, regardless of rank or position.",1,tv_4614_Hulu,tv_4614,2,FALSE
5920,The Mentalist,tv,Hulu,15,2008,2008-09-23,"[80, 18, 9648]",Crime|Drama|Mystery,Crime,8.351,4274,7.476366569,193.8642,en,"Patrick Jane, a former celebrity psychic medium, uses his razor sharp skills of observation and expertise at ""reading"" people to solve serious crimes with the California Bureau of Investigation.",1,tv_5920_Hulu,tv_5920,1,TRUE
456,The Simpsons,tv,Hulu,15,1989,1989-12-17,"[10751, 16, 35]",Family|Animation|Comedy,Family,8.016,10749,7.659701662,181.798,en,"Set in Springfield, the average American town, the show focuses on the antics and everyday adventures of the Simpson family; Homer, Marge, Bart, Lisa and Maggie, as well as a virtual cast of thousands. Since the beginning, the series has been a pop culture icon, attracting hundreds of celebrities to guest star. The show has also made name for itself in its fearless satirical take on politics, media and American life in general.",1,tv_456_Hulu,tv_456,1,TRUE
1408,House,tv,Hulu,15,2004,2004-11-16,[18],Drama,Drama,8.567,7552,8.035020368,171.8981,en,"Dr. Gregory House, a drug-addicted, unconventional, misanthropic medical genius, leads a team of diagnosticians at the fictional Princeton–Plainsboro Teaching Hospital in New Jersey.",1,tv_1408_Hulu,tv_1408,2,FALSE
1911,Bones,tv,Hulu,15,2005,2005-09-13,"[80, 18]",Crime|Drama,Crime,8.189,3475,7.158937107,160.21,en,"Dr. Temperance Brennan and her colleagues at the Jeffersonian's Medico-Legal Lab assist Special Agent Seeley Booth with murder investigations when the remains are so badly decomposed, burned or destroyed that the standard identification methods are useless.",1,tv_1911_Hulu,tv_1911,3,FALSE
1434,Family Guy,tv,Hulu,15,1999,1999-01-31,"[16, 35]",Animation|Comedy,Animation,7.399,4930,6.717692449,147.861,en,"Sick, twisted, politically incorrect and Freakin' Sweet animated series featuring the adventures of the dysfunctional Griffin family. Bumbling Peter and long-suffering Lois have three kids. Stewie (a brilliant but sadistic baby bent on killing his mother and taking over the world), Meg (the oldest, and is the most unpopular girl in town) and Chris (the middle kid, he's not very bright but has a passion for movies). The final member of the family is Brian - a talking dog and much more than a pet, he keeps Stewie in check whilst sipping Martinis and sorting through his own life issues.",1,tv_1434_Hulu,tv_1434,1,TRUE
549,Law & Order,tv,Hulu,15,1990,1990-09-13,"[80, 18]",Crime|Drama,Crime,7.309,681,4.214588484,146.5262,en,"In cases ripped from the headlines, police investigate serious and often deadly crimes, weighing the evidence and questioning the suspects until someone is taken into custody. The district attorney's office then builds a case to convict the perpetrator by proving the person guilty beyond a reasonable doubt. Working together, these expert teams navigate all sides of the complex criminal justice system to make New York a safer place.",1,tv_549_Hulu,tv_549,2,FALSE
4057,Criminal Minds,tv,Hulu,15,2005,2005-09-22,"[80, 18, 9648]",Crime|Drama|Mystery,Crime,8.299,4059,7.388822329,143.1492,en,"An elite team of FBI profilers analyze the country's most twisted criminal minds, anticipating their next moves before they strike again. The Behavioral Analysis Unit's most experienced agent is David Rossi, a founding member of the BAU who returns to help the team solve new cases.",1,tv_4057_Hulu,tv_4057,2,FALSE
1431,CSI: Crime Scene Investigation,tv,Hulu,15,2000,2000-10-06,"[80, 18, 9648]",Crime|Drama|Mystery,Crime,7.632,1378,5.600051118,142.2766,en,"A Las Vegas team of forensic investigators are trained to solve criminal cases by scouring the crime scene, collecting irrefutable evidence and finding the missing pieces that solve the mystery.",1,tv_1431_Hulu,tv_1431,1,TRUE
1421,Modern Family,tv,Hulu,15,2009,2009-09-23,[35],Comedy,Comedy,7.9,3319,6.865697827,138.5011,en,"The Pritchett-Dunphy-Tucker clan is a wonderfully large and blended family. They give us an honest and often hilarious look into the sometimes warm, sometimes twisted, embrace of the modern family.",1,tv_1421_Hulu,tv_1421,2,FALSE
4604,Smallville,tv,Hulu,15,2001,2001-10-16,"[10765, 10759, 18]",Sci-Fi & Fantasy|Action & Adventure|Drama,Sci-Fi & Fantasy,8.184,4440,7.355659919,137.4306,en,The origins of the world’s greatest hero–from Krypton refugee Kal-el’s arrival on Earth through his tumultuous teen years to Clark Kent’s final steps toward embracing his destiny as the Man of Steel.,1,tv_4604_Hulu,tv_4604,1,TRUE
278573,Perfect Crown,tv,Hulu,15,2026,2026-04-10,"[35, 18]",Comedy|Drama,Comedy,8.2,24,0.375572519,109.0952,ko,"In 21st-century Korea under a constitutional monarchy, a chaebol heiress with everything but status tries to take control of her future after crossing paths with a lonely prince with nothing but his title. Together, bound by a contract marriage, they begin a class-defying romance to rewrite destiny.",1,tv_278573_Hulu,tv_278573,1,TRUE
4607,Lost,tv,Hulu,15,2004,2004-09-22,"[9648, 10759, 18]",Mystery|Action & Adventure|Drama,Mystery,7.954,5035,7.235481481,107.0838,en,"Stripped of everything, the survivors of a horrific plane crash must work together to stay alive. But the island holds many secrets.",1,tv_4607_Hulu,tv_4607,1,TRUE
2288,Prison Break,tv,Hulu,15,2005,2005-08-29,"[10759, 80, 18]",Action & Adventure|Crime|Drama,Action & Adventure,8.071,5917,7.442123578,102.5609,en,"Due to a political conspiracy, an innocent man is sent to death row and his only hope is his brother, who makes it his mission to deliberately get himself sent to the same prison in order to break the both of them out, from the inside out.",1,tv_2288_Hulu,tv_2288,1,TRUE
211288,Tracker,tv,Hulu,15,2024,2024-02-11,"[18, 80]",Drama|Crime,Drama,7.489,276,2.663613402,101.6666,en,"Lone-wolf survivalist Colter Shaw roams the country as a “reward seeker,” using his expert tracking skills to help private citizens and law enforcement solve all manner of mysteries while contending with his own fractured family.",1,tv_211288_Hulu,tv_211288,1,TRUE
1973,24,tv,Hulu,15,2001,2001-11-06,"[10759, 18, 80]",Action & Adventure|Drama|Crime,Action & Adventure,7.784,1766,6.066436011,100.6537,en,"Counterterrorism agent Jack Bauer fights the bad guys of the world, a day at a time. With each week's episode unfolding in real-time, ""24"" covers a single day in the life of Bauer each season.",1,tv_1973_Hulu,tv_1973,1,TRUE
95479,JUJUTSU KAISEN,tv,Hulu,15,2020,2020-10-03,"[16, 10759, 10765]",Animation|Action & Adventure|Sci-Fi & Fantasy,Animation,8.561,4403,7.687963084,100.6006,ja,"Yuji Itadori is a boy with tremendous physical strength, though he lives a completely ordinary high school life. One day, to save a classmate who has been attacked by curses, he eats the finger of Ryomen Sukuna, taking the curse into his own soul. From then on, he shares one body with Ryomen Sukuna. Guided by the most powerful of sorcerers, Satoru Gojo, Itadori is admitted to Tokyo Jujutsu High School, an organization that fights the curses... and thus begins the heroic tale of a boy who became a curse to exorcise a curse, a life from which he could never turn back.",1,tv_95479_Hulu,tv_95479,2,FALSE
1620,CSI: Miami,tv,Hulu,15,2002,2002-09-23,"[18, 9648, 80]",Drama|Mystery|Crime,Drama,7.699,1697,5.946837961,98.2746,en,"The show follows Crime Scene Investigators working for the Miami-Dade Police Department as they use physical evidence, similar to their Las Vegas counterparts, to solve grisly murders. The series mixes deduction, gritty subject matter, and character-driven drama in the same vein as the original series in the CSI franchise, except that the Miami CSIs are cops first, scientists second.",2,tv_1620_Hulu,tv_1620,1,TRUE
75219,9-1-1,tv,Hulu,15,2018,2018-01-03,"[18, 80, 10759]",Drama|Crime|Action & Adventure,Drama,8.215,2771,6.959267808,98.0601,en,"Explore the high-pressure experiences of police officers, paramedics and firefighters who are thrust into the most frightening, shocking and heart-stopping situations. These emergency responders must try to balance saving those who are at their most vulnerable with solving the problems in their own lives.",2,tv_75219_Hulu,tv_75219,1,TRUE
71712,The Good Doctor,tv,Hulu,15,2017,2017-09-25,[18],Drama,Drama,8.458,12817,8.140435984,97.8852,en,"Shaun Murphy, a young surgeon with autism and savant syndrome, relocates from a quiet country life to join a prestigious hospital's surgical unit. Unable to personally connect with those around him, Shaun uses his extraordinary medical gifts to save lives and challenge the skepticism of his colleagues.",2,tv_71712_Hulu,tv_71712,1,TRUE
693,Desperate Housewives,tv,Hulu,15,2004,2004-10-03,"[9648, 18, 35]",Mystery|Drama|Comedy,Mystery,7.899,2062,6.357430913,95.565,en,"Looking down on her friends and family isn't a way of life for Mary Alice Young... it's a way of death. One day, in her perfect house, in the loveliest of suburbs, Mary Alice ended it all. Now she's taking us into the lives of her family, friends and neighbors, commenting from her elevated P.O.V.",2,tv_693_Hulu,tv_693,2,FALSE
1419,Castle,tv,Hulu,15,2009,2009-03-09,"[18, 80]",Drama|Crime,Drama,7.973,2080,6.427844961,95.538,en,"After a serial killer imitates the plots of his novels, successful mystery novelist Richard ""Rick"" Castle receives permission from the Mayor of New York City to tag along with an NYPD homicide investigation team for research purposes.",2,tv_1419_Hulu,tv_1419,2,FALSE
60572,Pokémon,tv,Hulu,15,1997,1997-04-01,"[16, 10759, 10765]",Animation|Action & Adventure|Sci-Fi & Fantasy,Animation,7.972,2163,6.475191889,94.9415,ja,"Join Ash accompanied by his partner Pikachu, as he travels through many regions, meets new friends and faces new challenges on his quest to become a Pokémon Master.",2,tv_60572_Hulu,tv_60572,2,FALSE
202555,Daredevil: Born Again,tv,Hulu,15,2025,2025-03-04,"[18, 10759, 80]",Drama|Action & Adventure|Crime,Drama,8.1,893,5.192605887,94.7366,en,"Matt Murdock, a blind lawyer with heightened abilities, is fighting for justice through his bustling law firm, while former mob boss Wilson Fisk pursues his own political endeavors in New York. When their past identities begin to emerge, both men find themselves on an inevitable collision course.",2,tv_202555_Hulu,tv_202555,1,TRUE
4087,The X-Files,tv,Hulu,15,1993,1993-09-10,"[9648, 10765, 80]",Mystery|Sci-Fi & Fantasy|Crime,Mystery,8.369,3542,7.333745176,94.6295,en,"The exploits of FBI Special Agents Fox Mulder and Dana Scully who investigate X-Files: marginalized, unsolved cases involving paranormal phenomena. Mulder believes in the existence of aliens and the paranormal while Scully, a skeptic, is assigned to make scientific analyses of Mulder's discoveries that debunk Mulder's work and thus return him to mainstream cases.",2,tv_4087_Hulu,tv_4087,1,TRUE
1407,Homeland,tv,Hulu,15,2011,2011-10-02,"[18, 10768, 80]",Drama|War & Politics|Crime,Drama,7.6,2561,6.358575629,92.2554,en,"CIA officer Carrie Mathison is tops in her field despite being bipolar, which makes her volatile and unpredictable. With the help of her long-time mentor Saul Berenson, Carrie fearlessly risks everything, including her personal well-being and even sanity, at every turn.",2,tv_1407_Hulu,tv_1407,2,FALSE
1433,American Dad!,tv,Hulu,15,2005,2005-02-06,"[16, 35]",Animation|Comedy,Animation,7,2349,5.771498771,87.8406,en,"The series focuses on an eccentric motley crew that is the Smith family and their three housemates: Father, husband, and breadwinner Stan Smith; his better half housewife, Francine Smith; their college-aged daughter, Hayley Smith; and their high-school-aged son, Steve Smith. Outside of the Smith family, there are three additional main characters, including Hayley's boyfriend turned husband, Jeff Fischer; the family's man-in-a-goldfish-body pet, Klaus; and most notably the family's zany alien, Roger, who is ""full of masquerades, brazenness, and shocking antics.""",2,tv_1433_Hulu,tv_1433,1,TRUE
31132,Regular Show,tv,Hulu,15,2010,2010-09-06,"[16, 35, 10759, 10765]",Animation|Comedy|Action & Adventure|Sci-Fi & Fantasy,Animation,8.63,2234,7.051726408,83.886,en,The surreal misadventures of two best friends - a blue jay and a raccoon - as they seek to liven up their mundane jobs as groundskeepers at the local park.,2,tv_31132_Hulu,tv_31132,1,TRUE
60622,Fargo,tv,Hulu,15,2014,2014-04-15,"[80, 18]",Crime|Drama,Crime,8.292,3221,7.177783392,83.2108,en,"A close-knit anthology series dealing with stories involving malice, violence and murder based in and around Minnesota.",2,tv_60622_Hulu,tv_60622,1,TRUE
60625,Rick and Morty,tv,Hulu,15,2013,2013-12-02,"[16, 35, 10765, 10759]",Animation|Comedy|Sci-Fi & Fantasy|Action & Adventure,Animation,8.676,10834,8.293257808,80.4028,en,Follows a sociopathic genius scientist who drags his inherently timid grandson on adventures across the universe.,2,tv_60625_Hulu,tv_60625,2,FALSE
790,Agatha Christie's Poirot,tv,Hulu,15,1989,1989-01-08,"[80, 18, 9648]",Crime|Drama|Mystery,Crime,8.174,544,4.259249042,78.0274,en,"From England to Egypt, accompanied by his elegant and trustworthy sidekicks, the intelligent yet eccentrically-refined Belgian detective Hercule Poirot pits his wits against a collection of first class deceptions.",2,tv_790_Hulu,tv_790,1,TRUE
125282,The Cleaning Lady,tv,Hulu,15,2022,2022-01-03,"[80, 18]",Crime|Drama,Crime,7.4,231,2.338440492,75.3449,en,"A whip-smart doctor comes to the U.S. for a medical treatment to save her ailing son. But when the system fails and pushes her into hiding, she refuses to be beaten down and marginalized. Instead, she becomes a cleaning lady for the mob and starts playing the game by her own rules.",2,tv_125282_Hulu,tv_125282,2,FALSE
65942,Re:ZERO -Starting Life in Another World-,tv,Hulu,15,2016,2016-04-04,"[16, 10759, 10765, 9648, 18]",Animation|Action & Adventure|Sci-Fi & Fantasy|Mystery|Drama,Animation,7.846,620,4.343321429,71.434,ja,"Natsuki Subaru, an ordinary high school  student, is on his way home from the convenience store when he finds  himself transported to another world. As he's lost and confused in a new  world where he doesn't even know left from right, the only person to  reach out to him was a beautiful girl with silver hair. Determined to  repay her somehow for saving him from his own despair, Subaru agrees to  help the girl find something she's looking for.",2,tv_65942_Hulu,tv_65942,1,TRUE
1413,American Horror Story,tv,Hulu,15,2011,2011-10-05,"[18, 9648, 10765]",Drama|Mystery|Sci-Fi & Fantasy,Drama,8.084,6020,7.46406135,70.5514,en,"An anthology horror drama series centering on different characters and locations, including a house with a murderous past, an asylum, a witch coven, a freak show, a hotel, a farmhouse in Roanoke, a cult, the apocalypse and a summer camp.",2,tv_1413_Hulu,tv_1413,2,FALSE
1705,Fringe,tv,Hulu,15,2008,2008-09-09,"[10765, 18, 9648]",Sci-Fi & Fantasy|Drama|Mystery,Sci-Fi & Fantasy,8.127,2776,6.886615385,67.0201,en,"FBI Special Agent Olivia Dunham, brilliant but formerly institutionalized scientist Walter Bishop and his scheming, reluctant son Peter uncover a deadly mystery involving a series of unbelievable events and realize they may be a part of a larger, more disturbing pattern that blurs the line between science fiction and technology.",2,tv_1705_Hulu,tv_1705,1,TRUE
1409,Sons of Anarchy,tv,Hulu,15,2008,2008-09-03,"[80, 18]",Crime|Drama,Crime,8.4,3240,7.277005348,66.207,en,"The Sons of Anarchy (SOA) are an outlaw motorcycle club with many charters in the United States and overseas. The show focused on the original and founding charter, Sons of Anarchy Motorcycle Club, Redwood Original, often referred to by the acronym SAMCRO, Sam Crow, or simply Redwood Charter. The charter operates both legal and illegal businesses in the small town of Charming, California. They combine gun-running and a garage, and involvement in porn film industry. Clay, the charter president, likes it old school and violent; while Jax, his stepson and the club's VP, has thoughts about changing the way things are done. Their conflict has effects on both the club and their personal relationship, especially when Jax goes on a personal quest to cleanse the SAMCRO name and image.",2,tv_1409_Hulu,tv_1409,1,TRUE
32692,Blue Bloods,tv,Hulu,15,2010,2010-09-24,"[80, 18]",Crime|Drama,Crime,7.783,994,5.178247657,64.4841,en,"A drama about a multi-generational family of cops dedicated to New York City law enforcement. Frank Reagan is the New York Police Commissioner and heads both the police force and the Reagan brood. He runs his department as diplomatically as he runs his family, even when dealing with the politics that plagued his unapologetically bold father, Henry, during his stint as Chief.",2,tv_32692_Hulu,tv_32692,2,FALSE
4588,ER,tv,Hulu,15,1994,1994-09-19,[18],Drama,Drama,7.832,918,5.070363893,62.0785,en,ER explores the inner workings of an urban teaching hospital and the critical issues faced by the dedicated physicians and staff of its overburdened emergency room.,3,tv_4588_Hulu,tv_4588,2,FALSE
209867,Frieren: Beyond Journey's End,tv,Hulu,15,2023,2023-09-29,"[16, 10759, 18, 10765]",Animation|Action & Adventure|Drama|Sci-Fi & Fantasy,Animation,8.803,812,5.448198171,61.6724,ja,"After the party of heroes defeated the Demon King, they restored peace to the land and returned to lives of solitude.  Generations pass, and the elven mage Frieren comes face to face with humanity’s mortality. She takes on a new apprentice and promises to fulfill old friends’ dying wishes. Can an elven mind make peace with the nature of life and death? Frieren embarks on her quest to find out.",3,tv_209867_Hulu,tv_209867,2,FALSE
1100,How I Met Your Mother,tv,Hulu,15,2005,2005-09-19,[35],Comedy,Comedy,8.132,5675,7.473538462,61.3163,en,A father recounts to his children - through a series of flashbacks - the journey he and his four best friends took leading up to him meeting their mother.,3,tv_1100_Hulu,tv_1100,1,TRUE
120089,SPY x FAMILY,tv,Hulu,15,2022,2022-04-09,"[16, 10759, 35]",Animation|Action & Adventure|Comedy,Animation,8.5,2243,6.950601531,61.0804,ja,"A spy, an assassin and a telepath come together to pose as a family, each for their own reasons, while hiding their true identities from each other.",3,tv_120089_Hulu,tv_120089,1,TRUE
30984,Bleach,tv,Hulu,15,2004,2004-10-05,"[10759, 16, 10765]",Action & Adventure|Animation|Sci-Fi & Fantasy,Action & Adventure,8.36,2120,6.764580153,60.1209,ja,"For as long as he can remember, Ichigo Kurosaki has been able to see ghosts. But when he meets Rukia, a Soul Reaper who battles evil spirits known as Hollows, he finds his life is changed forever. Now, with a newfound wealth of spiritual energy, Ichigo discovers his true calling: to protect the living and the dead from evil.",3,tv_30984_Hulu,tv_30984,1,TRUE
46260,Naruto,tv,Hulu,15,2002,2002-10-03,"[16, 10759, 10765]",Animation|Action & Adventure|Sci-Fi & Fantasy,Animation,8.364,5963,7.716932075,58.7685,ja,"Naruto Uzumaki, a mischievous adolescent ninja, struggles as he searches for recognition and dreams of becoming the Hokage, the village's leader and strongest ninja.",3,tv_46260_Hulu,tv_46260,4,FALSE
69478,The Handmaid's Tale,tv,Hulu,15,2017,2017-04-26,"[18, 10765, 10759]",Drama|Sci-Fi & Fantasy|Action & Adventure,Drama,8.141,3206,7.042645979,57.6798,en,"Set in a dystopian future, a woman is forced to live as a concubine under a fundamentalist theocratic dictatorship.",3,tv_69478_Hulu,tv_69478,1,TRUE
45790,JoJo's Bizarre Adventure,tv,Hulu,15,2012,2012-10-06,"[16, 10759, 10765]",Animation|Action & Adventure|Sci-Fi & Fantasy,Animation,8.556,1582,6.501244957,57.1852,ja,"Follow the intergenerational feud between the Joestar Family and various forces of evil, the most prominent of which is Dio Brando and his followers.",3,tv_45790_Hulu,tv_45790,4,FALSE
1415,Elementary,tv,Hulu,15,2012,2012-09-27,"[18, 9648, 80]",Drama|Mystery|Crime,Drama,7.6,1820,5.962068966,56.8032,en,"A modern-day drama about a crime-solving duo that cracks the NYPD's most impossible cases. Following his fall from grace in London and a stint in rehab, eccentric Sherlock escapes to Manhattan where his wealthy father forces him to live with his worst nightmare - a sober companion, Dr. Watson.",3,tv_1415_Hulu,tv_1415,2,FALSE
2004,Malcolm in the Middle,tv,Hulu,15,2000,2000-01-09,[35],Comedy,Comedy,8.465,4815,7.668668862,56.5439,en,"A gifted young teen tries to survive life with his dimwitted, dysfunctional family.",3,tv_2004_Hulu,tv_2004,1,TRUE
46298,Hunter x Hunter,tv,Hulu,15,2011,2011-10-02,"[16, 10759, 10765]",Animation|Action & Adventure|Sci-Fi & Fantasy,Animation,8.7,2084,7.016563467,56.2818,ja,"Gon, a young boy who lives on Whale Island, dreams of becoming a Hunter like his father, who left when Gon was still young.",3,tv_46298_Hulu,tv_46298,4,FALSE
74016,The Resident,tv,Hulu,15,2018,2018-01-21,[18],Drama,Drama,8.4,1308,6.07699115,55.9459,en,"A tough, brilliant senior resident guides an idealistic young doctor through his first day, pulling back the curtain on what really happens, both good and bad, in modern-day medicine.",3,tv_74016_Hulu,tv_74016,2,FALSE
4586,Gilmore Girls,tv,Hulu,15,2000,2000-10-05,"[35, 18]",Comedy|Drama,Comedy,7.898,1237,5.624540012,55.6916,en,"Set in the charming town of Stars Hollow, Connecticut, the series follows the captivating lives of Lorelai and Rory Gilmore, a mother/daughter pair who have a relationship most people only dream of.",3,tv_4586_Hulu,tv_4586,2,FALSE
4556,Scrubs,tv,Hulu,15,2001,2001-10-02,[35],Comedy,Comedy,8.239,92,1.280385135,55.6294,en,"In the unreal world of Sacred Heart Hospital, John ""J.D."" Dorian learns the ways of medicine, friendship and life.",3,tv_4556_Hulu,tv_4556,1,TRUE
220542,The Apothecary Diaries,tv,Hulu,15,2023,2023-10-22,"[16, 18, 9648]",Animation|Drama|Mystery,Animation,8.6,554,4.520303605,55.2415,ja,"Maomao lived a peaceful life with her apothecary father. Until one day, she's sold as a lowly servant to the emperor's palace. But she wasn't meant for a compliant life among royalty. So when imperial heirs fall ill, she decides to step in and find a cure! This catches the eye of Jinshi, a handsome palace official who promotes her. Now, she's making a name for herself solving medical mysteries!",3,tv_220542_Hulu,tv_220542,2,FALSE
2458,CSI: NY,tv,Hulu,15,2004,2004-09-22,"[80, 18, 9648]",Crime|Drama|Mystery,Crime,7.321,748,4.387907051,54.7661,en,"Follow the investigations of a team of NYPD forensic scientists and police officers identified as ""Crime Scene Investigators"".",3,tv_2458_Hulu,tv_2458,1,TRUE
57706,Ranma ½,tv,Hulu,15,1989,1989-04-15,"[35, 10759, 16, 10765]",Comedy|Action & Adventure|Animation|Sci-Fi & Fantasy,Comedy,8.61,1505,6.46286783,54.5583,ja,"Ranma Saotome, a teenage martial artist, and his father Genma travel to the 'cursed training ground' of Jusenkyo in China. There, despite the warnings of the Chinese guard, they fall into the cursed springs. From now on, whenever Ranma is doused in cold water, he turns into a girl and a cute, well-built redhead at that. Hot water changes him back into a man again, but only until the next time. To make matters worse, his father engages him to Akane Tendo, a girl who hates boys.",3,tv_57706_Hulu,tv_57706,2,FALSE
15260,Adventure Time,tv,Hulu,15,2010,2010-04-05,"[16, 35, 10765]",Animation|Comedy|Sci-Fi & Fantasy,Animation,8.502,3092,7.318536748,52.8013,en,"Unlikely heroes Finn and Jake are buddies who traverse the mystical Land of Ooo. The best of friends, our heroes always find themselves in the middle of escapades. Finn and Jake depend on each other through thick and thin.",3,tv_15260_Hulu,tv_15260,2,FALSE
37854,One Piece,tv,Hulu,15,1999,1999-10-20,"[10759, 35, 16]",Action & Adventure|Comedy|Animation,Action & Adventure,8.7,5282,7.947665168,51.4599,ja,"Years ago, the fearsome Pirate King, Gol D. Roger was executed leaving a huge pile of treasure and the famous ""One Piece"" behind. Whoever claims the ""One Piece"" will be named the new King of the Pirates.

Monkey D. Luffy, a boy who consumed a ""Devil Fruit,"" decides to follow in the footsteps of his idol, the pirate Shanks, and find the One Piece. It helps, of course, that his body has the properties of rubber and that he's surrounded by a bevy of skilled fighters and thieves to help him along the way.

Luffy will do anything to get the One Piece and become King of the Pirates!",3,tv_37854_Hulu,tv_37854,2,FALSE
226637,High Potential,tv,Hulu,15,2024,2024-09-17,"[18, 80, 9648]",Drama|Crime|Mystery,Drama,8,488,3.951417004,50.7359,en,"Morgan is a single mom with an exceptional mind, whose unconventional knack for solving crimes leads to an unusual and unstoppable partnership with a by-the-book seasoned detective.",3,tv_226637_Hulu,tv_226637,1,TRUE
3452,Frasier,tv,Hulu,15,1993,1993-09-16,"[35, 10751]",Comedy|Family,Comedy,7.692,873,4.890834669,49.6431,en,"After many years spent at the “Cheers” bar, Frasier moves back home to Seattle to work as a radio psychiatrist after his policeman father gets shot in the hip on duty.",4,tv_3452_Hulu,tv_3452,2,FALSE
2327,Dawson's Creek,tv,Hulu,15,1998,1998-01-20,"[18, 10766]",Drama|Soap,Drama,7.321,606,4.011325497,48.9409,en,Dawson's Creek is an American teen drama that portrays the fictional lives of a close-knit group of teenagers through high school and college.,4,tv_2327_Hulu,tv_2327,2,FALSE
94664,Mushoku Tensei: Jobless Reincarnation,tv,Hulu,15,2021,2021-01-11,"[10759, 16, 10765]",Action & Adventure|Animation|Sci-Fi & Fantasy,Action & Adventure,8.547,1455,6.361066496,48.5623,ja,"When a 34-year-old underachiever gets run over by a truck, his story doesn't end there. Reincarnated in a new world as an infant, Rudy will seize every opportunity to live the life he's always wanted. Armed with new friends, some freshly acquired magical abilities, and the courage to do the things he's always dreamed of, he's embarking on an epic adventure—with all of his past experience intact!",4,tv_94664_Hulu,tv_94664,1,TRUE
32726,Bob's Burgers,tv,Hulu,15,2011,2011-01-09,"[16, 35]",Animation|Comedy,Animation,7.8,1079,5.330082331,48.0382,en,"Bob's Burgers follows a third-generation restaurateur, Bob, as he runs Bob's Burgers with the help of his wife and their three kids. Bob and his quirky family have big ideas about burgers, but fall short on service and sophistication. Despite the greasy counters, lousy location and a dearth of customers, Bob and his family are determined to make Bob's Burgers ""grand re-re-re-opening"" a success.",4,tv_32726_Hulu,tv_32726,1,TRUE
95,Buffy the Vampire Slayer,tv,Hulu,15,1997,1997-03-10,"[35, 18, 10765]",Comedy|Drama|Sci-Fi & Fantasy,Comedy,8.107,1981,6.473182991,46.1447,en,"Into every generation a slayer is born: one girl in all the world, a chosen one. She alone will wield the strength and skill to fight the vampires, demons, and the forces of darkness; to stop the spread of their evil and the swell of their number. She is the Slayer.",4,tv_95_Hulu,tv_95,1,TRUE
31910,Naruto Shippūden,tv,Hulu,15,2007,2007-02-15,"[16, 10759, 10765]",Animation|Action & Adventure|Sci-Fi & Fantasy,Animation,8.5,8625,8.034246575,46.1423,ja,"After 2 and a half years Naruto finally returns to his village of Konoha, and sets about putting his ambitions to work. It will not be easy though as he has amassed a few more dangerous enemies, in the likes of the shinobi organization; Akatsuki.",4,tv_31910_Hulu,tv_31910,1,TRUE
615,Futurama,tv,Hulu,15,1999,1999-03-28,"[16, 35, 10765]",Animation|Comedy|Sci-Fi & Fantasy,Animation,8.369,3720,7.377412322,45.3933,en,"The adventures of a late-20th-century New York City pizza delivery boy, Philip J. Fry, who, after being unwittingly cryogenically frozen for one thousand years, finds employment at Planet Express, an interplanetary delivery company in the retro-futuristic 31st century.",4,tv_615_Hulu,tv_615,1,TRUE
2352,The Nanny,tv,Hulu,15,1993,1993-11-03,"[35, 10751]",Comedy|Family,Comedy,8.06,1278,5.793408324,45.2315,en,"That flashy girl from Flushing with the heart of an angel (and the voice of a slighty more nasal angel). The comic misadventures of the sweet and sassy Fran Fine, her sophisticated employer, Broadway producer Mr. Sheffield, his boisterous brood and his wisecracking staff.",4,tv_2352_Hulu,tv_2352,2,FALSE
5325,Army Wives,tv,Hulu,15,2007,2007-06-03,[18],Drama,Drama,7.459,37,0.513934823,43.9199,en,"Army Wives is an American drama series that follows the lives of four army wives, one army husband, and their families.",4,tv_5325_Hulu,tv_5325,1,TRUE
1417,Glee,tv,Hulu,15,2009,2009-05-19,"[35, 18]",Comedy|Drama,Comedy,6.791,934,4.423147838,43.5183,en,"In this musical comedy, optimistic high school teacher Will Schuester tries to refuel his own passion while reinventing the high school's glee club and challenging a group of outcasts to realize their star potential as they strive to outshine their singing competition while navigating the cruel halls of McKinley High.",4,tv_1417_Hulu,tv_1417,1,TRUE
39272,Once Upon a Time,tv,Hulu,15,2011,2011-10-23,"[18, 10765]",Drama|Sci-Fi & Fantasy,Drama,7.4,2461,6.150422155,43.5132,en,"There is a town in Maine where every story book character you've ever known is trapped between two worlds, victims of a powerful curse. Only one knows the truth and only one can break the spell.",4,tv_39272_Hulu,tv_39272,1,TRUE
287527,The Testaments,tv,Hulu,15,2026,2026-04-08,[18],Drama,Drama,7.691,68,0.920753521,42.4301,en,"Growing up in Gilead is all they have ever known. As a new generation of young women grapple with the bleak future that awaits them, they will be forced to search for allies, new and old, to help in their fight for freedom.",4,tv_287527_Hulu,tv_287527,1,TRUE
31911,Fullmetal Alchemist: Brotherhood,tv,Hulu,15,2009,2009-04-05,"[16, 10759, 10765, 18]",Animation|Action & Adventure|Sci-Fi & Fantasy|Drama,Animation,8.705,2436,7.222540872,41.4273,ja,"Disregard for alchemy’s laws ripped half of Edward Elric’s limbs from his body and left his brother Alphonse’s soul clinging to a suit of armor. To restore what was lost, the brothers seek the Philosopher’s Stone. Enemies and allies – the corrupt military, the Homunculi, and foreign alchemists – will alter the Elric brothers course, but their purpose will remain unchanged and their bond unbreakable.",4,tv_31911_Hulu,tv_31911,2,FALSE
269,One Tree Hill,tv,Hulu,15,2003,2003-09-23,[18],Drama,Drama,7.787,582,4.188571165,41.3172,en,"In Tree Hill, North Carolina two half brothers share a last name and nothing else. Brooding, blue-collar Lucas is a talented street-side basketball player, but his skills are appreciated only by his friends at the river court. Popular, affluent Nathan basks in the hero-worship of the town, as the star of his high school team. And both boys are the son of former college ball player Dan Scott whose long ago choice to abandon Lucas and his mother Karen, will haunt him long into his life with wife Deb and their son Nathan.",4,tv_269_Hulu,tv_269,2,FALSE
245927,Paradise,tv,Hulu,15,2025,2025-01-26,"[80, 18]",Crime|Drama,Crime,7.509,440,3.514851064,40.7222,en,"The tranquility in a serene, wealthy community inhabited by some of the world's most prominent individuals explodes when a shocking murder occurs and a high stakes investigation unfolds.",4,tv_245927_Hulu,tv_245927,1,TRUE
2122,King of the Hill,tv,Hulu,15,1997,1997-01-12,"[16, 35, 10751]",Animation|Comedy|Family,Animation,7.395,660,4.2075,39.9619,en,"Set in Texas, this animated series follows the life of propane salesman Hank Hill, who lives with his overly confident substitute Spanish teacher wife Peggy, wannabe comedian son Bobby, and naive niece Luanne. Hank has conservative views about God, family, and country, but his values and ethics are often challenged by the situations he, his family, and his beer-drinking neighbors/buddies find themselves in.",4,tv_2122_Hulu,tv_2122,1,TRUE
63401,We Bare Bears,tv,Hulu,15,2015,2015-08-24,"[10751, 35, 16, 10762]",Family|Comedy|Animation|Kids,Family,7.729,1839,6.076798204,39.4807,en,"Three brother bears awkwardly attempt to find their place in civilized  society, whether they're looking for food, trying to make human friends,  or scheming to become famous on the internet. Grizzly, Panda and Ice  Bear stack atop one another when they leave their cave and explore the  hipster environs of the San Francisco Bay Area, and it's clear the  siblings have a lot to learn about a technologically driven world. By  their side on many adventures are best friend Chloe (the only human  character in the cast), fame-obsessed panda Nom Nom, and Charlie, aka  Bigfoot.",4,tv_63401_Hulu,tv_63401,1,TRUE
4598,Boston Legal,tv,Hulu,15,2004,2004-10-03,"[35, 18]",Comedy|Drama,Comedy,7.904,374,3.38226087,39.2499,en,Alan Shore and Denny Crane lead a brigade of high-priced civil litigators in an upscale Boston law firm in a series focusing on the professional and personal lives of brilliant but often emotionally challenged attorneys. A spin-off of long-running series The Practice.,4,tv_4598_Hulu,tv_4598,1,TRUE
67136,This Is Us,tv,Hulu,15,2016,2016-09-20,[18],Drama,Drama,8.23,1611,6.280686878,39.1625,en,"Follows the lives and families of three adults living and growing up in the United States of America in present and past times. As their paths cross and their life stories intertwine in curious ways, we find that several of them share the same birthday - and so much more than anyone would expect.",4,tv_67136_Hulu,tv_67136,1,TRUE
6127,Agatha Christie's Marple,tv,Hulu,15,2004,2004-12-12,"[18, 80, 9648]",Drama|Crime|Mystery,Drama,7.792,142,1.723464174,38.4007,en,"The adventures of Miss Jane Marple, an elderly spinster living in the quiet little village of St Mary Mead. During her many visits to friends and relatives in other villages, Miss Marple often stumbles upon mysterious murders which she helps solve. Although the police are sometimes reluctant to accept Miss Marple's help, her reputation and unparalleled powers of observation eventually win them over.",4,tv_6127_Hulu,tv_6127,1,TRUE
21510,White Collar,tv,Hulu,15,2009,2009-10-23,"[80, 18, 9648]",Crime|Drama|Mystery,Crime,8.237,1541,6.21911661,38.0338,en,"In exchange for his freedom, charming con artist Neal Caffrey provides his expertise to help straight-man FBI agent Peter Burke catch elusive white-collar criminals.",5,tv_21510_Hulu,tv_21510,1,TRUE
141,Cheers,tv,Hulu,15,1982,1982-09-30,[35],Comedy,Comedy,7.55,661,4.298492679,37.4634,en,The story about a blue-collar Boston bar run by former sports star Sam Malone and the quirky and wonderful people who worked and drank there.,5,tv_141_Hulu,tv_141,1,TRUE
45140,Teen Titans Go!,tv,Hulu,15,2013,2013-04-23,"[16, 10759, 35, 10751, 10765]",Animation|Action & Adventure|Comedy|Family|Sci-Fi & Fantasy,Animation,6.46,699,3.766088407,37.4283,en,"Robin, Starfire, Raven, Beast Boy and Cyborg return in all-new, comedic adventures. They may be super heroes who save the world every day ... but somebody still has to do the laundry!",5,tv_45140_Hulu,tv_45140,3,FALSE
71694,Snowfall,tv,Hulu,15,2017,2017-07-05,"[18, 80]",Drama|Crime,Drama,8.348,748,5.003448718,37.3838,en,"Los Angeles. 1983. A storm is coming and its name is crack. Set against the infancy of the crack cocaine epidemic and its ultimate radical impact on the culture as we know it, the story follows numerous characters on a violent collision course.",5,tv_71694_Hulu,tv_71694,1,TRUE
67075,Mob Psycho 100,tv,Hulu,15,2016,2016-07-12,"[16, 10759, 35, 10765]",Animation|Action & Adventure|Comedy|Sci-Fi & Fantasy,Animation,8.503,1293,6.131834356,37.3001,ja,"Shigeo Kageyama, a.k.a. ""Mob,"" is a boy who has trouble expressing himself, but who happens to be a powerful esper. Mob is determined to live a normal life and keeps his ESP suppressed, but when his emotions surge to a level of 100%, something terrible happens to him! As he's surrounded by false espers, evil spirits, and mysterious organizations, what will Mob think? What choices will he make?",5,tv_67075_Hulu,tv_67075,2,FALSE
10545,True Blood,tv,Hulu,15,2008,2008-09-07,"[10765, 18, 9648]",Sci-Fi & Fantasy|Drama|Mystery,Sci-Fi & Fantasy,7.6,2053,6.111555033,36.887,en,"Thanks to a Japanese scientist's invention of synthetic blood, vampires have progressed overnight from legendary monsters to fellow citizens. And while humans have been safely removed from the menu, many remain apprehensive about these creatures ""coming out of the coffin."" Religious leaders, government officials, and vampire fundamentalists around the world have chosen their sides.  But in the small Louisiana town of Bon Temps, the jury is still out.",5,tv_10545_Hulu,tv_10545,2,FALSE
89393,9-1-1: Lone Star,tv,Hulu,15,2020,2020-01-19,"[18, 10759, 80]",Drama|Action & Adventure|Crime,Drama,8.037,1212,5.689745327,36.7601,en,"Nearly 20 years ago, Owen Strand was the lone survivor of his Manhattan firehouse on 9/11. In the wake of the attack, Owen had the unenviable task of rebuilding his station. After a similar tragedy happens to a firehouse in Austin, Owen, along with his troubled firefighter son, T.K., takes his progressive philosophies of life and firefighting down to Texas, where he helps them start anew. On the surface, Owen is all about big-city style and swagger, but underneath he struggles with a secret he hides from the world - one that could very well end his life.",5,tv_89393_Hulu,tv_89393,1,TRUE
136315,The Bear,tv,Hulu,15,2022,2022-06-23,"[18, 35]",Drama|Comedy,Drama,8.153,1694,6.294978122,36.7408,en,"Carmy, a young fine-dining chef, comes home to Chicago to run his family sandwich shop. As he fights to transform the shop and himself, he works alongside a rough-around-the-edges crew that ultimately reveal themselves as his chosen family.",5,tv_136315_Hulu,tv_136315,1,TRUE
20111,Mobile Suit Gundam SEED,tv,Hulu,15,2002,2002-10-05,"[10759, 16, 10765, 10768]",Action & Adventure|Animation|Sci-Fi & Fantasy|War & Politics,Action & Adventure,7.492,61,0.814638146,36.633,ja,"Cosmic Era 71. Mankind has developed into two subspecies: Naturals, who reside on Earth, and Coordinators, genetically enhanced humans capable of withstanding the rigors of space who inhabit orbital colonies known as PLANTs. The story revolves around a young Coordinator named Kira Yamato, who becomes involved in the war between the two races after a neutral space colony secretly developing mobile suits for the Earth Alliance is attacked by the PLANTs' military force, ZAFT.",5,tv_20111_Hulu,tv_20111,2,FALSE
4608,30 Rock,tv,Hulu,15,2006,2006-10-11,[35],Comedy,Comedy,7.5,791,4.595274981,36.6147,en,"Liz Lemon, the head writer for a late-night TV variety show in New York, tries to juggle all the egos around her while chasing her own dream.",5,tv_4608_Hulu,tv_4608,3,FALSE
4482,Bewitched,tv,Hulu,15,1964,1964-09-17,"[10765, 35, 10751, 18]",Sci-Fi & Fantasy|Comedy|Family|Drama,Sci-Fi & Fantasy,7.858,730,4.663691057,36.5854,en,"Samantha Stephens is a seemingly normal suburban housewife who also happens to be a genuine witch, with all the requisite magical powers. Her husband Darrin insists that Samantha keep her witchcraft under wraps, but situations invariably require her to indulge her powers while keeping her bothersome mother Endora at bay.",5,tv_4482_Hulu,tv_4482,1,TRUE
1420,New Girl,tv,Hulu,15,2011,2011-09-20,[35],Comedy,Comedy,7.36,1653,5.650757083,36.2108,en,"Jessica Day is an offbeat and adorable girl in her late 20s who, after a bad breakup, moves in with three single guys. Goofy, positive, vulnerable and honest to a fault, Jess has faith in people, even when she shouldn't. Although she's dorky and awkward, she's comfortable in her own skin. More prone to friendships with women, she's not used to hanging with the boys—especially at home.",5,tv_1420_Hulu,tv_1420,2,FALSE
900,Skins,tv,Hulu,15,2007,2007-01-25,"[18, 35]",Drama|Comedy,Drama,8.136,1386,5.979054083,36.2015,en,"Irreverent comedy drama which follows the messy lives, loves, delirious highs and inevitable lows of a group of raucous teenage friends in Bristol.",5,tv_900_Hulu,tv_900,1,TRUE
3172,Private Practice,tv,Hulu,15,2007,2007-09-26,[18],Drama,Drama,7.546,348,3.096707547,35.3418,en,"Having left behind Seattle Grace Hospital, renowned surgeon Addison Forbes Montgomery moves to Los Angeles for sunnier weather and happier possibilities. She reunites with her friends from medical school, joining them at their chic, co-op, Oceanside Wellness Center in Santa Monica.",5,tv_3172_Hulu,tv_3172,1,TRUE
1414,The Shield,tv,Hulu,15,2002,2002-03-12,"[80, 18, 10759]",Crime|Drama|Action & Adventure,Crime,8.163,854,5.148598227,34.5231,en,The story of an inner-city Los Angeles police precinct where some of the cops aren't above breaking the rules or working against their associates to both keep the streets safe and their self-interests intact.,5,tv_1414_Hulu,tv_1414,2,FALSE
42316,Devon Ke Dev...Mahadev,tv,Hulu,15,2011,2011-12-18,[18],Drama,Drama,8.75,8,0.137795276,34.2949,hi,"He is the supreme being and the destroyer of evil. Witness lord Shiva's story, his avatars, and a union that shaped the universe - his marriage to Parvati.",5,tv_42316_Hulu,tv_42316,1,TRUE
44953,El Señor de los Cielos,tv,Hulu,15,2013,2013-04-15,"[80, 18, 10766]",Crime|Drama|Soap,Crime,7.927,3415,6.91461175,33.7507,es,"Set in the 1990s, these are the life and times of Amado Carrillo Fuentes, a man who became the head of the Juárez cartel. Nicknamed “El Señor de los Cielos” (Lord of the Skies) because of the large fleet of airplanes he used to transport drugs, he was also known for washing more than $200 million through Colombia to finance his huge fleet. He is described as the most powerful drug trafficker of his time.",5,tv_44953_Hulu,tv_44953,2,FALSE
208569,Will Trent,tv,Hulu,15,2023,2023-01-03,"[80, 18, 35]",Crime|Drama|Comedy,Crime,7.272,180,1.924941176,33.6553,en,"Special Agent Will Trent was abandoned at birth and endured a harsh coming-of-age in Atlanta's overwhelmed foster care system. Determined to make sure no one feels as he did, he now has the highest clearance rate.",5,tv_208569_Hulu,tv_208569,1,TRUE
918,M*A*S*H,tv,Hulu,15,1972,1972-09-17,"[10768, 18, 35]",War & Politics|Drama|Comedy,War & Politics,7.932,738,4.72844588,33.6372,en,"The 4077th Mobile Army Surgical Hospital is stuck in the middle of the Korean war. With little help from the circumstances they find themselves in, they are forced to make their own fun. Fond of practical jokes and revenge, the doctors, nurses, administrators, and soldiers often find ways of making wartime life bearable.",5,tv_918_Hulu,tv_918,1,TRUE
14658,Survivor,tv,Hulu,15,2000,2000-05-31,[10764],Reality,Reality,7.299,427,3.362106796,33.4517,en,"A reality show contest where sixteen or more castaways split between two or more “Tribes” are taken to a remote isolated location and are forced to live off the land with meager supplies for roughly 39 days. Frequent physical challenges are used to pit the tribes against each other for rewards, such as food or luxuries, or for “Immunity”, forcing the other tribe to attend “Tribal Council”, where they must vote off one of their players.",5,tv_14658_Hulu,tv_14658,1,TRUE
3570,Sailor Moon,tv,Hulu,15,1992,1992-03-07,"[10759, 16, 35, 10765, 10762]",Action & Adventure|Animation|Comedy|Sci-Fi & Fantasy|Kids,Action & Adventure,8.366,1015,5.604943894,33.3732,ja,"One day, Usagi Tsukino, clumsy 2nd-year middle school student, stumbles upon a talking cat named Luna. Luna tells her that she is destined to be Sailor Moon, ""champion of love and justice"", and she must search for the fabled Moon Princess. Usagi finds friends that turn out to be destined senshi as well, and together they fight to save the world from the certain doom brought upon by the Dark Kingdom.",6,tv_3570_Hulu,tv_3570,1,TRUE
205050,Shangri-La Frontier,tv,Hulu,15,2023,2023-10-01,"[16, 10759, 35, 10765]",Animation|Action & Adventure|Comedy|Sci-Fi & Fantasy,Animation,8.1,215,2.435664336,33.356,ja,"Rakuro Hizutome only cares about one thing: beating crappy VR games. He devotes his entire life to these buggy games and could clear them all in his sleep. One day, he decides to challenge himself and play a popular god-tier game called Shangri-La Frontier. But he quickly learns just how difficult it is. Will his expert skills be enough to uncover its hidden secrets?",6,tv_205050_Hulu,tv_205050,2,FALSE
31917,Pretty Little Liars,tv,Hulu,15,2010,2010-06-08,"[18, 9648]",Drama|Mystery,Drama,7.968,2780,6.753365854,33.0041,en,"Based on the Pretty Little Liars series of young adult novels by Sara Shepard, the series follows the lives of four girls — Spencer, Hanna, Aria, and Emily — whose clique falls apart after the disappearance of their queen bee, Alison. One year later, they begin receiving messages from someone using the name ""A"" who threatens to expose their secrets — including long-hidden ones they thought only Alison knew.",6,tv_31917_Hulu,tv_31917,2,FALSE
1432,Veronica Mars,tv,Hulu,15,2004,2004-09-22,"[9648, 18, 35]",Mystery|Drama|Comedy,Mystery,7.807,703,4.562195345,32.8947,en,"In the fictional town of Neptune, California, student Veronica Mars progresses from high school to college while moonlighting as a private investigator under the tutelage of her detective father.",6,tv_1432_Hulu,tv_1432,2,FALSE
35610,InuYasha,tv,Hulu,15,2000,2000-10-16,"[16, 10759, 10765]",Animation|Action & Adventure|Sci-Fi & Fantasy,Animation,8.579,2067,6.907983249,32.8615,ja,"Kagome Higurashi is a modern day young girl who lives with her family by the old Higure shrine. Unbeknownst to Kagome, she is the reincarnation of priestess Kikyo and posseses the ""Jewel of Four Souls"" (the Shikon jewel). One ill-fated day, Kagome locates an ancient well near her home and is abruptly transported through the well and into a feudal Japan, inhabited by demons. There, she encounters Inuyasha, son of a powerful demon father and a human mother, who is pinned to a tree by an enchanted arrow.",6,tv_35610_Hulu,tv_35610,3,FALSE
10283,Archer,tv,Hulu,15,2009,2009-09-17,"[35, 10759, 16]",Comedy|Action & Adventure|Animation,Comedy,7.951,1417,5.87718675,32.6769,en,Smart-mouthed superspy Sterling Archer and his dysfunctional team of secret agents turn dangerous missions into messy misadventures around the globe.,6,tv_10283_Hulu,tv_10283,1,TRUE
39269,Scandal,tv,Hulu,15,2012,2012-04-05,[18],Drama,Drama,7.187,602,3.926110708,32.5983,en,"Everyone has secrets and Olivia Pope has dedicated her life to protecting and defending the public images of the elite by keeping those secrets under wraps. Pope and her team are at the top of their game when it comes to getting the job done for their clients, but it becomes apparent that these ""gladiators in suits,"" who specialize in fixing the lives of other people, have trouble fixing those closest at hand -- their own.",6,tv_39269_Hulu,tv_39269,2,FALSE
12786,Murdoch Mysteries,tv,Hulu,15,2008,2008-01-24,"[9648, 18]",Mystery|Drama,Mystery,7.682,289,2.813812421,32.5785,en,"A Victorian-era Toronto detective uses then-cutting edge forensic techniques to solve crimes, with the assistance of a female coroner who is also struggling for recognition in the face of tradition, based on the books by Maureen Jennings.",6,tv_12786_Hulu,tv_12786,1,TRUE
47640,The Strain,tv,Hulu,15,2014,2014-07-13,"[10765, 18, 9648]",Sci-Fi & Fantasy|Drama|Mystery,Sci-Fi & Fantasy,7.464,1979,5.958554256,32.5475,en,"A high concept thriller that tells the story of Dr. Ephraim Goodweather, the head of the Center for Disease Control Canary Team in New York City. He and his team are called upon to investigate a mysterious viral outbreak with hallmarks of an ancient and evil strain of vampirism. As the strain spreads, Eph, his team, and an assembly of everyday New Yorkers, wage war for the fate of humanity itself.",6,tv_47640_Hulu,tv_47640,1,TRUE
37606,The Amazing World of Gumball,tv,Hulu,15,2011,2011-05-03,"[16, 10751, 10765, 35]",Animation|Family|Sci-Fi & Fantasy|Comedy,Animation,8.541,1720,6.617351351,32.2865,en,"The life of Gumball Watterson, a 12-year old cat who attends middle school in Elmore. Accompanied by his pet, adoptive brother, and best friend Darwin Watterson, he frequently finds himself involved in various shenanigans around the city, during which he interacts with various family members: Anais, Richard, and Nicole Watterson, and other various citizens.",6,tv_37606_Hulu,tv_37606,1,TRUE
4454,Will & Grace,tv,Hulu,15,1998,1998-09-21,[35],Comedy,Comedy,6.865,561,3.629844486,32.233,en,"Will Truman and Grace Adler are best friends living in New York, and when Grace's engagement falls apart, she moves in with Will. Together, along with their friends, they go through the trials of dating, sex, relationships and their careers, butting heads at times but ultimately supporting one another while exchanging plenty of witty banter along the way.",6,tv_4454_Hulu,tv_4454,1,TRUE
128306,The Boss,tv,Hulu,15,2022,2022-10-26,"[35, 18]",Comedy|Drama,Comedy,8.101,276,2.881283505,32.1917,es,"Eliseo is the superintendent of an upscale building. On the surface, is cordial and docile in his role, but underneath Eliseo believes himself the omnipotent figure of the community — meddling in the affairs of residents and pulling strings as he sees fit. Eliseo's only concern is protecting his job, which comes under threat by a proposed pool project.",6,tv_128306_Hulu,tv_128306,1,TRUE
2710,It's Always Sunny in Philadelphia,tv,Hulu,15,2005,2005-08-04,[35],Comedy,Comedy,8.3,1317,6.01601541,31.9391,en,"Four egocentric friends run a neighborhood Irish pub in Philadelphia and try to find their way through the adult world of work and relationships. Unfortunately, their warped views and precarious judgments often lead them to trouble, creating a myriad of uncomfortable situations that usually only get worse before they get better.",6,tv_2710_Hulu,tv_2710,1,TRUE
279471,Malcolm in the Middle: Life's Still Unfair,tv,Hulu,15,2026,2026-04-10,"[35, 18]",Comedy|Drama,Comedy,8.1,299,3.031163955,31.9336,en,"After shielding himself and his daughter from his family for over a decade, Malcolm is dragged back into their orbit when Hal and Lois demand his presence at their 40th anniversary party.",6,tv_279471_Hulu,tv_279471,1,TRUE
19885,Sherlock,tv,Hulu,15,2010,2010-07-25,"[80, 18, 9648]",Crime|Drama|Mystery,Crime,8.507,6376,7.888399069,31.8418,en,A modern update finds the famous sleuth and his doctor partner solving crime in 21st century London.,6,tv_19885_Hulu,tv_19885,1,TRUE
12536,Yu-Gi-Oh! GX,tv,Hulu,15,2004,2004-10-06,"[16, 10762, 35, 10759]",Animation|Kids|Comedy|Action & Adventure,Animation,7.912,294,2.929632242,31.0732,ja,"Ten years after the Ceremonial Battle, a teenage boy named Judai Yuuki (Jaden Yuki) heads off in order to join the Duel Academia (Duel Academy) located on a remote island off the coast of Japan. There he meets his fellow students and gains a few friends, along with a few enemies. Judai is put into the lowest rank of Osiris Red (Slifer Red), but he continues to test his skills against the students and faculty to prove his worth as a Duelist and earn the respect of everyone around him.",6,tv_12536_Hulu,tv_12536,2,FALSE
61056,How to Get Away with Murder,tv,Hulu,15,2014,2014-09-25,"[80, 18, 9648]",Crime|Drama|Mystery,Crime,7.815,1754,6.081415262,30.7995,en,"A sexy, suspense-driven legal thriller about a group of ambitious law students and their brilliant, mysterious criminal defense professor. They become entangled in a murder plot and will shake the entire university and change the course of their lives.",6,tv_61056_Hulu,tv_61056,1,TRUE
2673,The O.C.,tv,Hulu,15,2003,2003-08-05,[18],Drama,Drama,7.729,931,5.02844095,30.591,en,"Ryan Atwood, a teen from the wrong side of the tracks, moves in with a wealthy family willing to give him a chance. But Ryan's arrival disturbs the status quo of the affluent, privileged community of Newport Beach, California.",6,tv_2673_Hulu,tv_2673,2,FALSE
18347,Community,tv,Hulu,15,2009,2009-09-17,[35],Comedy,Comedy,8.005,2050,6.435392157,30.2547,en,"Follow the lives of a group of students at what is possibly the world’s worst community college in the fictional locale of Greendale, Colorado.",6,tv_18347_Hulu,tv_18347,2,FALSE
1436,Justified,tv,Hulu,15,2010,2010-03-16,"[80, 18]",Crime|Drama,Crime,7.98,837,4.995706806,29.4413,en,"A character drama based on the 2001 Elmore Leonard short story ""Fire in the Hole."" Leonard's tale centers around U.S. Marshal Raylan Givens of Kentucky, a quiet but strong-willed official of the law. The tale covers his high-stakes job, as well as his strained relationships with his ex-wife and father.",6,tv_1436_Hulu,tv_1436,1,TRUE
2426,Angel,tv,Hulu,15,1999,1999-10-05,"[10765, 18]",Sci-Fi & Fantasy|Drama,Sci-Fi & Fantasy,7.865,995,5.234565217,29.3466,en,"The vampire Angel, cursed with a soul, moves to Los Angeles and aids people with supernatural-related problems while questing for his own redemption. A spin-off from Buffy the Vampire Slayer.",7,tv_2426_Hulu,tv_2426,1,TRUE
1428,MythBusters,tv,Hulu,15,2003,2003-01-23,[99],Documentary,Documentary,7.815,617,4.31679051,28.7311,en,"MythBusters is a science entertainment television program created and produced by Australia's Beyond Television Productions for the Discovery Channel. The show's hosts, special effects experts Adam Savage and Jamie Hyneman, use elements of the scientific method to test the validity of rumors, myths, movie scenes, adages, Internet videos, and news stories.",7,tv_1428_Hulu,tv_1428,2,FALSE
61733,Empire,tv,Hulu,15,2015,2015-01-07,"[18, 10766]",Drama|Soap,Drama,7.145,755,4.298386454,28.7027,en,A powerful family drama about the head of a music empire whose three sons and ex-wife all battle for his throne.,7,tv_61733_Hulu,tv_61733,1,TRUE
63926,One-Punch Man,tv,Hulu,15,2015,2015-10-05,"[16, 35, 10759, 10765]",Animation|Comedy|Action & Adventure|Sci-Fi & Fantasy,Animation,8.375,4092,7.463087979,28.5361,ja,"Saitama is a hero who only became a hero for fun. After three years of “special” training, though, he’s become so strong that he’s practically invincible. In fact, he’s too strong—even his mightiest opponents are taken out with a single punch, and it turns out that being devastatingly powerful is actually kind of a bore. With his passion for being a hero lost along with his hair, yet still faced with new enemies every day, how much longer can he keep it going?",7,tv_63926_Hulu,tv_63926,1,TRUE
71738,The Orville,tv,Hulu,15,2017,2017-09-10,"[18, 35, 10765]",Drama|Comedy|Sci-Fi & Fantasy,Drama,7.621,1377,5.590898775,28.5278,en,"Follow the crew of the not-so-functional exploratory ship in the Earth's interstellar fleet, 400 years in the future.",7,tv_71738_Hulu,tv_71738,1,TRUE
117465,Hell's Paradise,tv,Hulu,15,2023,2023-04-01,"[16, 10759, 10765]",Animation|Action & Adventure|Sci-Fi & Fantasy,Animation,8.144,450,3.857684211,28.5204,ja,"For a chance at a pardon, a ninja assassin joins other condemned criminals on a journey to a mysterious island to retrieve an elixir of immortality.",7,tv_117465_Hulu,tv_117465,2,FALSE
49009,The Goldbergs,tv,Hulu,15,2013,2013-09-24,"[10751, 35]",Family|Comedy,Family,7.459,369,3.167285386,28.5059,en,"Before there were parenting blogs, trophies for showing up, and peanut allergies, there was a simpler time called the '80s. For geeky 11-year old Adam these were his wonder years and he faced them armed with a video camera to capture all the crazy. The Goldbergs are a loving family like any other, just with a lot more yelling.",7,tv_49009_Hulu,tv_49009,1,TRUE
2919,Burn Notice,tv,Hulu,15,2007,2007-06-28,"[10759, 18, 80]",Action & Adventure|Drama|Crime,Action & Adventure,7.488,577,4.01167688,28.4703,en,A formerly blacklisted spy uses his unique skills and training to help people in desperate situations.,7,tv_2919_Hulu,tv_2919,1,TRUE
1429,Attack on Titan,tv,Hulu,15,2013,2013-04-07,"[16, 10765, 10759]",Animation|Sci-Fi & Fantasy|Action & Adventure,Animation,8.678,7383,8.127575035,28.3671,ja,"100 years ago, the last remnants of humanity were forced to retreat behind the towering walls of a fortified city to escape the massive, man-eating Titans that roamed the land outside their fortress. Only the members of the Scouting Legion dared to stray beyond the safety of the walls – but even those brave warriors seldom returned alive. Those within the city clung to the illusion of a peaceful existence until the day that dream was shattered, and their slim chance at survival was reduced to one horrifying choice: kill – or be devoured!",7,tv_1429_Hulu,tv_1429,1,TRUE
20695,Yu-Gi-Oh! 5D's,tv,Hulu,15,2008,2008-04-02,"[16, 10765, 10759]",Animation|Sci-Fi & Fantasy|Action & Adventure,Animation,8.1,188,2.213372093,28.2521,ja,"Welcome to New Domino City! Once the playground to legendary duelist Yugi Muto, this sprawling metropolis has since been transformed into a futuristic society where dueling has kicked into overdrive. With recent technological advancements made by KaibaCorp, dueling has undergone a metamorphosis that has revolutionized the makeup and pace of the game! It’s now a heart-pounding, adrenaline-filled and fuel injected competition where duelists ride supercharged hyper cycles called Duel Runners and battle it out in hi-octane contests called “Turbo Duels.”",7,tv_20695_Hulu,tv_20695,2,FALSE
45857,REBORN!,tv,Hulu,15,2006,2006-10-07,"[16, 35, 10759]",Animation|Comedy|Action & Adventure,Animation,8.155,184,2.19374269,28.1383,ja,"Tsuna, a timid junior high student, is a failure at school, sports, and social life. But everything around Tsuna has been completely changed when a baby called Reborn, who claims to be an Italian hit man from Vongola family shows up! Reborn was sent to groom Tsuna for his future life as a mafia boss of the family!",7,tv_45857_Hulu,tv_45857,1,TRUE
1558,Home Improvement,tv,Hulu,15,1991,1991-09-17,[35],Comedy,Comedy,7.394,708,4.333569536,27.949,en,"The daily trials and tribulations of handyman Tim Taylor, a TV show host raising three boys with help from his loyal co-host, domineering wife, and unseen neighbor.",7,tv_1558_Hulu,tv_1558,2,FALSE
54650,Power,tv,Hulu,15,2014,2014-06-07,"[80, 18]",Crime|Drama,Crime,7.676,1281,5.521030882,27.8704,en,"A successful New York entrepreneur lives a double life as the head of a drug empire that serves only the rich and influential, all while wanting to escape the underworld and keep his family safe.",7,tv_54650_Hulu,tv_54650,2,FALSE
45782,Sword Art Online,tv,Hulu,15,2012,2012-07-08,"[16, 10765, 10759]",Animation|Sci-Fi & Fantasy|Action & Adventure,Animation,8.154,2082,6.574991479,27.7394,ja,"In the near future, a Virtual Reality Massive Multiplayer Online Role-Playing Game (VRMMORPG) called Sword Art Online has been released where players control their avatars with their bodies using a piece of technology called Nerve Gear. One day, players discover they cannot log out, as the game creator is holding them captive unless they reach the 100th floor of the game's tower and defeat the final boss. However, if they die in the game, they die in real life. Their struggle for survival starts now...",7,tv_45782_Hulu,tv_45782,1,TRUE
119495,The Eminence in Shadow,tv,Hulu,15,2022,2022-10-05,"[16, 35, 10765, 10759]",Animation|Comedy|Sci-Fi & Fantasy|Action & Adventure,Animation,8.013,272,2.823233161,27.5471,ja,"Shadowbrokers are those who go unnoticed, posing as unremarkable people, when in truth, they control everything from behind the scenes. Sid wants to be someone just like that more than anything, and something as insignificant as boring reality isn’t going to get in his way! He trains in secret every single night, preparing for his eventual rise to power—only to be denied his destiny by a run-of-the-mill (yet deadly) traffic accident. But when he wakes up in a another world and suddenly finds himself at the head of an actual secret organization doing battle with evil in the shadows, he’ll finally get a chance to act out all of his delusional fantasies!",7,tv_119495_Hulu,tv_119495,1,TRUE
2370,Hell's Kitchen,tv,Hulu,15,2005,2005-05-30,[10764],Reality,Reality,6.81,326,2.687723971,27.4711,en,Aspiring restaurateurs brave Ramsay and his fiery command of the kitchen as he puts the competitors through an intense culinary academy to prove they possess the right combination of ingredients to win a life-changing grand prize.,7,tv_2370_Hulu,tv_2370,3,FALSE
46533,The Americans,tv,Hulu,15,2013,2013-01-30,"[80, 18]",Crime|Drama,Crime,7.878,1049,5.335069077,27.1292,en,"Set during the Cold War period in the 1980s, The Americans is the story of Elizabeth and Philip Jennings, two Soviet KGB officers posing as an American married couple in the suburbs of Washington D.C. and their neighbor, Stan Beeman, an FBI Counterintelligence agent.",7,tv_46533_Hulu,tv_46533,1,TRUE
127635,Spidey and His Amazing Friends,tv,Hulu,15,2021,2021-08-06,"[16, 10762, 10765, 10759]",Animation|Kids|Sci-Fi & Fantasy|Action & Adventure,Animation,7.1,255,2.398013245,27.0644,en,"Follow Peter Parker, Gwen Stacy and Miles Morales and their adventures as the young heroes team up with Hulk, Ms. Marvel and Black Panther to defeat foes like Rhino, Doc Ock and Green Goblin and learn that teamwork is the best way to save the day.",7,tv_127635_Hulu,tv_127635,1,TRUE
240411,Dan Da Dan,tv,Hulu,15,2024,2024-10-04,"[16, 10759, 35, 10765]",Animation|Action & Adventure|Comedy|Sci-Fi & Fantasy,Animation,8.55,830,5.335714286,27.0478,ja,"In a bet to prove whether ghosts or aliens exist, two high schoolers face terrifying paranormal threats, gain superpowers and maybe even fall in love?!",7,tv_240411_Hulu,tv_240411,2,FALSE
39358,Revenge,tv,Hulu,15,2011,2011-09-21,"[18, 9648]",Drama|Mystery,Drama,7.562,837,4.734026926,26.778,en,"When Emily Thorne moves to the Hamptons, everyone wonders about the new girl, but she knows everything about them, including what they did to her family. Years ago, they took everything from her. Now, one by one, she's going to make them pay.",7,tv_39358_Hulu,tv_39358,1,TRUE
605,"Sabrina, the Teenage Witch",tv,Hulu,15,1996,1996-09-27,"[35, 10751, 10765]",Comedy|Family|Sci-Fi & Fantasy,Comedy,7.796,1216,5.524438228,26.6351,en,"On her sixteenth birthday, Sabrina Spellman discovers she has magical powers. She lives with her 600-year-old aunts Hilda and Zelda as well as talking cat Salem in the fictional town of Westbridge, Massachusetts.",8,tv_605_Hulu,tv_605,1,TRUE
68398,Dr. Romantic,tv,Hulu,15,2016,2016-11-07,[18],Drama,Drama,8.2,122,1.608360129,26.622,ko,"An eccentric, triple board-certified virtuoso surgeon leaves a top job in Seoul and ends up at a provincial hospital, where he mentors young doctors.",8,tv_68398_Hulu,tv_68398,2,FALSE
50712,Black Butler,tv,Hulu,15,2008,2008-10-02,"[16, 35, 18, 9648, 10765]",Animation|Comedy|Drama|Mystery|Sci-Fi & Fantasy,Animation,7.725,264,2.669371728,26.597,ja,"In Victorian London, 12-year-old business magnate Ciel Phantomhive thwarts dangers to the queen as he's watched over by his demon butler, Sebastian.",8,tv_50712_Hulu,tv_50712,1,TRUE
107113,Only Murders in the Building,tv,Hulu,15,2021,2021-08-31,"[35, 9648, 80]",Comedy|Mystery|Crime,Comedy,8.451,2160,6.862466165,26.4317,en,Three strangers share an obsession with true crime and suddenly find themselves wrapped up in one.,8,tv_107113_Hulu,tv_107113,1,TRUE
76773,Station 19,tv,Hulu,15,2018,2018-03-22,"[18, 10759]",Drama|Action & Adventure,Drama,8.198,1544,6.192618395,26.0507,en,"A group of heroic firefighters at Seattle Fire Station 19—from captain to newest recruit—risk their lives and hearts both in the line of duty and off the clock. These brave men and women are like family, literally and figuratively, and together they put their own lives in jeopardy as first responders to save the lives of others.",8,tv_76773_Hulu,tv_76773,1,TRUE
61662,Schitt's Creek,tv,Hulu,15,2015,2015-01-13,[35],Comedy,Comedy,7.776,685,4.494987342,25.9717,en,"Formerly filthy rich video store magnate Johnny Rose, his soap star wife Moira, and their two kids, über-hipster son David and socialite daughter Alexis, suddenly find themselves broke and forced to live in Schitt's Creek, a small depressing town they once bought as a joke.",8,tv_61662_Hulu,tv_61662,2,FALSE
203737,【OSHI NO KO】,tv,Hulu,15,2023,2023-04-12,"[16, 18]",Animation|Drama,Animation,8.293,323,3.254725395,25.9131,ja,A small-town doctor gets sucked into the ruthless world of show business when he crosses paths with a popular teen idol who holds a secret.,8,tv_203737_Hulu,tv_203737,1,TRUE
83631,What We Do in the Shadows,tv,Hulu,15,2019,2019-03-27,"[35, 10765]",Comedy|Sci-Fi & Fantasy,Comedy,8.005,980,5.300608108,25.755,en,"A documentary-style look into the daily (or rather, nightly) lives of a group of vampires in Staten Island who have “lived” together for hundreds and hundreds of years.",8,tv_83631_Hulu,tv_83631,1,TRUE
31654,Digimon: Digital Monsters,tv,Hulu,15,1999,1999-03-07,"[16, 10759, 10765]",Animation|Action & Adventure|Sci-Fi & Fantasy,Animation,8.065,908,5.201008523,25.5295,ja,"While at summer camp, seven kids come across seven Digivices and are transported to a strange digital world. In this new world they make friends with creatures that call themselves Digimon who were born to defend their world from various evil forces.",8,tv_31654_Hulu,tv_31654,1,TRUE
32608,Ancient Aliens,tv,Hulu,15,2010,2010-04-20,"[99, 9648, 10765]",Documentary|Mystery|Sci-Fi & Fantasy,Documentary,7.022,298,2.622250627,25.3331,en,"Did intelligent beings from outer space visit Earth thousands of years ago? From the age of the dinosaurs to ancient Egypt, from early cave drawings to continued mass sightings in the US, each episode gives historic depth to the questions, speculations, provocative controversies, first-hand accounts and grounded theories surrounding this age old debate.",8,tv_32608_Hulu,tv_32608,3,FALSE
4313,Full House,tv,Hulu,15,1987,1987-09-22,"[35, 10751]",Comedy|Family,Comedy,7.532,1125,5.214461538,25.2804,en,"After the death of his wife, Danny enlists his best friend and his brother-in-law to help raise his three daughters, D.J., Stephanie, and Michelle.",8,tv_4313_Hulu,tv_4313,1,TRUE
291339,Memory of a Killer,tv,Hulu,15,2026,2026-01-25,"[80, 18]",Crime|Drama,Crime,7.676,34,0.488734082,25.1607,en,"Angelo Doyle lives two totally separate lives — fearsome NYC hitman and sleepy upstate Cooperstown photocopier salesman and father. Both of them are threatened when he is diagnosed with Alzheimer's, a disease he already lost his older brother to.",8,tv_291339_Hulu,tv_291339,1,TRUE
732,L.A. Law,tv,Hulu,15,1986,1986-09-15,"[18, 10768]",Drama|War & Politics,Drama,7.1,77,0.947487002,25.0551,en,"L.A. Law is an American television legal drama series that ran for eight seasons on NBC from September 15, 1986, to May 19, 1994.

Created by Steven Bochco and Terry Louise Fisher, it contained many of Bochco's trademark features including a large number of parallel storylines, social drama and off-the-wall humor. It reflected the social and cultural ideologies of the 1980s and early 1990s, and many of the cases featured on the show dealt with hot-topic issues such as abortion, racism, gay rights, homophobia, sexual harassment, AIDS, and domestic violence. The series often also reflected social tensions between the wealthy senior lawyer protagonists and their less well-paid junior staff.

The show was popular with audiences and critics, and won 15 Emmy Awards throughout its run, four of which were for Outstanding Drama Series.",8,tv_732_Hulu,tv_732,1,TRUE
13916,Death Note,tv,Hulu,15,2006,2006-10-04,"[16, 9648, 10765]",Animation|Mystery|Sci-Fi & Fantasy,Animation,8.625,4887,7.824461667,24.9877,ja,"Light Yagami is an ace student with great prospects—and he’s bored out of his mind. But all that changes when he finds the Death Note, a notebook dropped by a rogue Shinigami death god. Any human whose name is written in the notebook dies, and Light has vowed to use the power of the Death Note to rid the world of evil. But will Light succeed in his noble goal, or will the Death Note turn him into the very thing he fights against?",8,tv_13916_Hulu,tv_13916,4,FALSE
3750,Nip/Tuck,tv,Hulu,15,2003,2003-07-22,[18],Drama,Drama,7.187,516,3.650090551,24.9201,en,"Hotshot plastic surgeons Dr. Sean McNamara and Dr. Christian Troy experience full-blown midlife crises as they confront career, family and romance problems.",8,tv_3750_Hulu,tv_3750,1,TRUE
85991,Fruits Basket,tv,Hulu,15,2019,2019-04-06,"[16, 18, 10765]",Animation|Drama|Sci-Fi & Fantasy,Animation,7.982,171,2.034160954,24.8772,ja,"After a family tragedy turns her life upside down, 16-year-old high school student Tohru Honda takes matters into her own hands and moves out… into a tent! Unfortunately for her, she pitches her new home on private land belonging to the mysterious Soma clan, and it isn't long before the owners discover her secret. But, as Tohru quickly finds out when the family offers to take her in, the Somas have a secret of their own—when hugged by the opposite sex, they turn into the animals of the Chinese Zodiac!",8,tv_85991_Hulu,tv_85991,1,TRUE
97617,The Misfit of Demon King Academy,tv,Hulu,15,2020,2020-07-04,"[16, 10759, 10765]",Animation|Action & Adventure|Sci-Fi & Fantasy,Animation,8.4,860,5.311764706,24.7957,ja,"Anos Voldigord was a tyrannical Demon King that eradicated humans, spirits, and even the gods, but became bored of eternal warfare and reincarnated with dreams of a peaceful world. However, what awaited him in reincarnation after 2000 years were descendants who became too weak after being accustomed to peace, and all sorts of magic that deteriorated to the extreme. Anos enters Demon King Academy that gathers and educates those who are viewed as the reincarnation of the Demon King, but the academy could not see through his true powers and ends up branding him as a misfit.",8,tv_97617_Hulu,tv_97617,1,TRUE
1489,Jimmy Kimmel Live!,tv,Hulu,15,2003,2003-01-26,"[10767, 35]",Talk|Comedy,Talk,5.418,201,1.553520685,24.6739,en,"Jimmy Kimmel Live! is an American late-night talk show, created and hosted by Jimmy Kimmel and broadcast on ABC.",8,tv_1489_Hulu,tv_1489,1,TRUE
38251,Toriko,tv,Hulu,15,2011,2011-04-03,"[16, 10765, 10759]",Animation|Sci-Fi & Fantasy|Action & Adventure,Animation,7.47,33,0.46249531,24.6706,ja,"In a world where gastronomy reigns, Gourmet Hunter Toriko hunts rare ingredients and animals to create his ultimate full-course meal.",8,tv_38251_Hulu,tv_38251,2,FALSE
67460,Yu-Gi-Oh! Arc-V,tv,Hulu,15,2014,2014-04-06,"[10759, 16, 10765]",Action & Adventure|Animation|Sci-Fi & Fantasy,Action & Adventure,7.2,40,0.533333333,24.462,ja,"Yuya Sakaki's dream is to follow in his father's footsteps and become the greatest ""duel-tainer"" in history - and he just might pull it off when he suddenly discovers Pendulum Summoning, a never-before-seen technique that lets him summon many monsters at once!",8,tv_67460_Hulu,tv_67460,2,FALSE
91801,Welcome to Demon School! Iruma-kun,tv,Hulu,15,2019,2019-10-05,"[16, 35, 10765]",Animation|Comedy|Sci-Fi & Fantasy,Animation,8.237,287,3.003836086,24.3299,ja,"Fourteen-year-old Iruma Suzuki has just been abandoned and sold to a demon by his irresponsible parents! Surprisingly, the next thing he knows he's living with the demon who has adopted him as his new grandson and has been transferred into a school in the Netherworld where his new demon grandfather works as the principal. Thus begins the cowardly Iruma-kun's extraordinary school life among the otherworldly as he faces his true self, takes on challenges, and rises to become someone great.",9,tv_91801_Hulu,tv_91801,1,TRUE
3626,American Idol,tv,Hulu,15,2002,2002-06-11,[10764],Reality,Reality,5.059,177,1.32266322,24.2339,en,"Each year, hopeful singers from all over the country audition to be part of one of the biggest shows in American television history. Who will become the new American Idol?",9,tv_3626_Hulu,tv_3626,1,TRUE
114410,Chainsaw Man,tv,Hulu,15,2022,2022-10-12,"[16, 10759, 10765, 35]",Animation|Action & Adventure|Sci-Fi & Fantasy|Comedy,Animation,8.503,2115,6.87718738,24.1598,ja,"Denji has a simple dream—to live a happy and peaceful life, spending time with a girl he likes. This is a far cry from reality, however, as Denji is forced by the yakuza into killing devils in order to pay off his crushing debts. Using his pet devil Pochita as a weapon, he is ready to do anything for a bit of cash.",9,tv_114410_Hulu,tv_114410,1,TRUE
1685,Project Runway,tv,Hulu,15,2004,2004-12-01,[10764],Reality,Reality,6.273,108,1.114282895,24.1454,en,"Aspiring fashion designers compete for a chance to break into the industry. Each week, a designer is eliminated from the competition after exhibiting their work in front of a judges' panel.",9,tv_1685_Hulu,tv_1685,3,FALSE
216467,Mission: Yozakura Family,tv,Hulu,15,2024,2024-04-07,"[16, 35, 10759]",Animation|Comedy|Action & Adventure,Animation,7.5,60,0.803571429,24.1431,ja,"Taiyo Asano has been on his own ever since his parents died and the only one who seems to care for him is his childhood friend and classmate, Mutsumi Yozakura. But Mutsumi has a secret—she is the head of a family of spies! And on top of that, her brother Kyoichiro is dangerously protective of her! To stop Kyoichiro from killing him, Taiyo and Mutsumi must take the ultimate leap—marriage! Because in the Yozakura family, family cannot kill family.",9,tv_216467_Hulu,tv_216467,1,TRUE
45854,Yu-Gi-Oh! Zexal,tv,Hulu,15,2011,2011-04-11,"[16, 35, 10759, 10765, 10762]",Animation|Comedy|Action & Adventure|Sci-Fi & Fantasy|Kids,Animation,7.4,55,0.733333333,23.6267,ja,"When aspiring duelist Yuma meets Astral, a mysterious visitor from another universe, it seems like destiny. Yuma needs Astral to teach him how to duel, and Astral needs Yuma to help him regain his memories!",9,tv_45854_Hulu,tv_45854,2,FALSE
61175,Steven Universe,tv,Hulu,15,2013,2013-11-04,"[16, 10759, 35, 10765, 10751]",Animation|Action & Adventure|Comedy|Sci-Fi & Fantasy|Family,Animation,8.408,1319,6.096840022,23.5393,en,"A young boy takes his mother's place in a group of gemstone-based beings, and must learn to control his powers.",9,tv_61175_Hulu,tv_61175,1,TRUE
69629,The Gifted,tv,Hulu,15,2017,2017-10-02,"[10765, 10759, 18]",Sci-Fi & Fantasy|Action & Adventure|Drama,Sci-Fi & Fantasy,7.596,1567,5.758554427,23.4993,en,"A suburban couple's ordinary lives are rocked by the sudden discovery that their children possess mutant powers. Forced to go on the run from a hostile government, the family joins up with an underground network of mutants and must fight to survive.",9,tv_69629_Hulu,tv_69629,1,TRUE
60833,The Irregular at Magic High School,tv,Hulu,15,2014,2014-04-06,"[16, 10759, 10765]",Animation|Action & Adventure|Sci-Fi & Fantasy,Animation,7.752,313,2.984472325,23.2981,ja,In a world where magic is not a fairy tale but has existed for one hundred years siblings Tatsuya and Miyuki Shiba prepare to begin their studies at the elite Private Magic University Affiliated High School (Magic High School for short). Entering on different levels of the academic spectrum the two turn the once peaceful campus into a chaotic one.,9,tv_60833_Hulu,tv_60833,1,TRUE
4500,The Wonder Years,tv,Hulu,15,1988,1988-01-31,"[35, 18, 10751]",Comedy|Drama|Family,Comedy,8.337,1083,5.703708781,22.9453,en,"The story of Kevin Arnold facing the trials and tribulations of youth while growing up during the 1960s and 70s. Told through narration from an adult Kevin, Kevin faces the difficulties of maintaining relationships and friendships on his enthralling journey into adulthood.",9,tv_4500_Hulu,tv_4500,1,TRUE
114478,Star Wars: Visions,tv,Hulu,15,2021,2021-09-22,"[16, 10765, 10759]",Animation|Sci-Fi & Fantasy|Action & Adventure,Animation,7.082,469,3.427717234,22.8236,en,This anthology of animated shorts from around the world celebrates the mythos of Star Wars through unique cultural lenses.,9,tv_114478_Hulu,tv_114478,1,TRUE
125935,Abbott Elementary,tv,Hulu,15,2021,2021-12-07,[35],Comedy,Comedy,7.441,282,2.683327366,22.821,en,"In this workplace comedy, a group of dedicated, passionate teachers — and a slightly tone-deaf principal — are brought together in a Philadelphia public school where, despite the odds stacked against them, they are determined to help their students succeed in life. Though these incredible public servants may be outnumbered and underfunded, they love what they do — even if they don’t love the school district’s less-than-stellar attitude toward educating children.",9,tv_125935_Hulu,tv_125935,2,FALSE
196285,Farming Life in Another World,tv,Hulu,15,2023,2023-01-06,"[16, 35, 10765]",Animation|Comedy|Sci-Fi & Fantasy,Animation,7.546,141,1.659884555,22.431,ja,"After Hiraku dies of a serious illness, God brings him back to life, gives his health and youth back, and sends him to a fantasy world of his choice. In order to enjoy his second shot, God bestows upon him the almighty farming tool! Watch as Hiraku digs, chops, and ploughs in another world in this laidback farming fantasy!",9,tv_196285_Hulu,tv_196285,1,TRUE
61692,Fresh Off the Boat,tv,Hulu,15,2015,2015-02-04,[35],Comedy,Comedy,7.193,292,2.651964646,22.3409,en,"A '90s-set single-camera comedy about a hip-hop-loving Asian kid growing up in suburban Orlando, being raised by an immigrant father obsessed with all things American and an immigrant mother often bewildered by white culture.",9,tv_61692_Hulu,tv_61692,1,TRUE
656,Curious George,tv,Hulu,15,2006,2006-09-04,"[16, 10751, 10762]",Animation|Family|Kids,Animation,7.186,129,1.473758347,22.2371,en,"With the help of his friend “The Man in the Yellow Hat,” a curious little monkey named George sets out on adventures to learn about the world around him.",9,tv_656_Hulu,tv_656,2,FALSE
204832,MASHLE: MAGIC AND MUSCLES,tv,Hulu,15,2023,2023-04-08,"[16, 35, 10759, 10765]",Animation|Comedy|Action & Adventure|Sci-Fi & Fantasy,Animation,8.285,632,4.625547703,21.9322,ja,"This is a world of magic where magic is used for everything. But deep in the forest exists a young man who spends his time training and bulking up. He can't use magic, but he enjoys a peaceful life with his father. But one day, his life is put in danger! Will his muscular body protect him from the magic users who are out to get him? Powerfully trained muscles crush magic as this abnormal magical fantasy begins!",9,tv_204832_Hulu,tv_204832,2,FALSE
8358,Lie to Me,tv,Hulu,15,2009,2009-01-21,"[80, 18, 9648]",Crime|Drama|Mystery,Crime,7.878,1660,6.054388889,21.7257,en,"The world's leading deception researcher, Dr. Cal Lightman, studies facial expression, body language and tone of voice to determine when a person is lying and why, which helps law enforcement and government agencies uncover the truth. But his skills also make it easier for him to deceive others.",9,tv_8358_Hulu,tv_8358,1,TRUE
226688,Beyblade X,tv,Hulu,15,2023,2023-10-06,"[16, 10759, 35, 10765, 10762]",Animation|Action & Adventure|Comedy|Sci-Fi & Fantasy|Kids,Animation,6.8,10,0.133333333,21.6807,ja,Beginner blader Robin Kazami joins up with influencer Multi Nana-iro and former champion Jaxon Cross to form this unlikely trio - ready to climb to the top of The X and win the title of champion blader!,9,tv_226688_Hulu,tv_226688,2,FALSE
4327,Mr. Bean,tv,Hulu,15,1990,1990-01-01,[35],Comedy,Comedy,7.989,1557,6.047094312,21.4799,en,Mr Bean turns simple everyday tasks into chaotic situations and will leave you in stitches as he creates havoc wherever he goes.,9,tv_4327_Hulu,tv_4327,2,FALSE
50035,Clarence,tv,Hulu,15,2014,2014-04-14,"[16, 35]",Animation|Comedy,Animation,7.98,331,3.178555957,21.2703,en,"In a world of noise, Clarence is a jar of sunshine, pure and simple. He sees the world only in his favorite colors: goofy grape and neon green. Clarence values his friends Jeff and Sumo and his mother Mary more than gold. No matter what happens, good or bad, nothing brings Clarence down.",9,tv_50035_Hulu,tv_50035,2,FALSE
46880,The Fosters,tv,Hulu,15,2013,2013-06-03,[18],Drama,Drama,7.494,330,2.979542169,21.1782,en,"Stef Foster, a dedicated police officer, and her partner Lena Adams, a school vice principal, have built a close-knit, loving family with Stef's biological son from a previous marriage, Brandon, and their adopted twins, Mariana and Jesus. Their lives are disrupted in unexpected ways when Lena meets Callie, a hardened teen with an abusive past who has spent her life in and out of foster homes. Lena and Stef welcome Callie and her brother, Jude, into their home thinking it's just for a few weeks, until a more permanent placement can be found. But life has something else in store for the Fosters.",10,tv_46880_Hulu,tv_46880,1,TRUE
39297,Last Man Standing,tv,Hulu,15,2011,2011-10-11,[35],Comedy,Comedy,7.252,353,3.00112075,21.1491,en,A married father of three tries to maintain his manliness in a world increasingly dominated by women.,10,tv_39297_Hulu,tv_39297,1,TRUE
17937,Ghost Adventures,tv,Hulu,15,2008,2008-10-17,[10764],Reality,Reality,7.7,209,2.269816643,21.117,en,"Paranormal investigator Zak Bagans and his crew, Nick Groff and Aaron Goodwin, search for haunted locations both domestically and internationally. During their investigations, Zak and crew acquaint themselves with the general area; interview locals about the hauntings; and go face-to-face with the evil spirits who reportedly haunt these locations.",10,tv_17937_Hulu,tv_17937,1,TRUE
207250,The Dangers in My Heart,tv,Hulu,15,2023,2023-04-02,"[16, 35, 18]",Animation|Comedy|Drama,Animation,8.5,230,2.678082192,20.8747,ja,"Kyotaro Ichikawa, a boy barely clinging to the bottom rung of his school's social ladder, secretly believes he’s the tortured lead in some psychological thriller. He spends his days dreaming up ways to disrupt his classmates' peaceful lives and pining after Anna Yamada, the class idol. But Kyotaro's not nearly the troubled teen he pretends to be…and it turns out Anna's a bit odd herself!",10,tv_207250_Hulu,tv_207250,1,TRUE
1678,The Golden Girls,tv,Hulu,15,1985,1985-09-14,[35],Comedy,Comedy,7.579,386,3.301911964,20.8085,en,"Four Southern Florida seniors share a house, their dreams, and a whole lot of cheesecake. Bright, promiscuous, clueless and hilarious, these lovely, mismatched ladies form the perfect circle of friends.",10,tv_1678_Hulu,tv_1678,1,TRUE
62649,Superstore,tv,Hulu,15,2015,2015-11-30,[35],Comedy,Comedy,7.562,803,4.660234843,20.7851,en,"A hilarious workplace comedy about a unique family of employees at a super-sized mega store. From the bright-eyed newbies and the seen-it-all veterans to the clueless summer hires and the in-it-for-life managers, together they hilariously tackle the day-to-day grind of rabid bargain hunters, riot-causing sales and nap-worthy training sessions.",10,tv_62649_Hulu,tv_62649,2,FALSE
2317,My Name Is Earl,tv,Hulu,15,2005,2005-09-20,[35],Comedy,Comedy,7.656,1109,5.276882536,20.7767,en,"When petty criminal Earl Hickey wins the lottery, he sets off on a quest to repair his questionable karma.",10,tv_2317_Hulu,tv_2317,1,TRUE
81144,The Neighborhood,tv,Hulu,15,2018,2018-10-01,[35],Comedy,Comedy,7.607,168,1.913137725,20.7539,en,The nicest guy in the Midwest moves his family into a tough neighborhood in Los Angeles where not everyone appreciates his extreme neighborliness. That includes their new next-door neighbor Calvin.,10,tv_81144_Hulu,tv_81144,1,TRUE
21755,Pawn Stars,tv,Hulu,15,2009,2009-07-19,[10764],Reality,Reality,7.1,297,2.645796738,20.6364,en,"Go inside the colorful world of the pawn business. At the Gold & Silver Pawn Shop on the outskirts of Las Vegas, generations of the Harrison family run the family business, and there’s clashing and camaraderie every step of the way.",10,tv_21755_Hulu,tv_21755,3,FALSE
14814,Keeping Up with the Kardashians,tv,Hulu,15,2007,2007-10-14,[10764],Reality,Reality,7.363,918,4.766737659,20.6247,en,"A peek inside the exploits and privileged private lives of the blended Kardashian-Jenner family, including sisters Kim, Kourtney and Khloé.",10,tv_14814_Hulu,tv_14814,1,TRUE
105009,Tokyo Revengers,tv,Hulu,15,2021,2021-04-11,"[18, 16, 10759, 80]",Drama|Animation|Action & Adventure|Crime,Drama,8.4,1313,6.083397683,20.46,ja,"Takemichi Hanagaki is a freelancer that’s reached the absolute pits of despair in his life. He finds out that the only girlfriend he ever had, in middle school, Hinata Tachibana, had been killed by the ruthless Tokyo Manji Gang. The day after hearing about her death, he’s standing on the station platform and ends up being pushed over onto the tracks by a herd of people. He closes his eyes thinking he’s about to die, but when he opens his eyes back up, he somehow had gone back in time 12 years. Now that he’s back living the best days of his life, Takemichi decides to get revenge on his life.",10,tv_105009_Hulu,tv_105009,1,TRUE
61223,Akame ga Kill!,tv,Hulu,15,2014,2014-07-07,"[16, 18, 10759]",Animation|Drama|Action & Adventure,Animation,8.257,1199,5.827041201,20.3352,ja,"Young Tatsumi travels to the capital of the Empire in order to earn money for his starving people and encounters a world of unimaginable depravity, dominated by the ruthless Prime Minister who controls the child Emperor. Tatsumi is recruited by Night Raid, a group of assassins dedicated to eliminating corruption by mercilessly killing officials and privileged nobles.",10,tv_61223_Hulu,tv_61223,1,TRUE
97645,Solar Opposites,tv,Hulu,15,2020,2020-05-08,"[35, 16, 10765]",Comedy|Animation|Sci-Fi & Fantasy,Comedy,7.784,604,4.258637681,20.3059,en,"A family of aliens from a much better world must take refuge in middle America after the destruction of their planet. Their mission: protect the Pupa, a living super computer that will one day evolve into its true form, consume them and terraform the Earth.",10,tv_97645_Hulu,tv_97645,2,FALSE
341,Brothers and Sisters,tv,Hulu,15,2006,2006-09-24,[18],Drama,Drama,7.103,194,1.985564841,20.1953,en,The close-knit Walker family deals with struggles and triumphs.,10,tv_341_Hulu,tv_341,1,TRUE
4344,Rescue Me,tv,Hulu,15,2004,2004-07-21,[18],Drama,Drama,7.6,183,2.036310395,20.1635,en,"The aftermath of 9/11 has left the firefighters of the NYFD traumatized, and no one more so than Tommy Gavin. Recently separated from his wife and their three kids, Tommy drifts between sorrow and anger as he tries to shake the recurring nightmares of his fallen comrades, especially his late cousin, Jimmy Keefe. Working alongside veterans like Lt. “Lou” Shea, Franco Rivera and Sean Garrity, and rookie Mike Lombardi, Tommy battles alcohol and drugs as he struggles to remain first and foremost a New York City firefighter.",10,tv_4344_Hulu,tv_4344,2,FALSE
79061,Craig of the Creek,tv,Hulu,15,2018,2018-03-30,"[16, 10759, 35, 10762]",Animation|Action & Adventure|Comedy|Kids,Animation,8.116,262,2.790540682,20.1268,en,"Craig and his two friends, Kelsey and JP, embark on adventures in the untamed wilderness of the Creek, a place where children can run wild and free. The group of friends solve mysteries, fulfil quests and compete in battles against the other kids.",10,tv_79061_Hulu,tv_79061,2,FALSE
2685,Family Matters,tv,Hulu,15,1989,1989-09-22,"[35, 10751]",Comedy|Family,Comedy,6.763,342,2.746966746,20.1213,en,"A long-running dramedy centering on the Winslow family, a middle-class African American family living in Chicago, and their pesky next-door neighbor, ultra-nerd Steve Urkel. A spin-off of Perfect Strangers.",10,tv_2685_Hulu,tv_2685,1,TRUE
30957,The Amazing Race,tv,Hulu,15,2001,2001-09-05,[10764],Reality,Reality,6.9,163,1.69638009,19.9953,en,"This reality competition sees teams embark on a trek around the world to amazing destinations where they must compete in a series of challenges, some mental and some physical. Only when the tasks are completed will they learn of their next location. Teams who are the farthest behind will gradually be eliminated as the contest progresses, with the first team to arrive at the final destination winning the race and the $1 million prize.",10,tv_30957_Hulu,tv_30957,1,TRUE
61381,black-ish,tv,Hulu,15,2014,2014-09-24,[35],Comedy,Comedy,7.124,331,2.837598075,19.97,en,"A family man struggles to gain a sense of cultural identity while raising his kids in a predominantly white, upper-middle-class neighborhood.",10,tv_61381_Hulu,tv_61381,2,FALSE
64513,American Crime Story,tv,Hulu,15,2016,2016-02-02,"[80, 18]",Crime|Drama,Crime,7.561,1046,5.11565718,19.9181,en,An anthology series centered around some of history's most famous criminal investigations.,10,tv_64513_Hulu,tv_64513,1,TRUE
1613798,Vengeance,movie,Prime Video,9,2026,2026-02-26,"[28, 53]",Action|Thriller,Action,7.198,174,1.858237389,105.3483,es,"The brutal murder of the wife of “Toro,” a military hero in the special forces, turns him into a man with a single purpose: revenge. After a stroke of fate makes him a millionaire, Carlos transforms his fortune into an arsenal and, together with his closest soldiers, sets out to hunt down those responsible.",1,movie_1613798_Prime Video,movie_1613798,1,TRUE
755898,War of the Worlds,movie,Prime Video,9,2025,2025-07-29,"[878, 53]",Science Fiction|Thriller,Science Fiction,4.135,985,2.742744108,89.2632,en,"Will Radford is a top analyst for Homeland Security who tracks potential threats through a mass surveillance program, until one day an attack by an unknown entity leads him to question whether the government is hiding something from him... and from the rest of the world.",1,movie_755898_Prime Video,movie_755898,1,TRUE
1579,Apocalypto,movie,Prime Video,9,2006,2006-12-07,"[28, 18, 36]",Action|Drama|History,Action,7.611,6272,7.049053751,66.7061,en,"Set in the Mayan civilization, when a man's idyllic presence is brutally disrupted by a violent invading force, he is taken on a perilous journey to a world ruled by fear and oppression where a harrowing end awaits him. Through a twist of fate and spurred by the power of his love for his woman and his family he will make a desperate break to return home and to ultimately save his way of life.",1,movie_1579_Prime Video,movie_1579,2,FALSE
1171145,Crime 101,movie,Prime Video,9,2026,2026-02-11,"[80, 53]",Crime|Thriller,Crime,7,924,4.542134831,57.5484,en,"When an elusive thief whose high-stakes heists unfold along the iconic 101 freeway in Los Angeles eyes the score of a lifetime, with hopes of this being his final job, his path collides with a disillusioned insurance broker who is facing her own crossroads. Determined to crack the case, a relentless detective closes in on the operation, raising the stakes even higher.",1,movie_1171145_Prime Video,movie_1171145,1,TRUE
458293,Michael Jackson: Searching for Neverland,movie,Prime Video,9,2017,2017-05-29,"[18, 10770]",Drama|TV Movie,Drama,6.541,111,1.188299509,47.9665,en,"Based on the best-selling book, Remember the Time: Protecting Michael Jackson in His Final Days, and told through the eyes of Jackson's trusted bodyguards, Bill Whitfield and Javon Beard. The movie will reveal firsthand the devotion Michael Jackson had to his children, and the hidden drama that took place during the last two years of his life.",1,movie_458293_Prime Video,movie_458293,1,TRUE
1177445,Cannibal Mukbang,movie,Prime Video,9,2025,2025-09-25,"[27, 35, 10749]",Horror|Comedy|Romance,Horror,4.5,10,0.088235294,42.9867,en,"Shy and looking for love, Mark quickly becomes smitten with the outgoing and mysterious Ash. But as his feelings for her intensify, so does his unexpected submersion into Ash's biggest love: the wild world of mukbanging. And with it, lots of bloodshed.",1,movie_1177445_Prime Video,movie_1177445,1,TRUE
1317448,No Place to Be Single,movie,Prime Video,9,2026,2026-05-08,"[10749, 35]",Romance|Comedy,Romance,6.631,42,0.513841328,41.0227,it,"A brilliant and intelligent love comedy that celebrates second chances and new horizons, starring a strong and determined woman who settles the score.",1,movie_1317448_Prime Video,movie_1317448,1,TRUE
1084577,Balls Up,movie,Prime Video,9,2026,2026-04-15,"[35, 28, 12]",Comedy|Action|Adventure,Comedy,5.827,208,1.711887006,39.6485,en,"Two marketing executives go ""balls out"" and pitch a bold full‑coverage condom sponsorship with the World Cup. After their drunken celebration in Brazil sparks a global scandal, they must outrun furious fans, criminals, and power-hungry officials to salvage their careers and make it home alive.",1,movie_1084577_Prime Video,movie_1084577,1,TRUE
1010581,My Fault,movie,Prime Video,9,2023,2023-06-08,"[18, 10749, 53]",Drama|Romance|Thriller,Drama,7.741,4053,6.890901164,39.1884,es,"Noah must leave her city, boyfriend, and friends to move into William Leister's mansion, the flashy and wealthy husband of her mother Rafaela. As a proud and independent 17 year old, Noah resists living in a mansion surrounded by luxury. However, it is there where she meets Nick, her new stepbrother, and the clash of their strong personalities becomes evident from the very beginning.",1,movie_1010581_Prime Video,movie_1010581,1,TRUE
1352874,The Crucifix: Blood of the Exorcist,movie,Prime Video,9,2025,2025-01-09,[27],Horror,Horror,5.9,40,0.437037037,39.1737,en,"A gruesome discovery in the grounds of their new home plunges a young couple into a maelstrom of spiritual possession, pagan rituals, Viking battles, and violent revenge.",1,movie_1352874_Prime Video,movie_1352874,1,TRUE
1038392,The Conjuring: Last Rites,movie,Prime Video,9,2025,2025-09-03,[27],Horror,Horror,6.887,1797,5.387870701,37.3128,en,Paranormal investigators Ed and Lorraine Warren take on one last terrifying case involving mysterious entities they must confront.,1,movie_1038392_Prime Video,movie_1038392,2,FALSE
11013,Secretary,movie,Prime Video,9,2002,2002-09-20,"[10749, 18, 35]",Romance|Drama|Comedy,Romance,6.792,1897,5.375229036,37.1647,en,"A young woman, recently released from a mental hospital, gets a job as a secretary to a demanding lawyer, where their employer-employee relationship turns into a sexual, sadomasochistic one.",1,movie_11013_Prime Video,movie_11013,1,TRUE
848116,Rocky Aur Rani Kii Prem Kahaani,movie,Prime Video,9,2023,2023-07-28,"[35, 18, 10751, 10749]",Comedy|Drama|Family|Romance,Comedy,6.1,85,0.886324786,34.1856,hi,"Gym-freak brat Rocky falls in love with Rani, who comes from a well-educated Bengali family. Being from polar opposite worlds, the two decide to switch their families to adjust to each other's cultures and backgrounds and to know if their marriage will survive. Rocky and Rani are trapped in a world where they are united by love but divided by families and the ultimate question is will they fit in?",1,movie_848116_Prime Video,movie_848116,1,TRUE
798645,The Running Man,movie,Prime Video,9,2025,2025-11-11,"[28, 53, 878]",Action|Thriller|Science Fiction,Action,6.776,1505,5.086224439,33.4884,en,"Desperate to save his sick daughter, working-class Ben Richards is convinced by The Running Man's charming but ruthless producer to enter the deadly competition game as a last resort. But Ben's defiance, instincts, and grit turn him into an unexpected fan favorite — and a threat to the entire system. As ratings skyrocket, so does the danger, and Ben must outwit not just the Hunters, but a nation addicted to watching him fall.",1,movie_798645_Prime Video,movie_798645,1,TRUE
1084187,Pretty Lethal,movie,Prime Video,9,2026,2026-03-13,"[10402, 53, 28, 27]",Music|Thriller|Action|Horror,Music,6.735,353,2.787168816,33.1005,en,A troupe of ballerinas find themselves fighting for survival as they attempt to escape from a remote inn after their bus breaks down on the way to a dance competition.,1,movie_1084187_Prime Video,movie_1084187,1,TRUE
1168190,The Wrecking Crew,movie,Prime Video,9,2026,2026-01-28,"[28, 35, 80, 9648]",Action|Comedy|Crime|Mystery,Action,6.916,975,4.57159322,32.4819,en,"Estranged half-brothers Jonny and James reunite after their father's mysterious death. As they search for the truth, buried secrets reveal a conspiracy threatening to tear their family apart.",1,movie_1168190_Prime Video,movie_1168190,1,TRUE
1233413,Sinners,movie,Prime Video,9,2025,2025-04-16,"[27, 28, 53]",Horror|Action|Thriller,Horror,7.48,4470,6.727484909,28.8601,en,"Trying to leave their troubled lives behind, twin brothers return to their hometown to start again, only to discover that an even greater evil is waiting to welcome them back.",1,movie_1233413_Prime Video,movie_1233413,2,FALSE
769,GoodFellas,movie,Prime Video,9,1990,1990-09-12,"[18, 80]",Drama|Crime,Drama,8.453,14292,8.167271228,27.9657,en,"The true story of Henry Hill, a half-Irish, half-Sicilian Brooklyn kid who is adopted by neighbourhood gangsters at an early age and climbs the ranks of a Mafia family under the guidance of Jimmy Conway.",1,movie_769_Prime Video,movie_769,1,TRUE
866398,The Beekeeper,movie,Prime Video,9,2024,2024-01-08,"[28, 80, 53]",Action|Crime|Thriller,Action,7.245,4172,6.46963613,25.3823,en,One man's campaign for vengeance takes on national stakes after he is revealed to be a former operative of a powerful and clandestine organization known as Beekeepers.,1,movie_866398_Prime Video,movie_866398,2,FALSE
1236153,Mercy,movie,Prime Video,9,2026,2026-01-20,"[878, 28, 53]",Science Fiction|Action|Thriller,Science Fiction,7,1249,4.998856489,25.3637,en,"In the near future, a detective stands on trial accused of murdering his wife. He has ninety minutes to prove his innocence to the advanced AI Judge he once championed, before it determines his fate.",1,movie_1236153_Prime Video,movie_1236153,1,TRUE
1236153,Mercy,movie,Prime Video,9,2026,2026-01-20,"[878, 28, 53]",Science Fiction|Action|Thriller,Science Fiction,7,1249,4.998856489,25.3637,en,"In the near future, a detective stands on trial accused of murdering his wife. He has ninety minutes to prove his innocence to the advanced AI Judge he once championed, before it determines his fate.",2,movie_1236153_Prime Video,movie_1236153,1,TRUE
575265,Mission: Impossible - The Final Reckoning,movie,Prime Video,9,2025,2025-05-17,"[28, 53, 12]",Action|Thriller|Adventure,Action,7.2,2776,6.101098901,23.3434,en,"Ethan Hunt and team continue their search for the terrifying AI known as the Entity — which has infiltrated intelligence networks all over the globe — with the world's governments and a mysterious ghost from Hunt's past on their trail. Joined by new allies and armed with the means to shut the Entity down for good, Hunt is in a race against time to prevent the world as we know it from changing forever.",2,movie_575265_Prime Video,movie_575265,1,TRUE
1011985,Kung Fu Panda 4,movie,Prime Video,9,2024,2024-03-02,"[28, 12, 16, 35, 10751, 14]",Action|Adventure|Animation|Comedy|Family|Fantasy,Action,6.999,3480,6.119728643,24.1187,en,"Po is gearing up to become the spiritual leader of his Valley of Peace, but also needs someone to take his place as Dragon Warrior. As such, he will train a new kung fu practitioner for the spot and will encounter a villain called the Chameleon who conjures villains from the past.",2,movie_1011985_Prime Video,movie_1011985,1,TRUE
939243,Sonic the Hedgehog 3,movie,Prime Video,9,2024,2024-12-19,"[28, 878, 35, 10751]",Action|Science Fiction|Comedy|Family,Action,7.615,3258,6.6018281,20.0529,en,"Sonic, Knuckles, and Tails reunite against a powerful new adversary, Shadow, a mysterious villain with powers unlike anything they have faced before. With their abilities outmatched in every way, Team Sonic must seek out an unlikely alliance in hopes of stopping Shadow and protecting the planet.",2,movie_939243_Prime Video,movie_939243,1,TRUE
519182,Despicable Me 4,movie,Prime Video,9,2024,2024-06-20,"[28, 16, 35, 10751, 878]",Action|Animation|Comedy|Family|Science Fiction,Action,6.986,3183,6.037588379,23.4477,en,"Gru and Lucy and their girls—Margo, Edith and Agnes—welcome a new member to the Gru family, Gru Jr., who is intent on tormenting his dad. Gru also faces a new nemesis in Maxime Le Mal and his femme fatale girlfriend Valentina, forcing the family to go on the run.",2,movie_519182_Prime Video,movie_519182,1,TRUE
1078605,Weapons,movie,Prime Video,9,2025,2025-08-04,"[27, 9648]",Horror|Mystery,Horror,7.251,3341,6.307105181,22.5399,en,"When all but one child from the same class mysteriously vanish on the same night at exactly the same time, a community is left questioning who or what is behind their disappearance.",2,movie_1078605_Prime Video,movie_1078605,2,FALSE
1156594,Our Fault,movie,Prime Video,9,2025,2025-10-15,"[10749, 18]",Romance|Drama,Romance,7.344,657,4.170274849,21.8949,es,"Jenna and Lion's wedding brings about the long-awaited reunion between Noah and Nick after their breakup. Nick's inability to forgive Noah stands as an insurmountable barrier. He, heir to his grandfather's businesses, and she, starting her professional life, resist fueling a flame that's still alive. But now that their paths have crossed again, will love be stronger than resentment?",2,movie_1156594_Prime Video,movie_1156594,1,TRUE
218,The Terminator,movie,Prime Video,9,1984,1984-10-26,"[28, 53, 878]",Action|Thriller|Science Fiction,Action,7.7,14548,7.444152047,21.7339,en,"In the post-apocalyptic future, reigning tyrannical supercomputers teleport a cyborg assassin known as the ""Terminator"" back to 1984 to kill Sarah Connor, whose unborn son is destined to lead insurgents against 21st century mechanical hegemony. Meanwhile, the human-resistance movement dispatches a lone warrior to safeguard Sarah. Can he stop the virtually indestructible killing machine?",2,movie_218_Prime Video,movie_218,2,FALSE
950387,A Minecraft Movie,movie,Prime Video,9,2025,2025-03-31,"[10751, 14, 35, 12]",Family|Fantasy|Comedy|Adventure,Family,6.264,2972,5.361926267,22.3059,en,"Four misfits find themselves struggling with ordinary problems when they are suddenly pulled through a mysterious portal into the Overworld: a bizarre, cubic wonderland that thrives on imagination. To get back home, they'll have to master this world while embarking on a magical quest with an unexpected, expert crafter, Steve.",2,movie_950387_Prime Video,movie_950387,2,FALSE
949,Heat,movie,Prime Video,9,1995,1995-12-15,"[80, 18, 28]",Crime|Drama|Action,Crime,7.934,8303,7.483358173,20.6939,en,Obsessive master thief Neil McCauley leads a top-notch crew on various daring heists throughout Los Angeles while determined detective Vincent Hanna pursues him without rest. Each man recognizes and respects the ability and the dedication of the other even though they are aware their cat-and-mouse game may end in violence.,2,movie_949_Prime Video,movie_949,1,TRUE
290098,The Handmaiden,movie,Prime Video,9,2016,2016-06-01,"[53, 18, 10749]",Thriller|Drama|Romance,Thriller,8.187,4292,7.332763773,21.3342,ko,"1930s Korea, in the period of Japanese occupation, a new girl, Sook-hee, is hired as a handmaiden to a Japanese heiress, Hideko, who lives a secluded life on a large countryside estate with her domineering Uncle Kouzuki. But the maid has a secret. She is a pickpocket recruited by a swindler posing as a Japanese Count to help him seduce the Lady to steal her fortune.",2,movie_290098_Prime Video,movie_290098,1,TRUE
843527,The Idea of You,movie,Prime Video,9,2024,2024-05-02,"[10402, 35, 10749, 18]",Music|Comedy|Romance|Drama,Music,7.293,1936,5.796078818,19.284,en,"40-year-old single mom Solène begins an unexpected romance with 24-year-old Hayes Campbell, the lead singer of August Moon, the hottest boy band on the planet. As they begin a whirlwind romance, it isn't long before Hayes' superstar status poses unavoidable challenges to their relationship, and Solène soon discovers that life in the glare of his spotlight might be more than she bargained for.",2,movie_843527_Prime Video,movie_843527,1,TRUE
111,Scarface,movie,Prime Video,9,1983,1983-12-09,"[28, 80, 18]",Action|Crime|Drama,Action,8.156,12977,7.853410403,19.0277,en,"After getting a green card in exchange for assassinating a Cuban government official, Tony Montana stakes a claim on the drug trade in Miami. Viciously murdering anyone who stands in his way, Tony eventually becomes the biggest drug lord in the state, controlling nearly all the cocaine that comes through Miami. But increased pressure from the police, wars with Colombian drug cartels and his own drug-fueled paranoia serve to fuel the flames of his eventual downfall.",2,movie_111_Prime Video,movie_111,1,TRUE
1197306,A Working Man,movie,Prime Video,9,2025,2025-03-26,"[28, 80, 53]",Action|Crime|Thriller,Action,6.678,1881,5.275648047,20.1466,en,"Levon Cade left behind a decorated military career in the black ops to live a simple life working construction. But when his boss's daughter, who is like family to him, is taken by human traffickers, his search to bring her home uncovers a world of corruption far greater than he ever could have imagined.",2,movie_1197306_Prime Video,movie_1197306,1,TRUE
402431,Wicked,movie,Prime Video,9,2024,2024-10-16,"[18, 10749, 14]",Drama|Romance|Fantasy,Drama,6.91,3004,5.923984018,20.5096,en,"In the land of Oz, ostracized and misunderstood green-skinned Elphaba is forced to share a room with the popular aristocrat Glinda at Shiz University, and the two's unlikely friendship is tested as they begin to fulfill their respective destinies as Glinda the Good and the Wicked Witch of the West.",2,movie_402431_Prime Video,movie_402431,1,TRUE
1156593,Your Fault,movie,Prime Video,9,2024,2024-12-26,"[18, 10749]",Drama|Romance,Drama,7.083,1539,5.346119176,18.2862,es,The love between Noah and Nick seems unwavering despite their parents' attempts to separate them. But his job and her entry into college open up their lives to new relationships that will shake the foundations of both their relationship and the Leister family itself.,2,movie_1156593_Prime Video,movie_1156593,1,TRUE
338803,The Treacherous,movie,Prime Video,9,2015,2015-05-21,"[18, 36, 80]",Drama|History|Crime,Drama,6.104,91,0.939871404,16.9985,ko,"The story of Joseon's tyrant king Yeonsan who exploits the populace for his own carnal pleasures, his seemingly loyal retainer who controls him and all court dealings, and a woman who seeks vengeance.",2,movie_338803_Prime Video,movie_338803,1,TRUE
17903,A Frozen Flower,movie,Prime Video,9,2008,2008-12-30,[18],Drama,Drama,6.854,157,1.637866058,17.6921,ko,A historical drama set in the Koryo dynasty and focused on the relationship between a king and his bodyguard.,2,movie_17903_Prime Video,movie_17903,1,TRUE
77,Memento,movie,Prime Video,9,2000,2000-10-11,"[9648, 53]",Mystery|Thriller,Mystery,8.178,16177,7.932812017,17.6174,en,"Leonard Shelby is tracking down the man who raped and murdered his wife. The difficulty of locating his wife's killer, however, is compounded by the fact that he suffers from a rare, untreatable form of short-term memory loss. Although he can recall details of life before his accident, Leonard cannot remember what happened fifteen minutes ago, where he's going, or why.",2,movie_77_Prime Video,movie_77,3,FALSE
637649,Wrath of Man,movie,Prime Video,9,2021,2021-04-22,"[53, 80, 18]",Thriller|Crime|Drama,Thriller,7.576,6058,6.998384873,17.2074,en,"A cold and mysterious new security guard for a Los Angeles cash truck company surprises his co-workers when he unleashes precision skills during a heist. The crew is left wondering who he is and where he came from. Soon, the marksman's ultimate motive becomes clear as he takes dramatic and irrevocable steps to settle a score.",2,movie_637649_Prime Video,movie_637649,1,TRUE
796,Cruel Intentions,movie,Prime Video,9,1999,1999-03-05,"[18, 10749]",Drama|Romance,Drama,6.8,3549,5.96028649,16.6801,en,"Slaking a thirst for dangerous games, Kathryn challenges her stepbrother, Sebastian, to deflower their headmaster's daughter before the summer ends. If he succeeds, the prize is the chance to bed Kathryn. But if he loses, Kathryn will claim his most prized possession.",3,movie_796_Prime Video,movie_796,1,TRUE
13078,The Babysitters,movie,Prime Video,9,2008,2008-05-09,[18],Drama,Drama,5.993,539,3.108976901,16.3762,en,"Seventeen-year-old Shirley is a good student who works as a babysitter in order to make money for college. One night Michael, a father Shirley works for, confesses he's unhappy with married life. Shirley has a crush on Michael, and seizes this moment to kiss him. Michael is so happy he presents Shirley with a big tip, which gives her an idea. Shirley plans to make extra money by setting up her teenage friends with other unhappy fathers.",3,movie_13078_Prime Video,movie_13078,1,TRUE
311,Once Upon a Time in America,movie,Prime Video,9,1984,1984-05-23,"[18, 80]",Drama|Crime,Drama,8.382,6012,7.738418919,15.2908,en,"A former Prohibition-era Jewish gangster returns to the Lower East Side of Manhattan over thirty years later, where he once again must confront the ghosts and regrets of his old life.",3,movie_311_Prime Video,movie_311,1,TRUE
334535,The Ticket,movie,Prime Video,9,2016,2016-10-09,[18],Drama,Drama,5.7,95,0.910084034,15.1791,en,A blind man who regains his vision finds himself becoming metaphorically blinded by his obsession for the superficial.,3,movie_334535_Prime Video,movie_334535,1,TRUE
1249213,Drop,movie,Prime Video,9,2025,2025-04-10,"[9648, 53]",Mystery|Thriller,Mystery,6.319,839,3.959403286,14.6801,en,"Violet, a widowed mother on her first date in years, arrives at an upscale restaurant where she is relieved that her date, Henry, is more charming and handsome than she expected. But their chemistry begins to curdle as Violet begins being irritated and then terrorized by a series of anonymous drops to her phone.",3,movie_1249213_Prime Video,movie_1249213,1,TRUE
1248226,Playdate,movie,Prime Video,9,2025,2025-11-04,"[28, 35, 10751]",Action|Comedy|Family,Action,6.047,581,3.250052729,14.5062,en,"When out-of-work accountant Brian joins stay-at-home dad Jeff for a playdate with their sons, he expects a laid-back afternoon. Instead, they're chased by mercenaries, and Brian—totally unprepared—must survive one absurd obstacle after another.",3,movie_1248226_Prime Video,movie_1248226,1,TRUE
1209511,Love Insurance Kompany,movie,Prime Video,9,2026,2026-04-10,"[10749, 878, 35]",Romance|Science Fiction|Comedy,Romance,5,5,0.04950495,14.3263,ta,"In 2040, an app premised on ensuring romance for all is used widely by the population. When the voice behind the app's AI realizes its misconception to true love, he embarks on a quest to prove that love does not come from a screen.",3,movie_1209511_Prime Video,movie_1209511,1,TRUE
696506,Mickey 17,movie,Prime Video,9,2025,2025-02-28,"[878, 35, 12]",Science Fiction|Comedy|Adventure,Science Fiction,6.831,3507,5.978616671,14.29,en,"Unlikely hero Mickey Barnes finds himself in the extraordinary circumstance of working for an employer who demands the ultimate commitment to the job… to die, for a living.",3,movie_696506_Prime Video,movie_696506,2,FALSE
47971,xXx: Return of Xander Cage,movie,Prime Video,9,2017,2017-01-13,"[28, 12, 80]",Action|Adventure|Crime,Action,6.133,9213,5.817289097,14.1887,en,"Xander Cage is left for dead after an incident, though he secretly returns to action for a new, tough assignment with his handler Augustus Gibbons.",3,movie_47971_Prime Video,movie_47971,1,TRUE
623983,Michael Jackson: Chase the Truth,movie,Prime Video,9,2019,2019-08-13,[99],Documentary,Documentary,7.038,26,0.347885932,13.4543,en,"Taking an investigative look into the legal battles of the global superstar. Close friends, former staff and researchers paint an intimate portrait of Jackson's complicated world and put allegations of sexual abuse under the microscope. The film defends American singer Michael Jackson against allegations of child sexual abuse made in the documentary Leaving Neverland.",3,movie_623983_Prime Video,movie_623983,1,TRUE
1317672,Love Me Love Me,movie,Prime Video,9,2026,2026-02-12,"[10749, 18]",Romance|Drama,Romance,5.778,234,1.842032698,13.1853,en,"After her brother's death, June moves to Milan for a fresh start, finding comfort in Will, the perfect honor student at her new international school. But when his troubled best friend James—hiding a dangerous life in clandestine MMA fights—sparks a rivalry that quickly turns into irresistible attraction, June must choose between safety and a love that upends everything she thought she wanted.",3,movie_1317672_Prime Video,movie_1317672,1,TRUE
546554,Knives Out,movie,Prime Video,9,2019,2019-11-27,"[35, 80, 9648]",Comedy|Crime|Mystery,Comedy,7.8,13967,7.530420958,12.9741,en,"When renowned crime novelist Harlan Thrombey is found dead at his estate just after his 85th birthday, the inquisitive and debonair Detective Benoit Blanc is mysteriously enlisted to investigate. From Harlan's dysfunctional family to his devoted staff, Blanc sifts through a web of red herrings and self-serving lies to uncover the truth behind Harlan's untimely death.",3,movie_546554_Prime Video,movie_546554,1,TRUE
1294203,My Fault: London,movie,Prime Video,9,2025,2025-02-12,"[18, 10749]",Drama|Romance,Drama,7.4,556,3.896212121,12.6876,en,"18-year-old Noah moves from America to London, with her mother who's recently fallen in love with William, a wealthy British businessman. Noah meets William’s son, bad-boy Nick, and soon discovers there is an attraction between them neither can avoid. As Noah spends the summer adjusting to her new life, her devastating past will catch up with her while falling in love for the first time.",3,movie_1294203_Prime Video,movie_1294203,1,TRUE
558449,Gladiator II,movie,Prime Video,9,2024,2024-11-13,"[28, 12, 18]",Action|Adventure|Drama,Action,6.614,4383,5.936752406,12.2435,en,"Years after witnessing the death of the revered hero Maximus at the hands of his uncle, Lucius is forced to enter the Colosseum after his home is conquered by the tyrannical Emperors who now lead Rome with an iron fist. With rage in his heart and the future of the Empire at stake, Lucius must look to his past to find strength and honor to return the glory of Rome to its people.",3,movie_558449_Prime Video,movie_558449,1,TRUE
562,Die Hard,movie,Prime Video,9,1988,1988-07-15,"[28, 53]",Action|Thriller,Action,7.81,12242,7.503533197,12.0886,en,"NYPD cop John McClane's plan to reconcile with his estranged wife is thrown for a serious loop when, minutes after he arrives at her office's Christmas Party, the entire building is overtaken by a group of terrorists. With little help from the LAPD, wisecracking McClane sets out to single-handedly rescue the hostages and bring the bad guys down.",3,movie_562_Prime Video,movie_562,1,TRUE
940551,Migration,movie,Prime Video,9,2023,2023-12-06,"[10751, 35, 12, 16]",Family|Comedy|Adventure|Animation,Family,7.349,2231,6.003522153,12.0751,en,"After a migrating duck family alights on their pond with thrilling tales of far-flung places, the Mallard family embarks on a family road trip, from New England, to New York City, to tropical Jamaica.",3,movie_940551_Prime Video,movie_940551,1,TRUE
405746,Door,movie,Prime Video,9,1988,1988-05-14,"[27, 9648, 53]",Horror|Mystery|Thriller,Horror,6.019,26,0.29751711,11.9208,ja,"Yasuko, a housewife, lives in an urban high-rise apartment with her husband Satoru and her son Takuto.  Annoyed by spam calls and door-to-door salesmen, Yasuko slams the door on a salesman’s hand when he tries to squeeze a flyer through the apartment's chained front door. He leaves, but the next day, her nightmare starts.",3,movie_405746_Prime Video,movie_405746,1,TRUE
1035259,The Naked Gun,movie,Prime Video,9,2025,2025-07-30,"[28, 35, 80]",Action|Comedy|Crime,Action,6.364,1680,4.904366972,11.8216,en,"Only one man has the particular set of skills... to lead Police Squad and save the world: Lt. Frank Drebin Jr. Following in his father's footsteps, he must solve a murder case to prevent Police Squad from closure.",3,movie_1035259_Prime Video,movie_1035259,1,TRUE
1242419,Roofman,movie,Prime Video,9,2025,2025-10-08,"[80, 35, 18]",Crime|Comedy|Drama,Crime,7.082,766,4.28500158,11.6909,en,"A former Army Ranger and struggling father turns to robbing McDonald’s restaurants by cutting holes in their roofs, earning him the nickname ""Roofman."" After escaping prison, he secretly lives inside a Toys “R” Us for six months, surviving undetected while planning his next move. But when he falls for a divorced mom drawn to his undeniable charm, his double life begins to unravel, setting off a compelling and suspenseful game of cat and mouse as his past closes in.",3,movie_1242419_Prime Video,movie_1242419,1,TRUE
1325678,Sarah's Oil,movie,Prime Video,9,2025,2025-11-06,[18],Drama,Drama,7.807,88,1.168394558,11.6866,en,"Sarah Rector, a Black girl born in early 20th-century Oklahoma Indian Territory, believes there is oil beneath the barren land she’s allotted, and her faith proves right. As greedy oil sharks close in, Sarah turns to family, friends, and some Texas wildcatters to maintain control of her oil-rich land, eventually becoming among the nation's first Black female millionaires—at eleven years old.",3,movie_1325678_Prime Video,movie_1325678,1,TRUE
588228,The Tomorrow War,movie,Prime Video,9,2021,2021-09-03,"[28, 878, 12]",Action|Science Fiction|Adventure,Action,7.471,4090,6.657165577,11.6602,en,"The world is stunned when a group of time travelers arrive from the year 2051 to deliver an urgent message: Thirty years in the future, mankind is losing a global war against a deadly alien species. The only hope for survival is for soldiers and civilians from the present to be transported to the future and join the fight. Among those recruited is high school teacher and family man Dan Forester. Determined to save the world for his young daughter, Dan teams up with a brilliant scientist and his estranged father in a desperate quest to rewrite the fate of the planet.",4,movie_588228_Prime Video,movie_588228,1,TRUE
1585,It's a Wonderful Life,movie,Prime Video,9,1946,1946-12-20,"[18, 10751, 14]",Drama|Family|Fantasy,Drama,8.281,4884,7.51196211,11.4466,en,"George Bailey has spent his entire life giving to the people of Bedford Falls.  All that prevents rich skinflint Mr. Potter from taking over the entire town is George's modest building and loan company.  But on Christmas Eve the business's $8,000 is lost and George's troubles begin.",4,movie_1585_Prime Video,movie_1585,1,TRUE
9757,Norbit,movie,Prime Video,9,2007,2007-02-08,[35],Comedy,Comedy,5.667,2585,4.748523501,11.4127,en,"A mild-mannered guy who is engaged to a monstrous woman meets the woman of his dreams, and schemes to find a way to be with her.",4,movie_9757_Prime Video,movie_9757,1,TRUE
1314786,Agent Zeta,movie,Prime Video,9,2026,2026-03-20,"[18, 53]",Drama|Thriller,Drama,6.63,142,1.466448598,11.2455,es,"Four Spanish ex-intelligence officers are assassinated simultaneously worldwide. The CNI discovers all participated in the covert ""Operation Ciénaga"" decades ago in Colombia. Zeta, the CNI's best operative, must hunt and protect the sole survivor, facing his deadliest global mission yet. Top Colombian agent Alfa will join Zeta, seemingly knowing more about ""Ciénaga""'s secrets than him.",4,movie_1314786_Prime Video,movie_1314786,1,TRUE
1214361,Bad Men Must Bleed,movie,Prime Video,9,2026,2026-03-12,"[37, 80, 53]",Western|Crime|Thriller,Western,0,0,0,11.077,en,"After a young girl’s family is brutally murdered by ruthless outlaw Harrison Griggs, she forms an unlikely bond with a haunted Civil War veteran turned fugitive known as 'The Butcher'. Together, they must stop Griggs and his gang before he seizes control of the town.",4,movie_1214361_Prime Video,movie_1214361,1,TRUE
348893,Boyka: Undisputed IV,movie,Prime Video,9,2016,2016-08-01,"[28, 18, 53, 80]",Action|Drama|Thriller|Crime,Action,7.175,1447,5.332421674,11.0023,en,"In the fourth installment of the fighting franchise, Boyka is shooting for the big leagues when an accidental death in the ring makes him question everything he stands for. When he finds out the wife of the man he accidentally killed is in trouble, Boyka offers to fight in a series of impossible battles to free her from a life of servitude.",4,movie_348893_Prime Video,movie_348893,1,TRUE
1491902,Bang,movie,Prime Video,9,2025,2025-07-11,"[28, 53]",Action|Thriller,Action,6.6,78,0.890657439,10.703,th,"Follows a ruthless hitman who, after narrowly escaping a fatal attempt on his life, betrays his gang in an effort to find forgiveness but ends up becoming a target himself.",4,movie_1491902_Prime Video,movie_1491902,1,TRUE
1034541,Terrifier 3,movie,Prime Video,9,2024,2024-10-09,[27],Horror,Horror,6.788,1935,5.394160164,10.6715,en,"Five years after surviving Art the Clown's Halloween massacre, Sienna and Jonathan are still struggling to rebuild their shattered lives. As the holiday season approaches, they try to embrace the Christmas spirit and leave the horrors of the past behind. But just when they think they're safe, Art returns, determined to turn their holiday cheer into a new nightmare. The festive season quickly unravels as Art unleashes his twisted brand of terror, proving that no holiday is safe.",4,movie_1034541_Prime Video,movie_1034541,1,TRUE
882569,Guy Ritchie's The Covenant,movie,Prime Video,9,2023,2023-04-19,"[10752, 28, 53]",War|Action|Thriller,War,7.721,3155,6.66477565,10.5964,en,"During the war in Afghanistan, a local interpreter risks his own life to carry an injured sergeant across miles of grueling terrain.",4,movie_882569_Prime Video,movie_882569,1,TRUE
9769,Lolita,movie,Prime Video,9,1997,1997-09-27,[18],Drama,Drama,7.1,1956,5.654560261,10.5803,en,"Humbert Humbert is a middle-aged British novelist who is both appalled by and attracted to the vulgarity of American culture. When he comes to stay at the boarding house run by Charlotte Haze, he soon becomes obsessed with Lolita, the woman's teenaged daughter.",4,movie_9769_Prime Video,movie_9769,1,TRUE
51876,Limitless,movie,Prime Video,9,2011,2011-03-17,"[53, 9648, 878]",Thriller|Mystery|Science Fiction,Thriller,7.199,11437,6.897458574,10.506,en,The life of an unsuccessful writer is transformed by a top-secret 'smart drug' that allows him to use 100% of his brain and become a perfect version of himself. His enhanced abilities soon attract shadowy forces that threaten his new life.,4,movie_51876_Prime Video,movie_51876,2,FALSE
698687,Transformers One,movie,Prime Video,9,2024,2024-09-11,"[16, 878, 12, 10751]",Animation|Science Fiction|Adventure|Family,Animation,7.968,1602,6.072662226,10.447,en,"The untold origin story of Optimus Prime and Megatron, better known as sworn enemies, but once were friends bonded like brothers who changed the fate of Cybertron forever.",4,movie_698687_Prime Video,movie_698687,1,TRUE
1403735,Laila,movie,Prime Video,9,2025,2025-02-14,"[35, 10749]",Comedy|Romance,Comedy,5.25,8,0.082677165,10.4404,te,"Sonu Model, a renowned beautician from the old city, is forced to disguise himself as Laila, leading to a series of comedic, romantic, and action-packed events. Chaos ensues in this hilarious laugh riot",4,movie_1403735_Prime Video,movie_1403735,1,TRUE
44833,Battleship,movie,Prime Video,9,2012,2012-04-11,"[53, 28, 12, 878]",Thriller|Action|Adventure|Science Fiction,Thriller,5.888,5924,5.429718555,10.429,en,"When mankind beams a radio signal into space, a reply comes from ‘Planet G’, in the form of several alien crafts that splash down in the waters off Hawaii. Lieutenant Alex Hopper is a weapons officer assigned to the USS John Paul Jones, part of an international naval coalition which becomes the world's last hope for survival as they engage the hostile alien force of unimaginable strength. While taking on the invaders, Hopper must also try to live up to the potential that his brother, and his fiancée's father—an Admiral—expect of him.",4,movie_44833_Prime Video,movie_44833,1,TRUE
359724,Ford v Ferrari,movie,Prime Video,9,2019,2019-11-13,"[18, 28, 36]",Drama|Action|History,Drama,8.007,8939,7.582855493,10.3246,en,"American car designer Carroll Shelby and the British-born driver Ken Miles work together to battle corporate interference, the laws of physics, and their own personal demons to build a revolutionary race car for Ford Motor Company and take on the dominating race cars of Enzo Ferrari at the 24 Hours of Le Mans in France in 1966.",4,movie_359724_Prime Video,movie_359724,1,TRUE
870028,The Accountant²,movie,Prime Video,9,2025,2025-04-23,"[9648, 80, 53]",Mystery|Crime|Thriller,Mystery,7.069,1737,5.488982119,10.2677,en,"When an old acquaintance is murdered, Wolff is compelled to solve the case. Realizing more extreme measures are necessary, Wolff recruits his estranged and highly lethal brother, Brax, to help. In partnership with Marybeth Medina, they uncover a deadly conspiracy, becoming targets of a ruthless network of killers who will stop at nothing to keep their secrets buried.",4,movie_870028_Prime Video,movie_870028,1,TRUE
1252037,The Tank,movie,Prime Video,9,2025,2025-09-18,"[10752, 28, 18]",War|Action|Drama,War,7.076,427,3.259387271,10.2625,de,"A German Tiger tank crew is sent on a dangerous mission to rescue the missing officer Paul von Hardenburg from a top-secret bunker behind enemy lines. As they make their way through the lethal no-man's land, they must confront not only the enemy, but also their own fears and inner demons. Fueled by the Wehrmacht's methamphetamine, their mission increasingly becomes a journey into the heart of darkness.",4,movie_1252037_Prime Video,movie_1252037,1,TRUE
43947,I Spit on Your Grave,movie,Prime Video,9,2010,2010-06-17,"[53, 80, 27]",Thriller|Crime|Horror,Thriller,6.507,2548,5.43957874,10.1994,en,"A beautiful woman from the city, Jennifer Hills, rents an isolated cabin in the country to write her latest novel. Soon, a group of local lowlifes subject her to a nightmare of degradation, rape, and violence.",4,movie_43947_Prime Video,movie_43947,1,TRUE
11631,Mamma Mia!,movie,Prime Video,9,2008,2008-07-03,"[35, 10749]",Comedy|Romance,Comedy,6.972,6976,6.505707865,9.9574,en,A spirited young bride-to-be living with her single mother on a small Greek island secretly invites three of her mother's ex-boyfriends in hope of finding her biological father to walk her down the aisle.,4,movie_11631_Prime Video,movie_11631,1,TRUE
508642,Gonjiam: Haunted Asylum,movie,Prime Video,9,2018,2018-03-28,"[27, 9648]",Horror|Mystery,Horror,7.273,914,4.701217822,9.9159,ko,"The crew of a horror web series travels to an abandoned asylum for a live broadcast, but they encounter much more than expected as they move deeper inside the nightmarish old building.",4,movie_508642_Prime Video,movie_508642,1,TRUE
593643,The Menu,movie,Prime Video,9,2022,2022-11-17,"[35, 27]",Comedy|Horror,Comedy,7.173,6151,6.633757781,9.8279,en,"A young couple travels to a remote island to eat at an exclusive restaurant where the chef has prepared a lavish menu, with some shocking surprises.",5,movie_593643_Prime Video,movie_593643,1,TRUE
141,Donnie Darko,movie,Prime Video,9,2001,2001-01-19,"[14, 18, 9648]",Fantasy|Drama|Mystery,Fantasy,7.764,13376,7.484236379,9.7874,en,"After narrowly escaping a bizarre accident, a troubled teenager is plagued by visions of a large bunny rabbit that manipulates him to commit a series of crimes.",5,movie_141_Prime Video,movie_141,2,FALSE
1430,Bowling for Columbine,movie,Prime Video,9,2002,2002-10-09,"[99, 18]",Documentary|Drama,Documentary,7.512,1683,5.791431974,9.6884,en,"This is not a film about gun control. It is a film about the fearful heart and soul of the United States, and the 280 million Americans lucky enough to have the right to a constitutionally protected Uzi. From a look at the Columbine High School security camera tapes to the home of Oscar-winning NRA President Charlton Heston, from a young man who makes homemade napalm with The Anarchist's Cookbook to the murder of a six-year-old girl by another six-year-old. Bowling for Columbine is a journey through the US, through our past, hoping to discover why our pursuit of happiness is so riddled with violence.",5,movie_1430_Prime Video,movie_1430,1,TRUE
1327862,Regretting You,movie,Prime Video,9,2025,2025-10-22,"[10749, 18]",Romance|Drama,Romance,7.01,391,3.076217733,9.6303,en,"Morgan Grant and her daughter Clara explore what's left behind after a devastating accident reveals a shocking betrayal and forces them to confront family secrets, redefine love, and rediscover each other.",5,movie_1327862_Prime Video,movie_1327862,1,TRUE
26466,Triangle,movie,Prime Video,9,2009,2009-10-16,[27],Horror,Horror,6.922,2948,5.918229698,9.6266,en,"When Jess sets sail on a yacht with a group of friends, she cannot shake the feeling that there is something wrong.",5,movie_26466_Prime Video,movie_26466,2,FALSE
1100782,Smile 2,movie,Prime Video,9,2024,2024-10-16,"[27, 10402, 9648]",Horror|Music|Mystery,Horror,6.6,2131,5.345724059,9.5104,en,"About to embark on a new world tour, global pop sensation Skye Riley begins experiencing increasingly terrifying and inexplicable events. Overwhelmed by the escalating horrors and the pressures of fame, Skye is forced to face her dark past to regain control of her life before it spirals out of control.",5,movie_1100782_Prime Video,movie_1100782,1,TRUE
930094,"Red, White & Royal Blue",movie,Prime Video,9,2023,2023-07-27,"[35, 10749]",Comedy|Romance,Comedy,7.927,1541,5.985059775,9.498,en,"After an altercation between Alex, the president's son, and Britain's Prince Henry at a royal event becomes tabloid fodder, their long-running feud now threatens to drive a wedge in U.S./British relations. When the rivals are forced into a staged truce, their icy relationship begins to thaw and the friction between them sparks something deeper than they ever expected.",5,movie_930094_Prime Video,movie_930094,1,TRUE
1083637,Kantara - A Legend: Chapter 1,movie,Prime Video,9,2025,2025-10-01,"[28, 18, 14]",Action|Drama|Fantasy,Action,7.167,78,0.96717301,9.4678,kn,"During the Kadamba reign, King Vijayendra, the ruler of the fictional feudatory land of Bangra, meets his final fate while venturing into the mystical forest of Kantara. Witnessing this, his son Rajashekara seals the borders of their realm. Later, Prince Kulashekara reopens them through a brutal massacre. The protagonist, Berme, in search of prosperity, crosses the divide and ignites a conflict of faith, power, and destiny between the Kingdom and Nature.",5,movie_1083637_Prime Video,movie_1083637,1,TRUE
9323,Ghost in the Shell,movie,Prime Video,9,1995,1995-11-18,"[28, 16, 878]",Action|Animation|Science Fiction,Action,7.921,3867,7.014084497,9.3728,ja,"In the year 2029, the barriers of our world have been broken down by the net and by cybernetics, but this brings new vulnerability to humans in the form of brain-hacking. When a highly-wanted hacker known as 'The Puppetmaster' begins involving them in politics, Section 9, a group of cybernetically enhanced cops, are called in to investigate and stop the Puppetmaster.",5,movie_9323_Prime Video,movie_9323,1,TRUE
484641,Anna,movie,Prime Video,9,2019,2019-06-19,"[28, 12, 53]",Action|Adventure|Thriller,Action,6.716,2979,5.750780109,9.3642,en,Beneath Anna Poliatova's striking beauty lies a secret that will unleash her indelible strength and skill to become one of the world's most feared government assassins.,5,movie_484641_Prime Video,movie_484641,1,TRUE
929590,Civil War,movie,Prime Video,9,2024,2024-04-10,"[10752, 28, 18]",War|Action|Drama,War,6.859,4301,6.144669652,9.3014,en,"In the near future, a group of war journalists attempt to survive while reporting the truth as the United States stands on the brink of civil war.",5,movie_929590_Prime Video,movie_929590,2,FALSE
1244492,Look Back,movie,Prime Video,9,2024,2024-06-28,"[16, 18]",Animation|Drama,Animation,8.068,537,4.177932498,9.2666,ja,"Popular, outgoing Fujino is celebrated by her classmates for her funny comics in the class newspaper. One day, her teacher asks her to share the space with Kyomoto, a truant recluse whose beautiful artwork sparks a competitive fervor in Fujino. What starts as jealousy transforms when Fujino realizes their shared passion for drawing.",5,movie_1244492_Prime Video,movie_1244492,1,TRUE
343611,Jack Reacher: Never Go Back,movie,Prime Video,9,2016,2016-10-19,"[28, 53, 18, 80]",Action|Thriller|Drama|Crime,Action,6.01,5311,5.492877302,9.263,en,"Years after resigning command of an elite military police unit, the nomadic, righter-of-wrongs Reacher is drawn back into the life he left behind when his friend and successor, Major Susan Turner is framed for espionage. Reacher will stop at nothing to prove her innocence and to expose the real perpetrators behind the killings of his former soldiers.",5,movie_343611_Prime Video,movie_343611,1,TRUE
585083,Hotel Transylvania: Transformania,movie,Prime Video,9,2022,2022-01-31,"[16, 35, 10751, 12, 14]",Animation|Comedy|Family|Adventure|Fantasy,Animation,7.036,3009,6.033435167,9.2038,en,"When Van Helsing's mysterious invention, the ""Monsterfication Ray,"" goes haywire, Drac and his monster pals are all transformed into humans, and Johnny becomes a monster. In their new mismatched bodies, Drac and Johnny must team up and race across the globe to find a cure before it's too late, and before they drive each other crazy.",5,movie_585083_Prime Video,movie_585083,1,TRUE
73723,The Lorax,movie,Prime Video,9,2012,2012-03-01,"[16, 10751]",Animation|Family,Animation,6.524,3858,5.77549151,9.1625,en,"A 12-year-old boy searches for the one thing that will enable him to win the affection of the girl of his dreams. To find it he must discover the story of the Lorax, the grumpy yet charming creature who fights to protect his world.",5,movie_73723_Prime Video,movie_73723,1,TRUE
115,The Big Lebowski,movie,Prime Video,9,1998,1998-03-06,"[35, 80]",Comedy|Crime,Comedy,7.839,12138,7.528863903,9.1299,en,"Jeffrey 'The Dude' Lebowski, a Los Angeles slacker who only wants to bowl and drink White Russians, is mistaken for another Jeffrey Lebowski, a wheelchair-bound millionaire, and finds himself dragged into a strange series of events involving nihilists, adult film producers, ferrets, errant toes, and large sums of money.",5,movie_115_Prime Video,movie_115,1,TRUE
941109,Play Dirty,movie,Prime Video,9,2025,2025-09-30,"[80, 28, 53]",Crime|Action|Thriller,Crime,6.576,606,3.603124774,9.0523,en,"Expert thief Parker gets a shot at a major heist, but to pull it off he and his team must outsmart a South American dictator, the New York mob, and the world's richest man.",5,movie_941109_Prime Video,movie_941109,1,TRUE
339846,Baywatch,movie,Prime Video,9,2017,2017-05-25,"[35, 28, 80]",Comedy|Action|Crime,Comedy,6.084,8484,5.745398041,9.0338,en,"Devoted lifeguard Mitch Buchannon butts heads with a brash new recruit. Together, they uncover a local criminal plot that threatens the future of the Bay.",5,movie_339846_Prime Video,movie_339846,1,TRUE
581528,"The Gangster, the Cop, the Devil",movie,Prime Video,9,2019,2019-05-15,"[28, 80, 53]",Action|Crime|Thriller,Action,7.85,1449,5.836146742,8.9751,ko,"After barely surviving a brutal attack by a sadistic serial killer, crime boss Jang Dong-su is left humiliated. Determined to catch the killer known as K, he forms an uneasy alliance with Jung Tae-seok, a relentless and incorruptible detective who often disrupts his illegal business. However, while Jang Dong-su wants K dead, Jung Tae-suk is determined to bring him to justice. With a deal in place—whoever finds K first will decide his fate—the hunt begins, blurring the lines between crime and law.",5,movie_581528_Prime Video,movie_581528,3,FALSE
957,Spaceballs,movie,Prime Video,9,1987,1987-06-24,"[35, 878]",Comedy|Science Fiction,Comedy,6.9,3378,6.010366168,8.9294,en,"When the nefarious Dark Helmet hatches a plan to snatch Princess Vespa and steal her planet's air, space-bum-for-hire Lone Starr and his clueless sidekick fly to the rescue. Along the way, they meet Yogurt, who puts Lone Starr wise to the power of ""The Schwartz."" Can he master it in time to save the day?",5,movie_957_Prime Video,movie_957,1,TRUE
207768,I Spit on Your Grave 2,movie,Prime Video,9,2013,2013-08-25,"[53, 27, 80]",Thriller|Horror|Crime,Thriller,6.3,1418,4.657664234,8.9203,en,"Broke, and in desperate need to update her portfolio, New York City model Katie calls a number from a tear-off flyer offering free photos. But this innocent attempt quickly turns into an unthinkable kidnapping nightmare where she's ripped away from everyone and everything she knows.",6,movie_207768_Prime Video,movie_207768,1,TRUE
845781,Red One,movie,Prime Video,9,2024,2024-10-31,"[28, 35, 14]",Action|Comedy|Fantasy,Action,6.989,3027,5.99821463,8.8752,en,"After Santa Claus (codename: Red One) is kidnapped, the North Pole's Head of Security must team up with the world's most infamous tracker in a globe-trotting, action-packed mission to save Christmas.",6,movie_845781_Prime Video,movie_845781,1,TRUE
335988,Transformers: The Last Knight,movie,Prime Video,9,2017,2017-06-16,"[28, 12, 878]",Action|Adventure|Science Fiction,Action,6.054,6687,5.632822875,8.7604,en,"Humans and Transformers are at war. Optimus Prime is gone. The key to saving our future lies buried in the secrets of the past, in the hidden history of Transformers on Earth. Saving our world falls upon the shoulders of an unlikely alliance: Cade Yeager; Bumblebee; an English Lord; and an Oxford Professor.",6,movie_335988_Prime Video,movie_335988,1,TRUE
613504,After We Collided,movie,Prime Video,9,2020,2020-09-02,"[18, 10749]",Drama|Romance,Drama,7.155,5456,6.554345198,8.7225,en,Tessa finds herself struggling with her complicated relationship with Hardin; she faces a dilemma that could change their lives forever.,6,movie_613504_Prime Video,movie_613504,2,FALSE
1199193,Pose,movie,Prime Video,9,2026,2026-02-25,[53],Thriller,Thriller,6.2,32,0.372932331,8.6984,en,"Isolated in a grand country manor, a reclusive artist spends a passionate and paranoid weekend with his ex-lover, an obsessive fan, and a potential muse. Hoping to spark a new wave of artistic brilliance over the course of a few tumultuous days, filled with chaos and revelation not all of them will make it out alive.",6,movie_1199193_Prime Video,movie_1199193,1,TRUE
581,Dances with Wolves,movie,Prime Video,9,1990,1990-03-30,"[12, 18, 37]",Adventure|Drama|Western,Adventure,7.839,4669,7.080729541,8.6829,en,"Wounded Civil War soldier John Dunbar tries to commit suicide—and becomes a hero instead. As a reward, he's assigned to his dream post, a remote junction on the Western frontier, and soon makes unlikely friends with the local Sioux tribe.",6,movie_581_Prime Video,movie_581,1,TRUE
42384,A Tale of Legendary Libido,movie,Prime Video,9,2008,2008-04-30,"[35, 14, 18]",Comedy|Fantasy|Drama,Comedy,5.8,47,0.498354662,8.5645,ko,A monk gives an impaired man the secret to a strong arousal. The man had been teased and tortured until the travelling man decides to help him out.,6,movie_42384_Prime Video,movie_42384,1,TRUE
395990,Death Wish,movie,Prime Video,9,2018,2018-03-01,"[28, 80, 53, 18]",Action|Crime|Thriller|Drama,Action,6.231,2790,5.284039514,8.5417,en,A mild-mannered father is transformed into a killing machine after his family is torn apart by a violent act.,6,movie_395990_Prime Video,movie_395990,1,TRUE
936108,Smurfs,movie,Prime Video,9,2025,2025-06-30,"[16, 10751, 14]",Animation|Family|Fantasy,Animation,5.8,262,1.994225722,8.5363,en,"When Papa Smurf is mysteriously taken by evil wizards, Razamel and Gargamel, Smurfette leads the Smurfs on a mission into the real world to save him. With the help of new friends, the Smurfs must discover what defines their destiny to save the universe.",6,movie_936108_Prime Video,movie_936108,1,TRUE
1220522,Dacoit,movie,Prime Video,9,2026,2026-04-10,"[28, 10749, 53]",Action|Romance|Thriller,Action,6.3,3,0.037574553,8.528,te,"Betrayed by his better half, a man is convicted for a crime he didn't commit. Once free, he hunts her down in pursuit of vengeance, as their stories intertwine with a series of robberies.",6,movie_1220522_Prime Video,movie_1220522,1,TRUE
4638,Hot Fuzz,movie,Prime Video,9,2007,2007-02-14,"[80, 28, 35]",Crime|Action|Comedy,Crime,7.564,8303,7.134373736,8.4979,en,"Former London constable Nicholas Angel finds it difficult to adapt to his new assignment in the sleepy British village of Sandford. Not only does he miss the excitement of the big city, but he also has a well-meaning oaf for a partner. However, when a series of grisly accidents rocks Sandford, Angel smells something rotten in the idyllic village.",6,movie_4638_Prime Video,movie_4638,1,TRUE
63,Twelve Monkeys,movie,Prime Video,9,1995,1995-12-29,"[878, 53, 9648]",Science Fiction|Thriller|Mystery,Science Fiction,7.607,9088,7.210306216,8.4431,en,"In the year 2035, convict James Cole reluctantly volunteers to be sent back in time to discover the origin of a deadly virus that wiped out nearly all of the earth's population and forced the survivors into underground communities. But when Cole is mistakenly sent to 1990 instead of 1996, he's arrested and locked up in a mental hospital. There he meets psychiatrist Dr. Kathryn Railly and the son of a famous virus expert who may hold the key to the Army of the 12 Monkeys; thought to be responsible for unleashing the killer disease.",6,movie_63_Prime Video,movie_63,1,TRUE
9902,Wrong Turn,movie,Prime Video,9,2003,2003-05-30,"[27, 53]",Horror|Thriller,Horror,6.386,2981,5.468734846,8.4286,en,"Chris crashes into a carload of other young people, and the group of stranded motorists is soon lost in the woods of West Virginia, where they're hunted by three cannibalistic mountain men who are grossly disfigured by generations of inbreeding.",6,movie_9902_Prime Video,movie_9902,1,TRUE
9316,Ong-Bak,movie,Prime Video,9,2003,2003-01-31,"[28, 80, 53]",Action|Crime|Thriller,Action,7.141,1876,5.63826431,8.3831,th,"When the head of a statue sacred to a village is stolen, a young martial artist goes to the big city and finds himself taking on the underworld to retrieve it.",6,movie_9316_Prime Video,movie_9316,1,TRUE
8009,Highlander,movie,Prime Video,9,1986,1986-03-07,"[12, 28, 14]",Adventure|Action|Fantasy,Adventure,6.862,2897,5.851991169,8.338,en,He fought his first battle on the Scottish Highlands in 1536. He will fight his greatest battle on the streets of New York City in 1986. His name is Connor MacLeod. He is immortal.,6,movie_8009_Prime Video,movie_8009,2,FALSE
619803,The Roundup,movie,Prime Video,9,2022,2022-05-18,"[28, 80, 53, 12]",Action|Crime|Thriller|Adventure,Action,7.317,427,3.370398058,8.319,ko,"The 'Beast Cop' Ma Seok-do heads to a foreign country to extradite a suspect, but soon after his arrival, he discovers additional murder cases and hears about a vicious killer who has been committing crimes against tourists for several years.",6,movie_619803_Prime Video,movie_619803,1,TRUE
762441,A Quiet Place: Day One,movie,Prime Video,9,2024,2024-06-26,"[27, 878, 53]",Horror|Science Fiction|Thriller,Horror,6.651,3309,5.777936204,8.2923,en,"As New York City is invaded by alien creatures who hunt by sound, a woman named Sam fights to survive with her cat.",6,movie_762441_Prime Video,movie_762441,1,TRUE
23169,Remember Me,movie,Prime Video,9,2010,2010-03-11,"[18, 10749]",Drama|Romance,Drama,7.099,3712,6.256288699,8.2873,en,"Still reeling from a heartbreaking family event and his parents' subsequent divorce, Tyler Hawkins discovers a fresh lease on life when he meets Ally Craig, a gregarious beauty who witnessed her mother's death. But as the couple draws closer, the fallout from their separate tragedies jeopardizes their love.",6,movie_23169_Prime Video,movie_23169,1,TRUE
117263,Olympus Has Fallen,movie,Prime Video,9,2013,2013-03-20,"[28, 53]",Action|Thriller,Action,6.415,7047,5.989996687,8.2394,en,"When the White House (Secret Service Code: ""Olympus"") is captured by a terrorist mastermind and the President is kidnapped, disgraced former Presidential guard Mike Banning finds himself trapped within the building. As the national security team scrambles to respond, they are forced to rely on Banning's inside knowledge to help retake the White House, save the President and avert an even bigger disaster.",6,movie_117263_Prime Video,movie_117263,1,TRUE
615453,Ne Zha,movie,Prime Video,9,2019,2019-07-26,"[16, 14, 12]",Animation|Fantasy|Adventure,Animation,7.9,853,4.980561715,8.1918,zh,"A young boy is born as the reincarnation of a demonic power, into a society that hates and fears him. Destined by prophecy to bring destruction to the world, Nezha must choose between good and evil to see if he can change his fate.",6,movie_615453_Prime Video,movie_615453,3,FALSE
7549,Fearless,movie,Prime Video,9,2006,2006-01-26,"[18, 28]",Drama|Action,Drama,7.514,1400,5.536631579,8.0374,zh,"After going through a series of tragic events in his life, martial arts master Huo Yuanjia returns to Tianjin and must fight four international soldiers, in order to safeguard his nation's pride.",7,movie_7549_Prime Video,movie_7549,2,FALSE
967,Spartacus,movie,Prime Video,9,1960,1960-10-13,"[36, 10752, 18, 12]",History|War|Drama|Adventure,History,7.538,2380,6.229319444,8.0265,en,"The rebellious Thracian Spartacus, born and raised a slave, is sold to Gladiator trainer Batiatus. After weeks of being trained to kill for the arena, Spartacus turns on his owners and leads the other slaves in rebellion. As the rebels move from town to town, their numbers swell as escaped slaves join their ranks. Under the leadership of Spartacus, they make their way to southern Italy, where they will cross the sea and return to their homes.",7,movie_967_Prime Video,movie_967,1,TRUE
2649,The Game,movie,Prime Video,9,1997,1997-09-12,"[18, 53, 9648]",Drama|Thriller|Mystery,Drama,7.572,7302,7.08673981,7.8936,en,"In honor of his birthday, San Francisco banker Nicholas Van Orton, a financial genius and a cold-hearted loner, receives an unusual present from his younger brother, Conrad: a gift certificate to play a unique kind of game. In nary a nanosecond, Nicholas finds himself consumed by a dangerous set of ever-changing rules, unable to distinguish where the charade ends and reality begins.",7,movie_2649_Prime Video,movie_2649,1,TRUE
3082,Modern Times,movie,Prime Video,9,1936,1936-02-05,"[35, 18, 10749]",Comedy|Drama|Romance,Comedy,8.278,4070,7.372310722,7.8171,en,"A bumbling tramp desires to build a home with a young woman, yet is thwarted time and time again by his lack of experience and habit of being in the wrong place at the wrong time..",7,movie_3082_Prime Video,movie_3082,2,FALSE
759297,The Housemaid,movie,Prime Video,9,2021,2021-09-10,[53],Thriller,Thriller,5.425,53,0.519936709,7.773,tl,"Daisy's task as a new maid to a wealthy family is to watch over a young kid, but unknowingly she's being watched by the kid's father. When temptation kicks in Daisy and the wealthy family's lives start to shatter in pieces.",7,movie_759297_Prime Video,movie_759297,1,TRUE
397567,Along with the Gods: The Two Worlds,movie,Prime Video,9,2017,2017-12-20,"[28, 12, 18, 14, 53]",Action|Adventure|Drama|Fantasy|Thriller,Action,8.035,1184,5.649311164,7.7159,ko,"Having died unexpectedly, firefighter Ja-hong is taken to the afterlife by 3 afterlife guardians. Only when he passes 7 trials over 49 days and proves he was innocent in human life, he’s able to reincarnate, and his 3 afterlife guardians are by his side to defend him in trial.",7,movie_397567_Prime Video,movie_397567,1,TRUE
16320,Serenity,movie,Prime Video,9,2005,2005-09-25,"[878, 28, 12, 53]",Science Fiction|Action|Adventure|Thriller,Science Fiction,7.359,3860,6.515077982,7.6257,en,"When the renegade crew of Serenity agrees to hide a fugitive on their ship, they find themselves in an action-packed battle between the relentless military might of a totalitarian regime who will destroy anything – or anyone – to get the girl back and the bloodthirsty creatures who roam the uncharted areas of space. But... the greatest danger of all may be on their ship.",7,movie_16320_Prime Video,movie_16320,1,TRUE
420634,Terrifier,movie,Prime Video,9,2018,2018-01-25,[27],Horror,Horror,6.311,2947,5.39556629,7.5605,en,A maniacal clown named Art terrorizes three young women on Halloween night and everyone else who stands in his way.,7,movie_420634_Prime Video,movie_420634,1,TRUE
10431,War,movie,Prime Video,9,2007,2007-08-24,"[28, 80, 53]",Action|Crime|Thriller,Action,6.396,2032,5.132966825,7.5429,en,"FBI agent Jack Crawford is out for revenge when his partner is killed and all clues point to the mysterious assassin Rogue. But when Rogue turns up years later to take care of some unfinished business, he triggers a violent clash of rival gangs. Will the truth come out before it's too late? And when the dust settles, who will remain standing?",7,movie_10431_Prime Video,movie_10431,1,TRUE
1137350,The Phoenician Scheme,movie,Prime Video,9,2025,2025-05-23,"[35, 12, 80]",Comedy|Adventure|Crime,Comedy,6.496,895,4.167684588,7.5388,en,"Wealthy businessman Zsa-zsa Korda appoints his only daughter, a nun, as sole heir to his estate. As Korda embarks on a new enterprise, they soon become the target of scheming tycoons, foreign terrorists, and determined assassins.",7,movie_1137350_Prime Video,movie_1137350,1,TRUE
901362,Trolls Band Together,movie,Prime Video,9,2023,2023-10-12,"[16, 10751, 10402, 14, 35, 12]",Animation|Family|Music|Fantasy|Comedy|Adventure,Animation,7.25,979,4.799019608,7.4839,en,"When Branch's brother, Floyd, is kidnapped for his musical talents by a pair of nefarious pop-star villains, Branch and Poppy embark on a harrowing and emotional journey to reunite the other brothers and rescue Floyd from a fate even worse than pop-culture obscurity.",7,movie_901362_Prime Video,movie_901362,1,TRUE
278924,Mechanic: Resurrection,movie,Prime Video,9,2016,2016-08-25,"[28, 80, 53, 12]",Action|Crime|Thriller|Adventure,Action,6.046,3640,5.315806763,7.4612,en,"Arthur Bishop thought he had put his murderous past behind him when his most formidable foe kidnaps the love of his life. Now he is forced to travel the globe to complete three impossible assassinations, and do what he does best, make them look like accidents.",7,movie_278924_Prime Video,movie_278924,2,FALSE
840705,Blink Twice,movie,Prime Video,9,2024,2024-08-21,"[9648, 53]",Mystery|Thriller,Mystery,6.7,1875,5.289473684,7.4592,en,"When tech billionaire Slater King meets cocktail waitress Frida at his fundraising gala, he invites her to join him and his friends on a dream vacation on his private island. But despite the epic setting, beautiful people, ever-flowing champagne, and late-night dance parties, Frida can sense that there’s something sinister hiding beneath the island’s lush façade.",7,movie_840705_Prime Video,movie_840705,1,TRUE
8845,Under Siege,movie,Prime Video,9,1992,1992-10-08,"[28, 53]",Action|Thriller,Action,6.313,1716,4.888586643,7.4589,en,"A disgruntled ex-CIA operative, his assistant and their assembled group of terrorists seize a battleship with nuclear blackmail in mind. They've planned for every contingency but ignore the ship's cook, former Navy SEAL Casey Ryback—an error that could be fatal.",7,movie_8845_Prime Video,movie_8845,1,TRUE
749170,Heads of State,movie,Prime Video,9,2025,2025-06-24,"[28, 53, 35]",Action|Thriller|Comedy,Action,6.815,1031,4.589330503,7.416,en,"The UK Prime Minister and US President have a public rivalry that risks their countries' alliance. But when they become targets of a powerful enemy, they're forced to rely on each other as they go on a wild, multinational run. Allied with Noel, a brilliant MI6 agent, they must find a way to thwart a conspiracy that threatens the free world.",7,movie_749170_Prime Video,movie_749170,1,TRUE
1233575,Black Bag,movie,Prime Video,9,2025,2025-03-12,"[18, 9648, 53]",Drama|Mystery|Thriller,Drama,6.359,1212,4.501815421,7.4021,en,"When intelligence agent Kathryn Woodhouse is suspected of betraying the nation, her husband – also a legendary agent – faces the ultimate test of whether to be loyal to his marriage, or his country.",7,movie_1233575_Prime Video,movie_1233575,1,TRUE
11528,The Sandlot,movie,Prime Video,9,1993,1993-04-07,"[10751, 35, 18]",Family|Comedy|Drama,Family,7.544,1310,5.460022099,7.3985,en,"During a summer of friendship and adventure, one boy becomes a part of the gang, nine boys become a team and their leader becomes a legend by confronting the terrifying mystery beyond the right field wall.",7,movie_11528_Prime Video,movie_11528,1,TRUE
311324,The Great Wall,movie,Prime Video,9,2016,2016-12-16,"[28, 12, 14]",Action|Adventure|Fantasy,Action,6.028,5516,5.52700266,7.3423,en,European mercenaries searching for black powder become embroiled in the defense of the Great Wall of China against a horde of monstrous creatures.,7,movie_311324_Prime Video,movie_311324,2,FALSE
663712,Terrifier 2,movie,Prime Video,9,2022,2022-10-06,[27],Horror,Horror,6.668,2479,5.548832494,7.2761,en,"A year after the Miles County massacre, Art the Clown is resurrected by a sinister entity. Art returns home, where he must hunt down and destroy teenage Sienna and her younger brother Jonathan on Halloween. As the body count rises, the siblings fight to stay alive while uncovering the true nature of Art's evil intent.",7,movie_663712_Prime Video,movie_663712,1,TRUE
96721,Rush,movie,Prime Video,9,2013,2013-09-02,"[18, 28]",Drama|Action,Drama,7.736,7801,7.270032044,7.2189,en,"In the 1970s, a rivalry propels race car drivers Niki Lauda and James Hunt to fame and glory — until a horrible accident threatens to end it all.",7,movie_96721_Prime Video,movie_96721,1,TRUE
107846,Escape Plan,movie,Prime Video,9,2013,2013-10-09,"[28, 53]",Action|Thriller,Action,6.722,5568,6.168110745,7.2085,en,"Ray Breslin is the world's foremost authority on structural security. After analyzing every high security prison and learning a vast array of survival skills so he can design escape-proof prisons, his skills are put to the test. He's framed and incarcerated in a master prison he designed himself. He needs to escape and find the person who put him behind bars.",8,movie_107846_Prime Video,movie_107846,1,TRUE
613,Downfall,movie,Prime Video,9,2004,2004-09-16,"[18, 36, 10752]",Drama|History|War,Drama,7.861,4291,7.040607598,7.1907,de,"In April of 1945, Germany stands at the brink of defeat with the Russian Army closing in from the east and the Allied Expeditionary Force attacking from the west. In Berlin, capital of the Third Reich, Adolf Hitler proclaims that Germany will still achieve victory and orders his generals and advisers to fight to the last man. When the end finally does come, and Hitler lies dead by his own hand, what is left of his military must find a way to end the killing that is the Battle of Berlin, and lay down their arms in surrender.",8,movie_613_Prime Video,movie_613,1,TRUE
449985,Triple Threat,movie,Prime Video,9,2019,2019-03-19,"[53, 28]",Thriller|Action,Thriller,6.422,643,3.612726159,7.1771,en,"A crime syndicate places a hit on a billionaire's daughter, making her the target of an elite assassin squad. A small band of down-and-out mercenaries protects her, fighting tooth and nail to stop the assassins from reaching their target.",8,movie_449985_Prime Video,movie_449985,2,FALSE
1328803,Prisoner of War,movie,Prime Video,9,2025,2025-09-19,"[28, 10752, 53, 36]",Action|War|Thriller|History,Action,7.1,180,1.879411765,7.1431,en,British RAF Wing Commander James Wright is captured by the Japanese during WWII and forced to fight in brutal hand-to-hand combat. The Japanese soldiers get more than they bargained for when Wright’s years of martial arts training in Hong Kong prove him to be a formidable opponent.,8,movie_1328803_Prime Video,movie_1328803,1,TRUE
1195506,Novocaine,movie,Prime Video,9,2025,2025-03-12,"[28, 35, 53]",Action|Comedy|Thriller,Action,6.789,1562,5.142782735,7.1148,en,"When the girl of his dreams is kidnapped, everyman Nate turns his inability to feel pain into an unexpected strength in his fight to get her back.",8,movie_1195506_Prime Video,movie_1195506,1,TRUE
399402,Hunter Killer,movie,Prime Video,9,2018,2018-10-19,"[28, 12, 53]",Action|Adventure|Thriller,Action,6.905,2391,5.710776548,7.0271,en,"Captain Glass of the USS Arkansas discovers that a coup d'état is taking place in Russia, so he and his crew join an elite group working on the ground to prevent a war.",8,movie_399402_Prime Video,movie_399402,2,FALSE
10897,The Little Rascals,movie,Prime Video,9,1994,1994-08-05,"[10749, 35, 10751]",Romance|Comedy|Family,Romance,6.809,1317,4.9353071,7.0169,en,"When nine-year-old Alfalfa falls for Darla, his ""He-Man-Woman-Hating"" friends attempt to sabotage their relationship.",8,movie_10897_Prime Video,movie_10897,1,TRUE
930564,Saltburn,movie,Prime Video,9,2023,2023-11-16,"[18, 35, 53]",Drama|Comedy|Thriller,Drama,6.957,2914,5.938107206,7.0039,en,"Struggling to find his place at Oxford University, student Oliver Quick finds himself drawn into the world of the charming and aristocratic Felix Catton, who invites him to Saltburn, his eccentric family's sprawling estate, for a summer never to be forgotten.",8,movie_930564_Prime Video,movie_930564,2,FALSE
71859,We Need to Talk About Kevin,movie,Prime Video,9,2011,2011-09-28,"[18, 53]",Drama|Thriller,Drama,7.546,3083,6.492971811,6.992,en,"After her son Kevin commits a horrific act, troubled mother Eva reflects on her complicated relationship with her disturbed son as he grew from a toddler into a teenager.",8,movie_71859_Prime Video,movie_71859,2,FALSE
589761,Chernobyl: Abyss,movie,Prime Video,9,2021,2021-04-15,"[18, 36, 28]",Drama|History|Action,Drama,6.238,573,3.331196645,6.9857,ru,The aftermath of a shocking explosion at the Chernobyl nuclear power station made hundreds of people sacrifice their lives to clean up the site of the catastrophe and to successfully prevent an even bigger disaster that could have turned a large part of the European continent into an uninhabitable exclusion zone. This is their story.,8,movie_589761_Prime Video,movie_589761,1,TRUE
6312,Brotherhood of the Wolf,movie,Prime Video,9,2001,2001-01-31,"[12, 27, 28, 36]",Adventure|Horror|Action|History,Adventure,6.731,1713,5.210213737,6.9373,fr,"In 18th century France, the Chevalier de Fronsac and his Native American friend Mani are sent by the King to the Gevaudan province to investigate the killings of hundreds by a mysterious beast.",8,movie_6312_Prime Video,movie_6312,1,TRUE
10585,Child's Play,movie,Prime Video,9,1988,1988-11-09,[27],Horror,Horror,6.744,3322,5.861739403,6.9313,en,"After being shot in a toy store, a serial killer transfers his soul into a Good Guy doll. A mother then gifts it to her 6-year old son Andy, which unleashes terror upon the city.",8,movie_10585_Prime Video,movie_10585,1,TRUE
10222,Kickboxer,movie,Prime Video,9,1989,1989-04-20,"[28, 53, 18]",Action|Thriller|Drama,Action,6.844,1567,5.188460571,6.9004,en,"If your enemy refuses to be humbled... Destroy him. Accompanied by his brother Kurt, American kickboxing champion Eric Sloane, arrives in Thailand to defeat the Eastern warriors at their own sport. His opponent: ruthless fighter and Thai champion, Tong Po. Tong not only defeats Eric, he paralyzes him for life. Crazed with anger, Kurt vows revenge.",8,movie_10222_Prime Video,movie_10222,1,TRUE
1381216,Gator Lake,movie,Prime Video,9,2024,2024-05-01,"[27, 35, 12]",Horror|Comedy|Adventure,Horror,6.213,47,0.533840951,6.8832,en,"In 2003, Lake Jesup became the stage for a real-life horror story, as a monstrous alligator escaped from captivity and began a reign of terror. As the body count rose, a desperate hunt ensued to stop the creature.",8,movie_1381216_Prime Video,movie_1381216,1,TRUE
893694,Eva,movie,Prime Video,9,2021,2021-12-24,"[18, 10749]",Drama|Romance,Drama,5.208,24,0.238534351,6.8063,tl,"When Eva gets involved in a steamy threesome with a houseboy and her lady boss, she realizes she has to choose only one between them.",8,movie_893694_Prime Video,movie_893694,1,TRUE
799379,Project Wolf Hunting,movie,Prime Video,9,2022,2022-09-21,"[28, 53, 27, 80]",Action|Thriller|Horror|Crime,Action,6.436,439,3.008949947,6.7645,ko,"While under heavily armed guard, the dangerous convicts aboard a cargo ship unite in a coordinated escape attempt that soon escalates into a bloody, all-out riot. But as the fugitives continue their brutal campaign of terror, they soon discover that not even the most vicious among them is safe from the horror they unknowingly unleashed from the darkness below deck.",8,movie_799379_Prime Video,movie_799379,1,TRUE
15356,The Girl Next Door,movie,Prime Video,9,2007,2007-07-19,"[53, 80, 18, 27]",Thriller|Crime|Drama|Horror,Thriller,6.648,783,4.057197194,6.7442,en,"In a quiet suburban town in the summer of 1958, two recently orphaned sisters are placed in the care of their mentally unstable Aunt Ruth. But Ruth's depraved sense of discipline will soon lead to unspeakable acts of abuse and torture that involve her young sons, the neighborhood children, and one 12-year-old boy whose life will be changed forever.",8,movie_15356_Prime Video,movie_15356,1,TRUE
2899,Asterix & Obelix: Mission Cleopatra,movie,Prime Video,9,2002,2002-01-30,"[10751, 14, 35, 12]",Family|Fantasy|Comedy|Adventure,Family,7.4,3766,6.532676981,6.7403,fr,History's favorite Gauls assist Queen Cleopatra when she wagers that the Egyptian people can build a palace for Julius Caesar in just three months.,8,movie_2899_Prime Video,movie_2899,1,TRUE
1379963,Tell Me Softly,movie,Prime Video,9,2025,2025-12-11,"[10749, 18]",Romance|Drama,Romance,6.182,159,1.491559939,6.7221,es,"Kamila has everything under control: studies, social life, her image... Everything except the unexpected return of her neighbors, the Di Bianco brothers, after seven years of absence. Thiago stole her first kiss, and Taylor was her best friend, but now their return will turn Kami's world upside down. Can the three overcome the past that binds them? Or will everything explode into pieces once again?",8,movie_1379963_Prime Video,movie_1379963,1,TRUE
102966,Revolt at Fort Laramie,movie,Prime Video,9,1957,1957-03-01,"[28, 10752, 37]",Action|War|Western,Action,6.575,20,0.252884615,6.7057,en,"At the breaking of the Civil War the garrison of Fort Laramie splits between the sympathezers of the two different factions, but when the fort is attacked by the Sioux, they unite their forces to fight them.",8,movie_102966_Prime Video,movie_102966,1,TRUE
41446,Scream 4,movie,Prime Video,9,2011,2011-04-13,"[27, 9648]",Horror|Mystery,Horror,6.481,4156,5.785016323,6.6971,en,"Fifteen years after the original Woodsboro murders, Sidney Prescott returns home to promote her new book about surviving trauma, only for a new Ghostface killer to emerge, targeting a new group of teens.",9,movie_41446_Prime Video,movie_41446,1,TRUE
1382406,Striking Rescue,movie,Prime Video,9,2024,2024-12-05,"[28, 80, 53]",Action|Crime|Thriller,Action,7.433,163,1.827419306,6.6531,zh,A veteran Muay Thai expert goes on a take-no-prisoners mission of revenge after his wife and daughter are brutally murdered by mysterious forces.,9,movie_1382406_Prime Video,movie_1382406,1,TRUE
1118031,Apocalypse Z: The Beginning of the End,movie,Prime Video,9,2024,2024-10-04,"[18, 28, 27]",Drama|Action|Horror,Drama,6.726,1232,4.784314088,6.6529,es,"When a kind of rabies that transforms people into aggressive creatures spreads across the planet, Manel isolates himself at home with his cat, relying on his wits to survive; but soon they must go out in search of food, by land and by sea, dodging many dangers.",9,movie_1118031_Prime Video,movie_1118031,1,TRUE
189,Sin City: A Dame to Kill For,movie,Prime Video,9,2014,2014-08-20,"[28, 80, 53]",Action|Crime|Thriller,Action,6.403,4147,5.7140609,6.6482,en,Some of Sin City's most hard-boiled citizens cross paths with a few of its more reviled inhabitants.,9,movie_189_Prime Video,movie_189,1,TRUE
283566,Evangelion: 3.0+1.0 Thrice Upon a Time,movie,Prime Video,9,2021,2021-03-08,"[16, 28, 878, 18]",Animation|Action|Science Fiction|Drama,Animation,8.2,940,5.352777778,6.6477,ja,"In the aftermath of the Fourth Impact, stranded without their Evangelions, Shinji, Asuka and Rei find refuge in one of the rare pockets of humanity that still exist on the ruined planet Earth. There, each lives a life far different from their days as an Evangelion pilot. However, the danger to the world is far from over. A new impact is looming on the horizon—one that will prove to be the true end of Evangelion.",9,movie_283566_Prime Video,movie_283566,1,TRUE
274854,The Last Witch Hunter,movie,Prime Video,9,2015,2015-10-21,"[28, 12, 14]",Action|Adventure|Fantasy,Action,6.016,3837,5.322433018,6.6211,en,"The modern world holds many secrets, but by far the most astounding is that witches still live among us; vicious supernatural creatures intent on unleashing the Black Death upon the world and putting an end to the human race once and for all. Armies of witch hunters have battled this unnatural enemy for centuries, including Kaulder, a valiant warrior who many years ago slayed the all-powerful Witch Queen, decimating her followers in the process. In the moments right before her death, the Queen cursed Kaulder with immortality, forever separating him from his beloved wife and daughter. Today, Kaulder is the last living hunter who has spent his immortal life tracking down rogue witches, all the while yearning for his long-lost family.",9,movie_274854_Prime Video,movie_274854,1,TRUE
339527,Solace,movie,Prime Video,9,2015,2015-09-03,"[53, 80, 9648]",Thriller|Crime|Mystery,Thriller,6.434,2370,5.313094077,6.6013,en,"A psychic doctor, John Clancy, works with an FBI special agent in search of a serial killer.",9,movie_339527_Prime Video,movie_339527,1,TRUE
966220,Sniper: The White Raven,movie,Prime Video,9,2022,2022-05-03,"[10752, 28, 18]",War|Action|Drama,War,7.657,893,4.908615219,6.5899,uk,"Mykola is an eccentric pacifist who wants to be useful to humanity. When the war begins in Donbas, Mykola’s naive world is collapsing as the militants kill his pregnant wife and burn his home to the ground. Recovered, he makes a cardinal decision and gets enlisted in a sniper company. Having met his wife’s killers, he emotionally breaks down and arranges “sniper terror” for the enemy.",9,movie_966220_Prime Video,movie_966220,1,TRUE
2322,Sneakers,movie,Prime Video,9,1992,1992-09-09,"[35, 80, 18]",Comedy|Crime|Drama,Comedy,6.914,1049,4.682237573,6.5682,en,"When shadowy U.S. intelligence agents blackmail a reformed computer hacker and his eccentric team of security experts into stealing a code-breaking 'black box' from a Soviet-funded genius, they uncover a bigger conspiracy. Now, he and his 'sneakers' must save themselves and the world economy by retrieving the box from their blackmailers.",9,movie_2322_Prime Video,movie_2322,1,TRUE
3176,Battle Royale,movie,Prime Video,9,2000,2000-12-16,"[18, 53, 28]",Drama|Thriller|Action,Drama,7.269,3802,6.424160391,6.552,ja,"In the future, the Japanese government captures a class of ninth-grade students and forces them to kill each other under the revolutionary ""Battle Royale"" act.",9,movie_3176_Prime Video,movie_3176,1,TRUE
770156,Lucy Shimmers and the Prince of Peace,movie,Prime Video,9,2020,2020-10-19,"[18, 10751]",Drama|Family,Drama,8.367,358,3.491125874,6.5198,en,Second chances start when a hardened criminal crosses paths with a precocious little girl who is helped by an angel to change hearts during the holiday season.,9,movie_770156_Prime Video,movie_770156,1,TRUE
334541,Manchester by the Sea,movie,Prime Video,9,2016,2016-11-17,[18],Drama,Drama,7.554,6391,7.005893774,6.4856,en,"After his older brother passes away, Lee Chandler is forced to return home to care for his 16-year-old nephew. There he is compelled to deal with a tragic past that separated him from his family and the community where he was born and raised.",9,movie_334541_Prime Video,movie_334541,1,TRUE
799882,The Bluff,movie,Prime Video,9,2026,2026-02-17,"[18, 28, 53]",Drama|Action|Thriller,Drama,6.5,110,1.172131148,6.4666,en,"When her tranquil life on a remote island is shattered by the return of her vengeful former captain, a skilled ex-pirate must confront her bloody past and unleash her deadly talents to save her family from a ruthless siege.",9,movie_799882_Prime Video,movie_799882,1,TRUE
1083612,The Boy in the Woods,movie,Prime Video,9,2023,2023-09-19,"[18, 10752, 36]",Drama|War|History,Drama,6.87,46,0.578791209,6.4554,en,"The remarkable true-life survival story of a Jewish boy hiding and being hunted in the forests of Nazi-occupied Eastern Europe, based on Maxwell Smart's memoir.",9,movie_1083612_Prime Video,movie_1083612,1,TRUE
1014590,Upgraded,movie,Prime Video,9,2024,2024-02-07,"[10749, 35]",Romance|Comedy,Romance,7.179,1004,4.792364362,6.428,en,"Ana is an ambitious intern dreaming of a career in the art world while trying to impress her demanding boss Claire. When she's upgraded to first class on a work trip, she meets handsome Will, and Ana pretends to be her boss– a white lie that sets off a glamorous chain of events, romance and opportunity, until her fib threatens to surface.",9,movie_1014590_Prime Video,movie_1014590,1,TRUE
622,The Ninth Gate,movie,Prime Video,9,1999,1999-08-25,"[9648, 53, 27]",Mystery|Thriller|Horror,Mystery,6.487,3334,5.641016693,6.4067,en,"A rare book dealer finds himself at the heart of a string of paranormal events when he is hired to find the last two copies of a text, The Nine Gates of the Kingdom of Shadows, capable of summoning the Devil.",9,movie_622_Prime Video,movie_622,1,TRUE
1830,Lord of War,movie,Prime Video,9,2005,2005-09-16,"[80, 18, 53]",Crime|Drama|Thriller,Crime,7.345,5316,6.71355227,6.3777,en,"Yuri Orlov is a globetrotting arms dealer and, through some of the deadliest war zones, he struggles to stay one step ahead of a relentless Interpol agent, his business rivals and even some of his customers who include many of the world's most notorious dictators. Finally, he must also face his own conscience.",9,movie_1830_Prime Video,movie_1830,1,TRUE
1522377,Two Worlds One Wish,movie,Prime Video,9,2025,2025-11-24,"[10749, 18]",Romance|Drama,Romance,7.348,46,0.619062271,6.3629,tr,"Twenty-one years after a magical meeting at a children's hospital, Bilge and Can suddenly begin hearing each other's voices telepathically. What seems like a miracle soon reveals a hidden secret, as fate-reuniting them after decades-has much more in store.",9,movie_1522377_Prime Video,movie_1522377,1,TRUE
379149,The Foreigner,movie,Prime Video,9,2017,2017-09-28,"[28, 53, 80]",Action|Thriller|Crime,Action,6.971,2916,5.950654567,6.3543,en,Quan is a humble London businessman whose long-buried past erupts in a revenge-fueled vendetta when the only person left for him to love – his teenage daughter – dies in an Irish Republican Army car bombing. His relentless search to find the terrorists leads to a cat-and-mouse conflict with a British government official whose own past may hold the clues to the identities of the elusive killers.,9,movie_379149_Prime Video,movie_379149,2,FALSE
901,City Lights,movie,Prime Video,9,1931,1931-02-06,"[35, 18, 10749]",Comedy|Drama|Romance,Comedy,8.251,2446,6.850626612,6.3305,en,A tramp falls in love with a beautiful blind flower girl. His on-and-off friendship with a wealthy man allows him to be the girl's benefactor and suitor.,9,movie_901_Prime Video,movie_901,2,FALSE
262543,Automata,movie,Prime Video,9,2014,2014-10-09,"[53, 878]",Thriller|Science Fiction,Thriller,5.881,1783,4.593001752,6.2997,en,"Jacq Vaucan, an insurance agent of ROC robotics corporation, routinely investigates the case of manipulating a robot. What he discovers will have profound consequences for the future of humanity.",10,movie_262543_Prime Video,movie_262543,1,TRUE
12572,"New York, I Love You",movie,Prime Video,9,2008,2008-09-06,"[35, 18, 10749]",Comedy|Drama|Romance,Comedy,5.941,596,3.230689781,6.2173,en,"New York, I Love You delves into the intimate lives of New Yorkers as they grapple with, delight in and search for love. Journey from the Diamond District in the heart of Manhattan, through Chinatown and the Upper East Side, towards the Village, into Tribeca, and Brooklyn as lovers of all ages try to find romance in the Big Apple.",10,movie_12572_Prime Video,movie_12572,1,TRUE
931102,Ride On,movie,Prime Video,9,2023,2023-04-07,"[28, 35, 18]",Action|Comedy|Drama,Action,7.205,409,3.241853685,6.2144,zh,A washed-up stuntman and his stunt horse become an overnight social media sensation when their real-life fight with debt collectors goes viral.,10,movie_931102_Prime Video,movie_931102,2,FALSE
388,Inside Man,movie,Prime Video,9,2006,2006-03-17,"[80, 18, 53]",Crime|Drama|Thriller,Crime,7.404,6329,6.861900132,6.2044,en,"When an armed, masked gang enter a Manhattan bank, lock the doors and take hostages, the detective assigned to effect their release enters negotiations preoccupied with corruption charges he is facing.",10,movie_388_Prime Video,movie_388,1,TRUE
9992,Arthur and the Invisibles,movie,Prime Video,9,2006,2006-12-13,"[12, 14, 16, 10751]",Adventure|Fantasy|Animation|Family,Adventure,6.386,3034,5.482491228,6.1959,fr,"Ten-year-old Arthur, in a bid to save his grandfather's house from being demolished, goes looking for some much-fabled hidden treasure in the land of the Minimoys, tiny people living in harmony with nature.",10,movie_9992_Prime Video,movie_9992,1,TRUE
17653,The Legend,movie,Prime Video,9,1993,1993-03-04,"[12, 28, 35]",Adventure|Action|Comedy,Adventure,7,181,1.860499266,6.1923,cn,"The secret Red Lotus Flower Society is committed to the overthrow of the evil Manchu Emperor and his minions. One of his Governors is sent on a mission to retrieve a list of members of that secret society. Meanwhile, Canton kung fu practitioner Fong Sai-Yuk falls in love with the beautiful daughter of a rich merchant.",10,movie_17653_Prime Video,movie_17653,1,TRUE
205584,Gods of Egypt,movie,Prime Video,9,2016,2016-02-25,"[28, 12, 14]",Action|Adventure|Fantasy,Action,5.692,4343,5.104347718,6.1769,en,A common thief joins a mythical god on a quest through Egypt.,10,movie_205584_Prime Video,movie_205584,2,FALSE
504056,Big Brother,movie,Prime Video,9,2018,2018-08-16,"[28, 18, 35]",Action|Drama|Comedy,Action,7.471,258,2.542899736,6.1469,zh,"A soldier-turned-high school teacher uses unusual methods to reach to a class of poor students, while dealing with a greedy entrepreneur and his gang of fighters as well as the government.",10,movie_504056_Prime Video,movie_504056,1,TRUE
8922,Jeepers Creepers,movie,Prime Video,9,2001,2001-07-01,[27],Horror,Horror,6.475,3266,5.615334572,6.1434,en,"On a desolate country highway, two homeward-bound teens are nearly run off the road by a maniac in a beat-up truck, and later spot him shoving what appears to be a body down a sewer pipe.",10,movie_8922_Prime Video,movie_8922,1,TRUE
76758,The Flowers of War,movie,Prime Video,9,2011,2011-12-15,"[18, 36, 10752]",Drama|History|War,Drama,7.425,901,4.775107066,6.1374,zh,"A Westerner finds refuge with a group of women in a church during Japan's rape of Nanking in 1937. Posing as a priest, he attempts to lead the women to safety.",10,movie_76758_Prime Video,movie_76758,1,TRUE
51608,The Man from Nowhere,movie,Prime Video,9,2010,2010-08-04,"[28, 53, 80]",Action|Thriller|Crime,Action,7.686,1481,5.746070671,6.1289,ko,A reclusive pawnshop owner goes on a brutal rampage to rescue a young girl kidnapped by a criminal organization.,10,movie_51608_Prime Video,movie_51608,2,FALSE
762,Monty Python and the Holy Grail,movie,Prime Video,9,1975,1975-04-03,"[12, 35, 14]",Adventure|Comedy|Fantasy,Adventure,7.803,6387,7.236497895,6.0843,en,"King Arthur, accompanied by his squire, recruits his Knights of the Round Table, including Sir Bedevere the Wise, Sir Lancelot the Brave, Sir Robin the Not-Quite-So-Brave-As-Sir-Lancelot and Sir Galahad the Pure. On the way, Arthur battles the Black Knight who, despite having had all his limbs chopped off, insists he can still fight. They reach Camelot, but Arthur decides not  to enter, as ""it is a silly place"".",10,movie_762_Prime Video,movie_762,2,FALSE
431693,Spies in Disguise,movie,Prime Video,9,2019,2019-12-04,"[16, 28, 12, 35, 10751]",Animation|Action|Adventure|Comedy|Family,Animation,7.556,2962,6.464723281,6.0472,en,"Super spy Lance Sterling and scientist Walter Beckett are almost exact opposites. Lance is smooth, suave and debonair. Walter is… not. But what Walter lacks in social skills he makes up for in smarts and invention, creating the awesome gadgets Lance uses on his epic missions. But when events take an unexpected turn, Walter and Lance suddenly have to rely on each other in a whole new way.",10,movie_431693_Prime Video,movie_431693,1,TRUE
138697,Don Jon,movie,Prime Video,9,2013,2013-09-12,"[10749, 35, 18]",Romance|Comedy|Drama,Romance,6.013,4563,5.419182105,5.9928,en,"A New Jersey guy dedicated to his family, friends, and church, develops unrealistic expectations from watching porn and works to find happiness and intimacy with his potential true love.",10,movie_138697_Prime Video,movie_138697,1,TRUE
1541,Thelma & Louise,movie,Prime Video,9,1991,1991-05-24,"[18, 80, 12]",Drama|Crime|Adventure,Drama,7.602,3848,6.727804968,5.9718,en,"Taking a break from their dreary lives, close friends Thelma and Louise embark on a short weekend trip that ends in unforeseen incriminating circumstances. As fugitives, both women rediscover the strength of their bond and their newfound resilience.",10,movie_1541_Prime Video,movie_1541,1,TRUE
678512,Sound of Freedom,movie,Prime Video,9,2023,2023-07-03,"[28, 18]",Action|Drama,Action,7.957,2740,6.729067901,5.9336,en,"The story of Tim Ballard, a former US government agent, who quits his job in order to devote his life to rescuing children from global sex traffickers.",10,movie_678512_Prime Video,movie_678512,1,TRUE
1635,The Island,movie,Prime Video,9,2005,2005-07-21,"[28, 53, 878]",Action|Thriller|Science Fiction,Action,6.694,5857,6.167493786,5.9222,en,"In 2019, Lincoln Six-Echo is a resident of a seemingly ""Utopian"" but contained facility. Like all of the inhabitants of this carefully-controlled environment, Lincoln hopes to be chosen to go to The Island — reportedly the last uncontaminated location on the planet. But Lincoln soon discovers that everything about his existence is a lie.",10,movie_1635_Prime Video,movie_1635,1,TRUE
491418,Instant Family,movie,Prime Video,9,2018,2018-11-13,"[35, 18]",Comedy|Drama,Comedy,7.497,3224,6.490421053,5.9205,en,"When Pete and Ellie decide to start a family, they stumble into the world of foster care adoption. They hope to take in one small child but when they meet three siblings, including a rebellious 15 year old girl, they find themselves speeding from zero to three kids overnight.",10,movie_491418_Prime Video,movie_491418,1,TRUE
153104,Wicked Minds,movie,Prime Video,9,2003,2003-03-01,"[9648, 18, 10749, 53, 10770]",Mystery|Drama|Romance|Thriller|TV Movie,Mystery,6.3,52,0.593478261,5.8906,en,Holden returns home from college and is surprised to find his overpowering competitive father married to a much younger woman Lana. Holden quickly falls for the beauty and charisma of his step mother. A passionate affair begins between son and stepmother.,10,movie_153104_Prime Video,movie_153104,1,TRUE
333371,10 Cloverfield Lane,movie,Prime Video,9,2016,2016-03-10,"[53, 878, 18, 27]",Thriller|Science Fiction|Drama|Horror,Thriller,7,8645,6.617277201,5.8584,en,"After a catastrophic car crash, a young woman wakes up in a survivalist's underground bunker, where he claims to have saved her from an apocalyptic attack that has left the outside world uninhabitable.",10,movie_333371_Prime Video,movie_333371,1,TRUE
76479,The Boys,tv,Prime Video,9,2019,2019-07-25,"[10765, 10759]",Sci-Fi & Fantasy|Action & Adventure,Sci-Fi & Fantasy,8.457,12340,8.12767757,691.4885,en,A group of vigilantes known informally as “The Boys” set out to take down corrupt superheroes with no more than blue-collar grit and a willingness to fight dirty.,1,tv_76479_Prime Video,tv_76479,1,TRUE
1622,Supernatural,tv,Prime Video,9,2005,2005-09-13,"[18, 9648, 10765]",Drama|Mystery|Sci-Fi & Fantasy,Drama,8.3,8399,7.833655467,279.5958,en,"When they were boys, Sam and Dean Winchester lost their mother to a mysterious and demonic supernatural force. Subsequently, their father raised them to be soldiers. He taught them about the paranormal evil that lives in the dark corners and on the back roads of America ... and he taught them how to kill it. Now, the Winchester brothers crisscross the country in their '67 Chevy Impala, battling every kind of supernatural threat they encounter along the way. ",1,tv_1622_Prime Video,tv_1622,2,FALSE
1408,House,tv,Prime Video,9,2004,2004-11-16,[18],Drama,Drama,8.567,7552,8.035020368,171.8981,en,"Dr. Gregory House, a drug-addicted, unconventional, misanthropic medical genius, leads a team of diagnosticians at the fictional Princeton–Plainsboro Teaching Hospital in New Jersey.",1,tv_1408_Prime Video,tv_1408,2,FALSE
1911,Bones,tv,Prime Video,9,2005,2005-09-13,"[80, 18]",Crime|Drama,Crime,8.189,3475,7.158937107,160.21,en,"Dr. Temperance Brennan and her colleagues at the Jeffersonian's Medico-Legal Lab assist Special Agent Seeley Booth with murder investigations when the remains are so badly decomposed, burned or destroyed that the standard identification methods are useless.",1,tv_1911_Prime Video,tv_1911,3,FALSE
4057,Criminal Minds,tv,Prime Video,9,2005,2005-09-22,"[80, 18, 9648]",Crime|Drama|Mystery,Crime,8.299,4059,7.388822329,143.1492,en,"An elite team of FBI profilers analyze the country's most twisted criminal minds, anticipating their next moves before they strike again. The Behavioral Analysis Unit's most experienced agent is David Rossi, a founding member of the BAU who returns to help the team solve new cases.",1,tv_4057_Prime Video,tv_4057,2,FALSE
273240,Off Campus,tv,Prime Video,9,2026,2026-05-13,[18],Drama,Drama,8.6,38,0.607434944,124.0878,en,"Hannah Wells tutors hockey captain Garrett Graham to win over her crush. Their deal becomes real connection as they face their pasts. Friends Logan, Dean, Tucker, and Allie navigate college life and love.",1,tv_273240_Prime Video,tv_273240,1,TRUE
95557,INVINCIBLE,tv,Prime Video,9,2021,2021-03-25,"[16, 18, 10765, 10759]",Animation|Drama|Sci-Fi & Fantasy|Action & Adventure,Animation,8.63,5743,7.938825885,121.1473,en,"Mark Grayson is a normal teenager except for the fact that his father is the most powerful superhero on the planet. Shortly after his seventeenth birthday, Mark begins to develop powers of his own and enters into his father's tutelage.",1,tv_95557_Prime Video,tv_95557,1,TRUE
873,Columbo,tv,Prime Video,9,1971,1971-09-15,"[80, 18, 9648]",Crime|Drama|Mystery,Crime,8.1,819,5.029492039,106.5055,en,"Columbo is a friendly, verbose, disheveled-looking police detective who is consistently underestimated by his suspects. Despite his unprepossessing appearance and apparent absentmindedness, he shrewdly solves all of his cases and secures all evidence needed for indictment. His formidable eye for detail and meticulously dedicated approach often become clear to the killer only late in the storyline.",1,tv_873_Prime Video,tv_873,2,FALSE
4629,Stargate SG-1,tv,Prime Video,9,1997,1997-07-27,"[10765, 10759]",Sci-Fi & Fantasy|Action & Adventure,Sci-Fi & Fantasy,8.272,1804,6.476861111,100.4969,en,"The story of Stargate SG-1 begins about a year after the events of the feature film, when the United States government learns that an ancient alien device called the Stargate can access a network of such devices on a multitude of planets. SG-1 is an elite Air Force special operations team, one of more than two dozen teams from Earth who explore the galaxy and defend against alien threats such as the Goa'uld, Replicators, and the Ori.",1,tv_4629_Prime Video,tv_4629,2,FALSE
58841,Chicago P.D.,tv,Prime Video,9,2014,2014-01-08,"[80, 18]",Crime|Drama,Crime,8.416,2576,7.047989597,96.5429,en,"A riveting police drama about the men and women of the Chicago Police Department's District 21 who put it all on the line to serve and protect their community. District 21 is made up of two distinctly different groups: the uniformed cops who patrol the beat and go head-to-head with the city's street crimes and the Intelligence Unit that combats the city's major offenses - organized crime, drug trafficking, high profile murders and beyond.",1,tv_58841_Prime Video,tv_58841,2,FALSE
693,Desperate Housewives,tv,Prime Video,9,2004,2004-10-03,"[9648, 18, 35]",Mystery|Drama|Comedy,Mystery,7.899,2062,6.357430913,95.565,en,"Looking down on her friends and family isn't a way of life for Mary Alice Young... it's a way of death. One day, in her perfect house, in the loveliest of suburbs, Mary Alice ended it all. Now she's taking us into the lives of her family, friends and neighbors, commenting from her elevated P.O.V.",1,tv_693_Prime Video,tv_693,2,FALSE
1419,Castle,tv,Prime Video,9,2009,2009-03-09,"[18, 80]",Drama|Crime,Drama,7.973,2080,6.427844961,95.538,en,"After a serial killer imitates the plots of his novels, successful mystery novelist Richard ""Rick"" Castle receives permission from the Mayor of New York City to tag along with an NYPD homicide investigation team for research purposes.",1,tv_1419_Prime Video,tv_1419,2,FALSE
1411,Person of Interest,tv,Prime Video,9,2011,2011-09-22,"[18, 10759, 80, 10765]",Drama|Action & Adventure|Crime|Sci-Fi & Fantasy,Drama,8.1,2022,6.494131642,87.0405,en,"John Reese, former CIA paramilitary operative, is presumed dead and teams up with reclusive billionaire Finch to prevent violent crimes in New York City by initiating their own type of justice. With the special training that Reese has had in Covert Operations and Finch's genius software inventing mind, the two are a perfect match for the job that they have to complete. With the help of surveillance equipment, they work ""outside the law"" and get the right criminal behind bars. ",1,tv_1411_Prime Video,tv_1411,1,TRUE
39351,Grimm,tv,Prime Video,9,2011,2011-10-28,"[18, 9648, 10765]",Drama|Mystery|Sci-Fi & Fantasy,Drama,8.265,3507,7.23367981,86.7326,en,"After Portland homicide detective Nick Burkhardt discovers he's descended from an elite line of criminal profilers known as ""Grimms,"" he increasingly finds his responsibilities as a detective at odds with his new responsibilities as a Grimm.",1,tv_39351_Prime Video,tv_39351,2,FALSE
57532,PAW Patrol,tv,Prime Video,9,2013,2013-08-12,"[16, 10762]",Animation|Kids,Animation,6.986,807,4.313467483,82.544,en,"Marshall, Rocky, Rubble, Zuma and Skye are doing their best to protect the people of their town. Led by Ryder, a tech-savvy 10-year-old boy, each of them is equipped with special equipment and together they help anyone who finds themselves in trouble. No task is too big for them and no puppy is too small.",1,tv_57532_Prime Video,tv_57532,2,FALSE
108978,Reacher,tv,Prime Video,9,2022,2022-02-03,"[10759, 18, 80]",Action & Adventure|Drama|Crime,Action & Adventure,8.071,2811,6.852183932,80.6777,en,"Jack Reacher, a veteran military police investigator, has just recently entered civilian life. Reacher is a drifter, carrying no phone and the barest of essentials as he travels the country and explores the nation he once served.",1,tv_108978_Prime Video,tv_108978,1,TRUE
1695,Monk,tv,Prime Video,9,2002,2002-07-12,"[18, 35, 80, 9648]",Drama|Comedy|Crime|Mystery,Drama,7.946,1238,5.660039125,78.1447,en,"Adrian Monk was once a rising star with the San Francisco Police Department, legendary for using unconventional means to solve the department's most baffling cases. But after the tragic (and still unsolved) murder of his wife Trudy, he developed an extreme case of obsessive-compulsive disorder. Now working as a private consultant, Monk continues to investigate cases in the most unconventional ways.",1,tv_1695_Prime Video,tv_1695,1,TRUE
2661,Kamen Rider,tv,Prime Video,9,1971,1971-04-03,"[10759, 10765, 18]",Action & Adventure|Sci-Fi & Fantasy|Drama,Action & Adventure,6.389,99,1.055944908,75.1419,ja,"Takeshi Hongo is a promising young man with a passion for motorcycle racing. However, his dreams are suddenly ruined when he gets kidnapped by Shocker, the evil secret organization planning to dominate the world. After being remodeled into a cyborg, Takeshi escapes and swears to protect the world from the inhuman monsters.",1,tv_2661_Prime Video,tv_2661,1,TRUE
1413,American Horror Story,tv,Prime Video,9,2011,2011-10-05,"[18, 9648, 10765]",Drama|Mystery|Sci-Fi & Fantasy,Drama,8.084,6021,7.464156418,70.5514,en,"An anthology horror drama series centering on different characters and locations, including a house with a murderous past, an asylum, a witch coven, a freak show, a hotel, a farmhouse in Roanoke, a cult, the apocalypse and a summer camp.",1,tv_1413_Prime Video,tv_1413,2,FALSE
34524,Teen Wolf,tv,Prime Video,9,2011,2011-06-05,"[10765, 18, 35]",Sci-Fi & Fantasy|Drama|Comedy,Sci-Fi & Fantasy,8.45,4698,7.63718738,67.1579,en,"Scott McCall, a high school student living in the town of Beacon Hills has his life drastically changed when he's bitten by a werewolf, becoming one himself. He must henceforth learn to balance his problematic new identity with his day-to-day teenage life. The following characters are instrumental to his struggle: Stiles, his best friend; Allison, his love interest who comes from a family of werewolf hunters; and Derek, a mysterious werewolf with a dark past. Throughout the series, he strives to keep his loved ones safe while maintaining normal relationships with them.",1,tv_34524_Prime Video,tv_34524,2,FALSE
90,Mayday,tv,Prime Video,9,2003,2003-09-03,"[99, 18, 80]",Documentary|Drama|Crime,Documentary,8.2,281,2.950320102,66.9268,en,"Major real-life air disasters are depicted in this series. Each episode features a detailed dramatized reconstruction of the incident based on cockpit voice recorders and air traffic control transcripts, as well as eyewitnesses recounts and interviews with aviation experts.",2,tv_90_Prime Video,tv_90,2,FALSE
71026,Super Wings,tv,Prime Video,9,2014,2014-09-01,"[16, 10762]",Animation|Kids,Animation,6.4,19,0.234296724,66.8903,ko,"An action-packed preschool series about an adorable jet plane named Jett who travels the world delivering packages to children. On every delivery, Jett encounters a new problem that the he and his friends the Super Wings must work together to solve!",2,tv_71026_Prime Video,tv_71026,1,TRUE
114922,Citadel,tv,Prime Video,9,2023,2023-04-27,"[18, 80, 10759]",Drama|Crime|Action & Adventure,Drama,6.847,511,3.460748764,66.2675,en,"What if you lost your memory? What if a spy didn't know they were a spy? Years ago, the top agents of Citadel, Mason Kane and Nadia Sinh, had their minds wiped. But, they're called back to action as sinister forces emerge from the past. With the help of spymaster Bernard Orlick, these former lovers must remember the past to save the future.",2,tv_114922_Prime Video,tv_114922,1,TRUE
12225,Peppa Pig,tv,Prime Video,9,2004,2004-05-31,"[16, 10762]",Animation|Kids,Animation,6.6,745,3.94939759,65.1593,en,"Peppa Pig is an energetic piggy who lives with Mummy, Daddy, and little brother George. She loves to jump in mud puddles and make loud snorting noises.",2,tv_12225_Prime Video,tv_12225,2,FALSE
32692,Blue Bloods,tv,Prime Video,9,2010,2010-09-24,"[80, 18]",Crime|Drama,Crime,7.783,994,5.178247657,64.4841,en,"A drama about a multi-generational family of cops dedicated to New York City law enforcement. Frank Reagan is the New York Police Commissioner and heads both the police force and the Reagan brood. He runs his department as diplomatically as he runs his family, even when dealing with the politics that plagued his unapologetically bold father, Henry, during his stint as Chief.",2,tv_32692_Prime Video,tv_32692,2,FALSE
71915,Good Omens,tv,Prime Video,9,2019,2019-05-31,"[35, 18, 10765]",Comedy|Drama|Sci-Fi & Fantasy,Comedy,8.021,2290,6.583544803,60.8429,en,"Aziraphale and Crowley, of Heaven and Hell respectively, have grown rather fond of the Earth. So it's terrible news that it's about to end. The armies of Good and Evil are amassing. The Four Horsemen are ready to ride. Everything is going according to the Divine Plan...except that someone seems to have misplaced the Antichrist. Can our heroes find him and stop Armageddon before it's too late?",2,tv_71915_Prime Video,tv_71915,1,TRUE
46260,Naruto,tv,Prime Video,9,2002,2002-10-03,"[16, 10759, 10765]",Animation|Action & Adventure|Sci-Fi & Fantasy,Animation,8.364,5963,7.716932075,58.7685,ja,"Naruto Uzumaki, a mischievous adolescent ninja, struggles as he searches for recognition and dreams of becoming the Hokage, the village's leader and strongest ninja.",2,tv_46260_Prime Video,tv_46260,4,FALSE
45790,JoJo's Bizarre Adventure,tv,Prime Video,9,2012,2012-10-06,"[16, 10759, 10765]",Animation|Action & Adventure|Sci-Fi & Fantasy,Animation,8.556,1582,6.501244957,57.1852,ja,"Follow the intergenerational feud between the Joestar Family and various forces of evil, the most prominent of which is Dio Brando and his followers.",2,tv_45790_Prime Video,tv_45790,4,FALSE
1981,Charmed,tv,Prime Video,9,1998,1998-10-07,"[35, 18, 9648, 10765]",Comedy|Drama|Mystery|Sci-Fi & Fantasy,Comedy,8.163,2502,6.803406396,56.9385,en,"Three sisters (Prue, Piper and Phoebe) reunite and unlock their powers to become the Charmed Ones, the most powerful good witches of all time, whose prophesied destiny is to protect innocent lives from evil beings such as demons and warlocks. Each sister possesses unique magical powers that grow and evolve, while they attempt to maintain normal lives in modern day San Francisco. ",2,tv_1981_Prime Video,tv_1981,2,FALSE
1415,Elementary,tv,Prime Video,9,2012,2012-09-27,"[18, 9648, 80]",Drama|Mystery|Crime,Drama,7.625,1821,5.982389056,56.8032,en,"A modern-day drama about a crime-solving duo that cracks the NYPD's most impossible cases. Following his fall from grace in London and a stint in rehab, eccentric Sherlock escapes to Manhattan where his wealthy father forces him to live with his worst nightmare - a sober companion, Dr. Watson.",2,tv_1415_Prime Video,tv_1415,2,FALSE
46298,Hunter x Hunter,tv,Prime Video,9,2011,2011-10-02,"[16, 10759, 10765]",Animation|Action & Adventure|Sci-Fi & Fantasy,Animation,8.7,2084,7.016563467,56.2818,ja,"Gon, a young boy who lives on Whale Island, dreams of becoming a Hunter like his father, who left when Gon was still young.",2,tv_46298_Prime Video,tv_46298,4,FALSE
63639,The Expanse,tv,Prime Video,9,2015,2015-12-14,"[18, 9648, 10765]",Drama|Mystery|Sci-Fi & Fantasy,Drama,8.064,2791,6.838840474,53.6199,en,A thriller set two hundred years in the future following the case of a missing young woman who brings a hardened detective and a rogue ship's captain together in a race across the solar system to expose the greatest conspiracy in human history.,2,tv_63639_Prime Video,tv_63639,1,TRUE
1447,Psych,tv,Prime Video,9,2006,2006-07-07,"[18, 35, 80]",Drama|Comedy|Crime,Drama,7.902,972,5.217896739,53.4805,en,"Thanks to his police officer father's efforts, Shawn Spencer spent his childhood developing a keen eye for detail (and a lasting dislike of his dad). Years later, Shawn's frequent tips to the police lead to him being falsely accused of a crime he solved.

Now, Shawn has no choice but to use his abilities to perpetuate his cover story: psychic crime-solving powers, all the while dragging his best friend, his dad, and the police along for the ride.",2,tv_1447_Prime Video,tv_1447,2,FALSE
4177,Perry Mason,tv,Prime Video,9,1957,1957-09-21,"[9648, 18, 80]",Mystery|Drama|Crime,Mystery,7.726,135,1.642535433,53.306,en,The cases of master criminal defense attorney Perry Mason and his staff who handled the most difficult of cases in the aid of the innocent.,2,tv_4177_Prime Video,tv_4177,1,TRUE
60585,Bosch,tv,Prime Video,9,2015,2015-01-14,"[9648, 18, 80]",Mystery|Drama|Crime,Mystery,7.922,714,4.65923229,51.9497,en,"Harry Bosch, an LAPD homicide detective, stands trial for the fatal shooting of a serial murder suspect. A cold case involving the remains of a missing boy forces Bosch to confront his past. As daring recruit Julia Brasher catches his eye and departmental politics heat up, Bosch will pursue justice at all costs.",2,tv_60585_Prime Video,tv_60585,1,TRUE
75191,The Terror,tv,Prime Video,9,2018,2018-03-26,"[9648, 18, 10765]",Mystery|Drama|Sci-Fi & Fantasy,Mystery,7.353,973,4.85707332,51.9022,en,A chilling anthology series featuring stories of people in terrifying situations inspired by true historical events.,2,tv_75191_Prime Video,tv_75191,1,TRUE
85077,The Chosen,tv,Prime Video,9,2019,2019-04-21,"[10759, 10751, 18]",Action & Adventure|Family|Drama,Action & Adventure,8.699,846,5.467573551,51.8293,en,The life of Christ through the eyes of those who encountered him.,2,tv_85077_Prime Video,tv_85077,1,TRUE
66025,Animal Kingdom,tv,Prime Video,9,2016,2016-06-14,"[80, 18]",Crime|Drama,Crime,7.741,532,3.990515504,50.806,en,"17-year-old Joshua ""J"" Cody moves in with his freewheeling relatives in their Southern California beach town after his mother dies of a heroin overdose. Headed by boot-tough matriarch Janine ""Smurf"" Cody and her right-hand Baz, who runs the business and calls the shots, the clan also consists of Pope, the oldest and most dangerous of the Cody boys; Craig, the tough and fearless middle son; and Deran, the troubled, suspicious ""baby"" of the family.",2,tv_66025_Prime Video,tv_66025,2,FALSE
3452,Frasier,tv,Prime Video,9,1993,1993-09-16,"[35, 10751]",Comedy|Family,Comedy,7.692,873,4.890834669,49.6431,en,"After many years spent at the “Cheers” bar, Frasier moves back home to Seattle to work as a radio psychiatrist after his policeman father gets shot in the hip on duty.",2,tv_3452_Prime Video,tv_3452,2,FALSE
484,"Murder, She Wrote",tv,Prime Video,9,1984,1984-09-30,"[9648, 80, 18]",Mystery|Crime|Drama,Mystery,7.521,438,3.511938166,48.169,en,An unassuming mystery writer turned sleuth uses her professional insight to help solve real-life homicide cases.,2,tv_484_Prime Video,tv_484,1,TRUE
4376,JAG,tv,Prime Video,9,1995,1995-09-23,"[18, 10759, 80]",Drama|Action & Adventure|Crime,Drama,7.27,385,3.162655367,47.0295,en,"Harmon ""Harm"" Rabb Jr. is a former pilot turned lawyer working for the military's JAG (Judge Advocate General) division, the elite legal wing of officers that prosecutes and defends those accused of military-related crimes. He works closely with Lt. Col. Sarah Mackenzie, and together they do what needs to be done to find the truth.",3,tv_4376_Prime Video,tv_4376,1,TRUE
72517,Classroom of the Elite,tv,Prime Video,9,2017,2017-07-12,"[16, 18, 9648]",Animation|Drama|Mystery,Animation,8.4,799,5.166743649,46.3272,ja,"Kiyotaka Ayanokouji enrolls at the prestigious Tokyo Koudo Ikusei Academy, but is assigned to Class 1-D, where students with behavioral problems are housed. The school awards points equivalent to 100,000 yen per month and allows unusual freedom in classes, masking a more complex system.",3,tv_72517_Prime Video,tv_72517,1,TRUE
1018,Bonanza,tv,Prime Video,9,1959,1959-09-12,"[37, 10759, 18, 10751]",Western|Action & Adventure|Drama|Family,Western,7.5,475,3.653846154,45.7788,en,The High-Sierra adventures of Ben Cartwright and his sons as they run and defend their ranch while helping the surrounding community.,3,tv_1018_Prime Video,tv_1018,1,TRUE
2352,The Nanny,tv,Prime Video,9,1993,1993-11-03,"[35, 10751]",Comedy|Family,Comedy,8.06,1278,5.793408324,45.2315,en,"That flashy girl from Flushing with the heart of an angel (and the voice of a slighty more nasal angel). The comic misadventures of the sweet and sassy Fran Fine, her sophisticated employer, Broadway producer Mr. Sheffield, his boisterous brood and his wisecracking staff.",3,tv_2352_Prime Video,tv_2352,2,FALSE
2290,Stargate Atlantis,tv,Prime Video,9,2004,2004-07-15,"[10765, 10759, 18]",Sci-Fi & Fantasy|Action & Adventure|Drama,Sci-Fi & Fantasy,8.021,1157,5.60066204,44.1342,en,"With the Ancients' city of Atlantis discovered in the Pegasus Galaxy by Stargate Command, Dr. Elizabeth Weir and Major Sheppard lead a scientific expedition to the ancient abandoned city. Once there, the team not only find themselves unable to contact Earth, but their explorations unexpectedly reawaken the Ancients' deadly enemies, The Wraith, who hunger for this new prey. Now with the help of newfound local allies like Teyla Emmagan, the Atlantis Team sets about to uncover their new home's secrets even as their war of survival against the Wraith begins.",3,tv_2290_Prime Video,tv_2290,1,TRUE
73375,Tom Clancy's Jack Ryan,tv,Prime Video,9,2018,2018-08-30,"[10759, 18]",Action & Adventure|Drama,Action & Adventure,7.677,1774,5.989005277,43.635,en,"When CIA analyst Jack Ryan stumbles upon a suspicious series of bank transfers his search for answers pulls him from the safety of his desk job and catapults him into a deadly game of cat and mouse throughout Europe and the Middle East, with a rising terrorist figurehead preparing for a massive attack against the US and her allies.",3,tv_73375_Prime Video,tv_73375,1,TRUE
21728,The Alfred Hitchcock Hour,tv,Prime Video,9,1962,1962-09-20,"[80, 9648, 18]",Crime|Mystery|Drama,Crime,7.829,79,1.068205527,43.5513,en,"A continuation of the anthology series “Alfred Hitchcock Presents”, hosted by the master of suspense and featuring thrillers and mysteries.",3,tv_21728_Prime Video,tv_21728,2,FALSE
46896,The Originals,tv,Prime Video,9,2013,2013-10-03,"[10765, 18, 9648]",Sci-Fi & Fantasy|Drama|Mystery,Sci-Fi & Fantasy,8.584,3572,7.529972495,43.2548,en,"The Vampire Diaries spin-off that follows the Mikaelsons, a family of millennia-old, power-hungry vampires who want to reclaim the city they built, New Orleans, and dominate all those who have wronged them.",3,tv_46896_Prime Video,tv_46896,1,TRUE
1667,Saturday Night Live,tv,Prime Video,9,1975,1975-10-11,"[35, 10763]",Comedy|News,Comedy,7,495,3.48241206,43.0443,en,"A late-night live television sketch comedy and variety show created by Lorne Michaels. The show's comedy sketches, which parody contemporary culture and politics, are performed by a large and varying cast of repertory and newer cast members. Each episode is hosted by a celebrity guest, who usually delivers an opening monologue and performs in sketches with the cast, and features performances by a musical guest.",3,tv_1667_Prime Video,tv_1667,2,FALSE
2098,Batman: The Animated Series,tv,Prime Video,9,1992,1992-09-05,"[10759, 16, 18, 9648]",Action & Adventure|Animation|Drama|Mystery,Action & Adventure,8.6,1813,6.740942499,42.114,en,"Vowing to avenge the murder of his parents, Bruce Wayne devotes his life to wiping out crime in Gotham City as the masked vigilante ""Batman"".",3,tv_2098_Prime Video,tv_2098,2,FALSE
245318,Margo's Got Money Troubles,tv,Prime Video,9,2026,2026-04-14,"[18, 35]",Drama|Comedy,Drama,7.98,51,0.73862069,42.0629,en,"The daughter of a former Hooter's waitress and an ex-pro wrestler, Margo is a recent college dropout and aspiring writer. Faced with a new baby, mounting pile of bills, and dwindling number of ways to pay them, Margo must find a way forward.",3,tv_245318_Prime Video,tv_245318,1,TRUE
194766,The Summer I Turned Pretty,tv,Prime Video,9,2022,2022-06-16,[18],Drama,Drama,8.1,1061,5.505509289,41.2902,en,"Every summer, Belly and her family head to the Fishers’ beach house in Cousins. Every summer is the same ... until Belly turns sixteen. Relationships will be tested, painful truths will be revealed, and Belly will be forever changed. It’s a summer of first love, first heartbreak and growing up — it's the summer she turns pretty.",3,tv_194766_Prime Video,tv_194766,1,TRUE
212989,LEGO Ninjago: Dragons Rising,tv,Prime Video,9,2023,2023-06-01,"[16, 10762, 10759]",Animation|Kids|Action & Adventure,Animation,8.103,97,1.316567839,40.0799,en,"A phenomenon known as the Merge has caused many legendary realms to suddenly combine into one, but their union is unstable. A Spinjitzu Ninja Master must train a new generation of heroes to help find Elemental Dragons who can save the planet before the forces of evil use the same dragon energy to destroy this new world.",3,tv_212989_Prime Video,tv_212989,3,FALSE
2171,Cold Case,tv,Prime Video,9,2003,2003-09-28,"[80, 18, 9648]",Crime|Drama|Mystery,Crime,7.765,432,3.599227468,40.0267,en,The Philadelphia homicide squad's lone female detective finds her calling when she is assigned cases that have never been solved. Detective Lilly Rush combines her natural instincts with the updated technology available today to bring about justice for all the victims she can.,3,tv_2171_Prime Video,tv_2171,2,FALSE
33907,Downton Abbey,tv,Prime Video,9,2010,2010-09-26,[18],Drama,Drama,8.127,1185,5.7154273,39.846,en,"A chronicle of the lives of the aristocratic Crawley family and their servants in the post-Edwardian era—with great events in history having an effect on their lives and on the British social hierarchy.

",3,tv_33907_Prime Video,tv_33907,2,FALSE
4239,Married... with Children,tv,Prime Video,9,1987,1987-04-05,[35],Comedy,Comedy,7.734,1185,5.43904451,39.5605,en,"Al Bundy is an unsuccessful middle aged shoe salesman with a miserable life and an equally dysfunctional family. He hates his job, his wife is lazy, his son is dysfunctional (especially with women), and his daughter is dim-witted and promiscuous.",3,tv_4239_Prime Video,tv_4239,1,TRUE
31572,Lupin the 3rd,tv,Prime Video,9,1971,1971-10-24,"[16, 10759, 10765]",Animation|Action & Adventure|Sci-Fi & Fantasy,Animation,8,126,1.610223642,38.8332,ja,"Follow the exciting adventures of Arsene Lupin III, the grandson of the world's greatest thief, Arsene Lupin. Together with Daisuke Jigen, Goemon Ishikawa and his love interest Fujiko Mine, he carries out the greatest robberies of all time, all the while evading the control of Inspector Koichi Zenigata.",3,tv_31572_Prime Video,tv_31572,1,TRUE
241609,Your Friends & Neighbors,tv,Prime Video,9,2025,2025-04-10,"[18, 80]",Drama|Crime,Drama,7.613,216,2.296659218,38.5897,en,"When a financial titan suddenly finds himself divorced and jobless, he starts robbing his wealthy neighbors to stay afloat. Stealing from his own social circle strangely exhilarates him—but he gradually gets tangled in a deadly web.",3,tv_241609_Prime Video,tv_241609,1,TRUE
1422,The Middle,tv,Prime Video,9,2009,2009-09-30,[35],Comedy,Comedy,7.6,736,4.525566343,38.5129,en,"The daily mishaps of a married woman and her semi-dysfunctional family and their attempts to survive life in general in the city of Orson, Indiana.",3,tv_1422_Prime Video,tv_1422,2,FALSE
116799,The Lincoln Lawyer,tv,Prime Video,9,2022,2022-05-13,"[18, 80]",Drama|Crime,Drama,7.706,496,3.837526104,38.2479,en,Hotshot LA defense attorney Mickey Haller will do whatever it takes to win as he navigates the criminal justice system from his trademark Lincoln.,3,tv_116799_Prime Video,tv_116799,2,FALSE
39185,Vera,tv,Prime Video,9,2011,2011-05-01,"[80, 18, 9648]",Crime|Drama|Mystery,Crime,7.403,170,1.878373134,37.4507,en,"A sharp detective with a messy life, DCI Vera Stanhope patrols her “patch” of northeast England, pursuing the truth in cases of murder, kidnapping, and blackmail. Vera is obsessive about her work and faces the world with caustic wit, guile and courage.",4,tv_39185_Prime Video,tv_39185,1,TRUE
33765,My Little Pony: Friendship Is Magic,tv,Prime Video,9,2010,2010-10-10,"[16, 35, 10765, 10762]",Animation|Comedy|Sci-Fi & Fantasy|Kids,Animation,8.156,722,4.818847791,37.3906,en,"Journey to the enchanted land of Equestria, where unicorn Twilight Sparkle and her pals have adventures and learn valuable lessons about friendship.",4,tv_33765_Prime Video,tv_33765,2,FALSE
62852,Billions,tv,Prime Video,9,2016,2016-01-17,[18],Drama,Drama,7.7,1019,5.165437788,37.2007,en,"Shrewd, savvy U.S. Attorney Chuck Rhoades and the brilliant, ambitious hedge fund king Bobby ""Axe"" Axelrod are on an explosive collision course, with each using all of his considerable smarts, power and influence to outmaneuver the other. The stakes are in the billions in this timely, provocative series.",4,tv_62852_Prime Video,tv_62852,1,TRUE
205715,Gen V,tv,Prime Video,9,2023,2023-09-28,"[10759, 18, 10765]",Action & Adventure|Drama|Sci-Fi & Fantasy,Action & Adventure,7.661,1445,5.69159126,36.9392,en,"At America's only college for superheroes, gifted students put their moral boundaries to the test, competing for the university's top ranking, and a chance to join The Seven, Vought International's elite superhero team. When the school's dark secrets come to light, they must decide what kind of heroes they want to become.",4,tv_205715_Prime Video,tv_205715,1,TRUE
4608,30 Rock,tv,Prime Video,9,2006,2006-10-11,[35],Comedy,Comedy,7.5,791,4.595274981,36.6147,en,"Liz Lemon, the head writer for a late-night TV variety show in New York, tries to juggle all the egos around her while chasing her own dream.",4,tv_4608_Prime Video,tv_4608,3,FALSE
186,Weeds,tv,Prime Video,9,2005,2005-08-07,"[35, 80, 18]",Comedy|Crime|Drama,Comedy,7.479,982,4.955720648,36.2279,en,"After the unexpected death of her husband, a suburban mom resorts to selling weed to support her family.",4,tv_186_Prime Video,tv_186,1,TRUE
62286,Fear the Walking Dead,tv,Prime Video,9,2015,2015-08-23,"[10759, 18]",Action & Adventure|Drama,Action & Adventure,7.623,5157,6.949232986,35.7203,en,"What did the world look like as it was transforming into the horrifying apocalypse depicted in ""The Walking Dead""? This spin-off set in Los Angeles, following new characters as they face the beginning of the end of the world, will answer that question.",4,tv_62286_Prime Video,tv_62286,2,FALSE
1781,Little House on the Prairie,tv,Prime Video,9,1974,1974-09-11,"[37, 18, 10751]",Western|Drama|Family,Western,7.928,982,5.253236167,34.9865,en,"When the big woods of Wisconsin becomes a difficult spot for hunting, Charles Ingalls reluctantly decides to move his family, pioneering west. Their life on the farm in Walnut Grove, Minnesota, in the 1870s and 1880s is full of adventure, tragedy, and triumph. Based on the books of Laura Ingalls Wilder.",4,tv_1781_Prime Video,tv_1781,2,FALSE
40008,Hannibal,tv,Prime Video,9,2013,2013-04-04,"[18, 80]",Drama|Crime,Drama,8.3,2880,7.072189349,34.9766,en,"Both a gift and a curse, Graham has the extraordinary ability to think like his prey—he sees what they see, feels what they feel. But while Graham is pursuing an especially troubling, cannibalistic murderer, Special Agent Jack Crawford teams him with a highly respected psychiatrist – a man with a taste for the criminal minded – Dr. Hannibal Lecter.",4,tv_40008_Prime Video,tv_40008,1,TRUE
1950,Everwood,tv,Prime Video,9,2002,2002-09-16,"[18, 10751]",Drama|Family,Drama,7.587,219,2.310922114,34.9418,en,"After the death of his wife, world-class neurosurgeon Dr. Andrew Brown leaves Manhattan and moves his family to the small town of Everwood, Colorado. There he becomes a small-town doctor and learns parenting on the fly as he raises his talented but resentful 15-year-old son Ephram and his 9-year-old daughter Delia.",4,tv_1950_Prime Video,tv_1950,1,TRUE
84773,The Lord of the Rings: The Rings of Power,tv,Prime Video,9,2022,2022-09-01,"[10759, 10765, 18]",Action & Adventure|Sci-Fi & Fantasy|Drama,Action & Adventure,7.237,3684,6.372157744,34.903,en,"Beginning in a time of relative peace, we follow an ensemble cast of characters as they confront the re-emergence of evil to Middle-earth. From the darkest depths of the Misty Mountains, to the majestic forests of Lindon, to the breathtaking island kingdom of Númenor, to the furthest reaches of the map, these kingdoms and characters will carve out legacies that live on long after they are gone.",4,tv_84773_Prime Video,tv_84773,1,TRUE
5368,Lassie,tv,Prime Video,9,1954,1954-09-12,"[10759, 18, 10751, 35]",Action & Adventure|Drama|Family|Comedy,Action & Adventure,6.236,70,0.765824561,34.8922,en,"Lassie is the pet of Jeff Miller, an 11-year-old farm boy. The two become best friends and enjoy family adventures in the American countryside, teaching each other about love, nature and commitment.",4,tv_5368_Prime Video,tv_5368,1,TRUE
1414,The Shield,tv,Prime Video,9,2002,2002-03-12,"[80, 18, 10759]",Crime|Drama|Action & Adventure,Crime,8.163,854,5.148598227,34.5231,en,The story of an inner-city Los Angeles police precinct where some of the cops aren't above breaking the rules or working against their associates to both keep the streets safe and their self-interests intact.,4,tv_1414_Prime Video,tv_1414,2,FALSE
1606,Ghost Whisperer,tv,Prime Video,9,2005,2005-09-23,"[10765, 9648, 18]",Sci-Fi & Fantasy|Mystery|Drama,Sci-Fi & Fantasy,8.068,1851,6.352134411,34.0798,en,"Newlywed Melinda Gordon tries to help the dead communicate with loved ones, but sometimes the messages she receives are intense and confusing. Most of Melinda's efforts involve resolving conflicts that are preventing the spirits from passing over.",4,tv_1606_Prime Video,tv_1606,1,TRUE
15819,Warehouse 13,tv,Prime Video,9,2009,2009-07-07,"[10765, 35, 10759, 18]",Sci-Fi & Fantasy|Comedy|Action & Adventure|Drama,Sci-Fi & Fantasy,7.683,747,4.602406576,33.3379,en,"After saving the life of the President, two secret service agents - Myka Bering and Pete Lattimer - find themselves assigned to the top secret Warehouse 13. The Warehouse is a massive, top secret facility that houses dangerous and fantastical objects. Together, Pete and Myka along with fellow agents Claudia, Steve Jinks and Warehouse caretaker Artie, must recover artifacts from around the globe before they can cause catastrophic damage.",4,tv_15819_Prime Video,tv_15819,1,TRUE
7225,Merlin,tv,Prime Video,9,2008,2008-09-20,"[10759, 18, 10765]",Action & Adventure|Drama|Sci-Fi & Fantasy,Action & Adventure,7.824,1127,5.419574677,33.3304,en,"The unlikely friendship between Merlin, a young man gifted with extraordinary magical powers, and Prince Arthur, heir to the crown of Camelot.",4,tv_7225_Prime Video,tv_7225,1,TRUE
35610,InuYasha,tv,Prime Video,9,2000,2000-10-16,"[16, 10759, 10765]",Animation|Action & Adventure|Sci-Fi & Fantasy,Animation,8.579,2067,6.907983249,32.8615,ja,"Kagome Higurashi is a modern day young girl who lives with her family by the old Higure shrine. Unbeknownst to Kagome, she is the reincarnation of priestess Kikyo and posseses the ""Jewel of Four Souls"" (the Shikon jewel). One ill-fated day, Kagome locates an ancient well near her home and is abruptly transported through the well and into a feudal Japan, inhabited by demons. There, she encounters Inuyasha, son of a powerful demon father and a human mother, who is pinned to a tree by an enchanted arrow.",4,tv_35610_Prime Video,tv_35610,3,FALSE
3050,The Practice,tv,Prime Video,9,1997,1997-03-04,[18],Drama,Drama,7.664,110,1.382032787,32.6558,en,"A provocative legal drama focused on young associates at a bare-bones Boston firm and their scrappy boss, Bobby Donnell. The show's forte is its storylines about “people who walk a moral tightrope.”",4,tv_3050_Prime Video,tv_3050,1,TRUE
106379,Fallout,tv,Prime Video,9,2024,2024-04-10,"[10759, 10765]",Action & Adventure|Sci-Fi & Fantasy,Action & Adventure,8.126,2796,6.893293689,32.6505,en,"The story of haves and have-nots in a world in which there's almost nothing left to have. 200 years after the apocalypse, the gentle denizens of luxury fallout shelters are forced to return to the irradiated hellscape their ancestors left behind — and are shocked to discover an incredibly complex, gleefully weird, and highly violent universe waiting for them.",4,tv_106379_Prime Video,tv_106379,1,TRUE
72649,Hot Ones,tv,Prime Video,9,2015,2015-03-12,"[10767, 35]",Talk|Comedy,Talk,7.1,71,0.882837128,31.9166,en,The show with hot questions and even hotter wings invites a famous guest over to eat and then interviews them while they're struggling through the heat.,4,tv_72649_Prime Video,tv_72649,2,FALSE
4386,Baywatch,tv,Prime Video,9,1989,1989-04-23,"[10759, 18, 80]",Action & Adventure|Drama|Crime,Action & Adventure,5.987,534,3.091932302,31.2589,en,Join the Baywatch lifeguards on their thrilling adventures filled with beautiful beaches and those iconic red swimsuits.,5,tv_4386_Prime Video,tv_4386,2,FALSE
12536,Yu-Gi-Oh! GX,tv,Prime Video,9,2004,2004-10-06,"[16, 10762, 35, 10759]",Animation|Kids|Comedy|Action & Adventure,Animation,7.912,294,2.929632242,31.0732,ja,"Ten years after the Ceremonial Battle, a teenage boy named Judai Yuuki (Jaden Yuki) heads off in order to join the Duel Academia (Duel Academy) located on a remote island off the coast of Japan. There he meets his fellow students and gains a few friends, along with a few enemies. Judai is put into the lowest rank of Osiris Red (Slifer Red), but he continues to test his skills against the students and faculty to prove his worth as a Duelist and earn the respect of everyone around him.",5,tv_12536_Prime Video,tv_12536,2,FALSE
62017,The Man in the High Castle,tv,Prime Video,9,2015,2015-01-15,"[10765, 18]",Sci-Fi & Fantasy|Drama,Sci-Fi & Fantasy,7.523,1469,5.612639411,30.6019,en,"Explore what it would be like if the Allied Powers had lost WWII, and Japan and Germany ruled the United States. Based on Philip K. Dick's award-winning novel.",5,tv_62017_Prime Video,tv_62017,2,FALSE
2883,Dark Shadows,tv,Prime Video,9,1966,1966-06-27,"[18, 10765, 10766]",Drama|Sci-Fi & Fantasy|Soap,Drama,7.266,92,1.129175676,30.031,en,"Dark Shadows is an American gothic soap opera that originally aired weekdays on the ABC television network, from June 27, 1966, to April 2, 1971. The show was created by Dan Curtis. The story bible, which was written by Art Wallace, does not mention any supernatural elements. It was unprecedented in daytime television when ghosts were introduced about six months after it began.

The series became hugely popular when vampire Barnabas Collins appeared a year into its run. Dark Shadows also featured werewolves, zombies, man-made monsters, witches, warlocks, time travel, and a parallel universe. A small company of actors each played many roles; indeed, as actors came and went, some characters were played by more than one actor. Major writers besides Art Wallace included Malcolm Marmorstein, Sam Hall, Gordon Russell, and Violet Welles.",5,tv_2883_Prime Video,tv_2883,2,FALSE
67116,Lethal Weapon,tv,Prime Video,9,2016,2016-09-21,"[10759, 80, 18, 35]",Action & Adventure|Crime|Drama|Comedy,Action & Adventure,7.327,788,4.482667702,29.4522,en,A slightly unhinged former Navy SEAL lands a job as a police officer in Los Angeles where he's partnered with a veteran detective trying to keep maintain a low stress level in his life.,5,tv_67116_Prime Video,tv_67116,1,TRUE
39276,Unforgettable,tv,Prime Video,9,2011,2011-09-20,"[80, 18, 9648]",Crime|Drama|Mystery,Crime,7.2,337,2.898924731,29.2491,en,"Former Syracuse, New York, police detective Carrie Wells has hyperthymesia, a rare medical condition that gives her the ability to visually remember everything. She reluctantly joins the New York City Police Department's Queens homicide unit after her former boyfriend and partner asks for help with solving a case. The move allows her to try to find out the one thing she has been unable to remember, which is what happened the day her sister was murdered.",5,tv_39276_Prime Video,tv_39276,1,TRUE
4571,Hunter,tv,Prime Video,9,1984,1984-09-18,"[10759, 18]",Action & Adventure|Drama,Action & Adventure,7.104,96,1.144268456,28.6158,en,"Hunter is an American police drama television series created by Frank Lupo, and starring Fred Dryer as Sgt. Rick Hunter and Stepfanie Kramer as Sgt. Dee Dee McCall, which ran on NBC from 1984 to 1991. However, Kramer left after the sixth season to pursue other acting and musical opportunities. In the seventh season, Hunter partnered with two different women officers. The titular character, Sgt. Rick Hunter, was a wily, physically imposing, and often rule-breaking homicide detective with the Los Angeles Police Department. The show's main characters, Hunter and McCall, resolve many of their cases by shooting dead the perpetrators.

The show's executive producer during the first season was Stephen J. Cannell, whose company produced the series.",5,tv_4571_Prime Video,tv_4571,2,FALSE
46080,Masha and the Bear,tv,Prime Video,9,2009,2009-01-07,"[16, 10751, 10762, 35]",Animation|Family|Kids|Comedy,Animation,6.9,414,3.125382932,28.3901,ru,"Masha is an energetic three-year-old who can’t seem to keep herself out of trouble. Bear is a warm, fatherly figure that does his best to guide his friend and keep her from harm, often ending up the unintended victim of her misadventures.",5,tv_46080_Prime Video,tv_46080,2,FALSE
2942,The Tudors,tv,Prime Video,9,2007,2007-04-01,"[18, 10749]",Drama|Unknown_10749,Drama,7.805,821,4.850798637,28.2965,en,"The Tudors is a history-based drama series following the young, vibrant King Henry VIII, a competitive and lustful monarch who navigates the intrigues of the English court and the human heart with equal vigor and justifiable suspicion.",5,tv_2942_Prime Video,tv_2942,1,TRUE
902,Yu-Gi-Oh! Duel Monsters,tv,Prime Video,9,2000,2000-04-18,"[16, 10759]",Animation|Action & Adventure,Animation,8.245,1020,5.532828947,28.263,ja,"Bullies often target someone frail and weak—someone exactly like Yûgi Muto. He treasures his Millennium Puzzle, an ancient Egyptian artifact that was brought into his grandfather's game shop. Believing that solving the puzzle will grant him his wish, he completes the puzzle, unleashing a new personality within him, the soul of the ""King of Games."" The new personality named Yami Yûgi is the exact opposite of Yûgi. Upon any injustice toward him, Yami Yûgi takes over Yûgi's body and forces the opponent into a ""Shadow Game"".",5,tv_902_Prime Video,tv_902,2,FALSE
20695,Yu-Gi-Oh! 5D's,tv,Prime Video,9,2008,2008-04-02,"[16, 10765, 10759]",Animation|Sci-Fi & Fantasy|Action & Adventure,Animation,8.1,188,2.213372093,28.2521,ja,"Welcome to New Domino City! Once the playground to legendary duelist Yugi Muto, this sprawling metropolis has since been transformed into a futuristic society where dueling has kicked into overdrive. With recent technological advancements made by KaibaCorp, dueling has undergone a metamorphosis that has revolutionized the makeup and pace of the game! It’s now a heart-pounding, adrenaline-filled and fuel injected competition where duelists ride supercharged hyper cycles called Duel Runners and battle it out in hi-octane contests called “Turbo Duels.”",5,tv_20695_Prime Video,tv_20695,2,FALSE
259702,The House of the Spirits,tv,Prime Video,9,2026,2026-04-29,[18],Drama,Drama,8.8,25,0.419047619,28.2445,en,"The epic tale of a proud and passionate family, secret loves, and bloody revolution. The Trueba family's passions, struggles, and secrets span a century of violent social change, culminating in a crisis that hurls the proud, tyrannical patriarch and his beloved granddaughter towards opposite sides of the fence.",5,tv_259702_Prime Video,tv_259702,1,TRUE
131041,BLUE LOCK,tv,Prime Video,9,2022,2022-10-09,"[16, 10759, 18]",Animation|Action & Adventure|Drama,Animation,8.2,588,4.431617647,28.0678,ja,High school soccer players from across Japan gather for a controversial project designed to create the best — and most egoistic — striker in the world.,5,tv_131041_Prime Video,tv_131041,2,FALSE
246,Avatar: The Last Airbender,tv,Prime Video,9,2005,2005-02-21,"[16, 10759, 10765]",Animation|Action & Adventure|Sci-Fi & Fantasy,Animation,8.758,4813,7.933795219,27.8913,en,"In a war-torn world of elemental magic, a young boy reawakens to undertake a dangerous mystic quest to fulfill his destiny as the Avatar, and bring peace to the world.",5,tv_246_Prime Video,tv_246,2,FALSE
54650,Power,tv,Prime Video,9,2014,2014-06-07,"[80, 18]",Crime|Drama,Crime,7.676,1281,5.521030882,27.8704,en,"A successful New York entrepreneur lives a double life as the head of a drug empire that serves only the rich and influential, all while wanting to escape the underworld and keep his family safe.",5,tv_54650_Prime Video,tv_54650,2,FALSE
2370,Hell's Kitchen,tv,Prime Video,9,2005,2005-05-30,[10764],Reality,Reality,6.81,326,2.687723971,27.4711,en,Aspiring restaurateurs brave Ramsay and his fiery command of the kitchen as he puts the competitors through an intense culinary academy to prove they possess the right combination of ingredients to win a life-changing grand prize.,5,tv_2370_Prime Video,tv_2370,3,FALSE
71914,The Wheel of Time,tv,Prime Video,9,2021,2021-11-18,"[10765, 18]",Sci-Fi & Fantasy|Drama,Sci-Fi & Fantasy,7.602,2386,6.284952183,27.0838,en,"The lives of five young villagers change forever when a strange and powerful woman arrives, claiming one of them is the child of an ancient prophecy with the power to tip the balance between Light and Dark forever. They must choose whether to trust this stranger – and each other – with the fate of the world before the Dark One breaks out of His prison, and the Last Battle begins.",5,tv_71914_Prime Video,tv_71914,1,TRUE
5021,The Waltons,tv,Prime Video,9,1972,1972-09-14,[18],Drama,Drama,7.162,102,1.213495017,26.9929,en,The Waltons live their life in a rural Virginia community during the Great Depression and World War II.,5,tv_5021_Prime Video,tv_5021,2,FALSE
4333,The Saint,tv,Prime Video,9,1962,1962-10-04,"[10759, 80, 18, 9648]",Action & Adventure|Crime|Drama|Mystery,Action & Adventure,7.4,127,1.498883573,26.661,en,"Simon Templar is The Saint, a handsome, sophisticated, debonair, modern-day Robin Hood who recovers ill-gotten wealth and redistributes it to those in need.",5,tv_4333_Prime Video,tv_4333,1,TRUE
94954,Hazbin Hotel,tv,Prime Video,9,2024,2024-01-18,"[16, 35, 18, 10765]",Animation|Comedy|Drama|Sci-Fi & Fantasy,Animation,8.59,1554,6.49895813,26.2453,en,"In attempt to find a non-violent alternative for reducing Hell's overpopulation, the daughter of Lucifer opens a rehabilitation hotel that offers a group of misfit demons a chance at redemption.",5,tv_94954_Prime Video,tv_94954,1,TRUE
2406,Crossing Jordan,tv,Prime Video,9,2001,2001-09-24,[18],Drama,Drama,7.2,161,1.753706505,25.7836,en,"Crossing Jordan is an American television crime/drama series that stars Jill Hennessy as Jordan Cavanaugh, M.D., a crime-solving forensic pathologist employed in the Massachusetts Office of the Chief Medical Examiner.",6,tv_2406_Prime Video,tv_2406,2,FALSE
1554,QI,tv,Prime Video,9,2003,2003-09-11,"[35, 10767]",Comedy|Talk,Comedy,7.956,275,2.823096774,25.5135,en,"Comedy quiz show full of quirky facts, in which contestants are rewarded more if their answers are 'quite interesting'.",6,tv_1554_Prime Video,tv_1554,1,TRUE
54650,Power,tv,Prime Video,9,2014,2014-06-07,"[80, 18]",Crime|Drama,Crime,7.676,1281,5.521030882,27.8704,en,"A successful New York entrepreneur lives a double life as the head of a drug empire that serves only the rich and influential, all while wanting to escape the underworld and keep his family safe.",6,tv_54650_Prime Video,tv_54650,2,FALSE
32608,Ancient Aliens,tv,Prime Video,9,2010,2010-04-20,"[99, 9648, 10765]",Documentary|Mystery|Sci-Fi & Fantasy,Documentary,7.022,298,2.622250627,25.3331,en,"Did intelligent beings from outer space visit Earth thousands of years ago? From the age of the dinosaurs to ancient Egypt, from early cave drawings to continued mass sightings in the US, each episode gives historic depth to the questions, speculations, provocative controversies, first-hand accounts and grounded theories surrounding this age old debate.",6,tv_32608_Prime Video,tv_32608,3,FALSE
4271,Farscape,tv,Prime Video,9,1999,1999-03-19,"[10765, 10759, 18]",Sci-Fi & Fantasy|Action & Adventure|Drama,Sci-Fi & Fantasy,7.874,600,4.294909091,25.3231,en,A freak accident during an experimental space mission catapults Astronaut John Crichton across a thousand galaxies to an alien battlefield.,6,tv_4271_Prime Video,tv_4271,2,FALSE
1930,The Beverly Hillbillies,tv,Prime Video,9,1962,1962-09-26,"[35, 10751]",Comedy|Family,Comedy,6.926,128,1.41166879,25.1416,en,"Jed Clampett's swamp is loaded with oil. When a wildcatter discovers the huge pool, Jed sells his land to the O.K. Oil Company and at the urging of cousin Pearl, moves his family to a 35-room mansion in Beverly Hills, California.",6,tv_1930_Prime Video,tv_1930,2,FALSE
954,The Rockford Files,tv,Prime Video,9,1974,1974-09-13,"[80, 18, 9648]",Crime|Drama|Mystery,Crime,7.624,125,1.5248,25.1227,en,"Cranky but likable L.A. PI Jim Rockford pulls no punches (but takes plenty of them). An ex-con sent to the slammer for a crime he didn't commit, Rockford takes on cases others don't want, aided by his tough old man, his lawyer girlfriend and some shady associates from his past.",6,tv_954_Prime Video,tv_954,1,TRUE
44264,Endeavour,tv,Prime Video,9,2013,2013-04-14,"[80, 18, 9648]",Crime|Drama|Mystery,Crime,8.07,279,2.890282413,25.1125,en,"The early days of a young Endeavour Morse, whose experiences as a detective constable with the Oxford City Police will ultimately shape his future.",6,tv_44264_Prime Video,tv_44264,1,TRUE
13916,Death Note,tv,Prime Video,9,2006,2006-10-04,"[16, 9648, 10765]",Animation|Mystery|Sci-Fi & Fantasy,Animation,8.625,4887,7.824461667,24.9877,ja,"Light Yagami is an ace student with great prospects—and he’s bored out of his mind. But all that changes when he finds the Death Note, a notebook dropped by a rogue Shinigami death god. Any human whose name is written in the notebook dies, and Light has vowed to use the power of the Death Note to rid the world of evil. But will Light succeed in his noble goal, or will the Death Note turn him into the very thing he fights against?",6,tv_13916_Prime Video,tv_13916,4,FALSE
67460,Yu-Gi-Oh! Arc-V,tv,Prime Video,9,2014,2014-04-06,"[10759, 16, 10765]",Action & Adventure|Animation|Sci-Fi & Fantasy,Action & Adventure,7.2,40,0.533333333,24.462,ja,"Yuya Sakaki's dream is to follow in his father's footsteps and become the greatest ""duel-tainer"" in history - and he just might pull it off when he suddenly discovers Pendulum Summoning, a never-before-seen technique that lets him summon many monsters at once!",6,tv_67460_Prime Video,tv_67460,2,FALSE
79,Dora the Explorer,tv,Prime Video,9,2000,2000-08-14,"[10759, 16, 10751, 10762]",Action & Adventure|Animation|Family|Kids,Action & Adventure,6.2,340,2.50952381,24.4409,en,A young girl named Dora goes on adventures with her red boot-wearing monkey named Boots.,6,tv_79_Prime Video,tv_79,1,TRUE
121658,FBI: International,tv,Prime Video,9,2021,2021-09-21,"[80, 18]",Crime|Drama,Crime,7.581,234,2.416831063,24.2013,en,Follows the elite agents of the FBI's International Fly Team headquartered in Budapest as they travel the world with the mission of protecting Americans wherever they may be.,6,tv_121658_Prime Video,tv_121658,2,FALSE
1925,That Girl,tv,Prime Video,9,1966,1966-09-08,[35],Comedy,Comedy,6.176,34,0.393228464,24.1742,en,"That Girl is an American sitcom that ran on ABC from 1966 to 1971. It stars Marlo Thomas as the title character Ann Marie, an aspiring actress, who moves from her hometown of Brewster, New York to try to make it big in New York City. Ann has to take a number of offbeat ""temp"" jobs to support herself in between her various auditions and bit parts. Ted Bessell played her boyfriend Donald Hollinger, a writer for Newsview Magazine; Lew Parker and Rosemary DeCamp played Lew Marie and Helen Marie, her concerned parents. Bernie Kopell, Ruth Buzzi and Reva Rose played Ann and Donald's friends. That Girl was developed by writers Bill Persky and Sam Denoff, who had served as head writers on The Dick Van Dyke Show earlier in the 1960s.",6,tv_1925_Prime Video,tv_1925,2,FALSE
1685,Project Runway,tv,Prime Video,9,2004,2004-12-01,[10764],Reality,Reality,6.273,108,1.114282895,24.1454,en,"Aspiring fashion designers compete for a chance to break into the industry. Each week, a designer is eliminated from the competition after exhibiting their work in front of a judges' panel.",6,tv_1685_Prime Video,tv_1685,3,FALSE
1423,Ray Donovan,tv,Prime Video,9,2013,2013-06-30,[18],Drama,Drama,7.494,827,4.670337604,24.1079,en,"Set in the sprawling mecca of the rich and famous, Ray Donovan does the dirty work for LA's top power players, and makes their problems disappear. His father's unexpected release from prison sets off a chain of events that shakes the Donovan family to its core.",6,tv_1423_Prime Video,tv_1423,1,TRUE
7482,Leverage,tv,Prime Video,9,2008,2008-12-07,"[18, 35, 10759, 80]",Drama|Comedy|Action & Adventure|Crime,Drama,7.583,428,3.497331897,24.0683,en,"A five-person team comprised of a thief, a grifter, a hacker, and a retrieval specialist, led by former insurance investigator Nathan Ford, use their skills to fight corporate and governmental injustices inflicted on ordinary citizens.",6,tv_7482_Prime Video,tv_7482,1,TRUE
13859,The Rifleman,tv,Prime Video,9,1958,1958-09-30,"[10759, 37, 10751]",Action & Adventure|Western|Family,Action & Adventure,7.118,51,0.658834846,24.0271,en,"The Rifleman is an American Western television program starring Chuck Connors as rancher Lucas McCain and Johnny Crawford as his son, Mark McCain. It was set in the 1880s in the town of North Fork, New Mexico Territory. The show was filmed in black-and-white, half-hour episodes. ""The Rifleman"" aired on ABC from September 30, 1958 to April 8, 1963 as a production of Four Star Television. It was one of the first prime time series to have a widowed parent raise a child.",6,tv_13859_Prime Video,tv_13859,2,FALSE
314784,Absolute Value of Romance,tv,Prime Video,9,2026,2026-04-17,"[18, 35]",Drama|Comedy,Drama,8.6,19,0.314836224,23.881,ko,"A quiet student by day, a romance novelist by night, Eui-ju is inspired when four gorgeous teachers appear: icy Woo-su, lively Da-ju, gruff Gi-jeon, and gentle Dong-ju. She writes them into her new novel, which blows up overnight! But her secret is discovered by Woo-su, her worst enemy since day one. She accepts his deal to protect her secret, but can she finish this novel unscathed?",6,tv_314784_Prime Video,tv_314784,1,TRUE
2304,Thomas & Friends,tv,Prime Video,9,1984,1984-10-09,"[16, 10762]",Animation|Kids,Animation,6.839,149,1.570124807,23.6472,en,"Thomas & Friends is a British children's television series, which had its first broadcast on the ITV network on 4 September 1984. It is based on The Railway Series of books by the Reverend Wilbert Awdry and his son, Christopher Awdry. These books deal with the adventures of a group of anthropomorphised locomotives and road vehicles who live on the fictional Island of Sodor. The books were based on stories Wilbert told to entertain his son, Christopher during his recovery from measles. From Series one to four, many of the stories are based on events from Awdry's personal experience.",6,tv_2304_Prime Video,tv_2304,1,TRUE
45854,Yu-Gi-Oh! Zexal,tv,Prime Video,9,2011,2011-04-11,"[16, 35, 10759, 10765, 10762]",Animation|Comedy|Action & Adventure|Sci-Fi & Fantasy|Kids,Animation,7.4,55,0.733333333,23.6267,ja,"When aspiring duelist Yuma meets Astral, a mysterious visitor from another universe, it seems like destiny. Yuma needs Astral to teach him how to duel, and Astral needs Yuma to help him regain his memories!",6,tv_45854_Prime Video,tv_45854,2,FALSE
45854,Yu-Gi-Oh! Zexal,tv,Prime Video,9,2011,2011-04-11,"[16, 35, 10759, 10765, 10762]",Animation|Comedy|Action & Adventure|Sci-Fi & Fantasy|Kids,Animation,7.4,55,0.733333333,23.6267,ja,"When aspiring duelist Yuma meets Astral, a mysterious visitor from another universe, it seems like destiny. Yuma needs Astral to teach him how to duel, and Astral needs Yuma to help him regain his memories!",7,tv_45854_Prime Video,tv_45854,2,FALSE
4046,Spooks,tv,Prime Video,9,2002,2002-05-13,"[18, 10759, 80]",Drama|Action & Adventure|Crime,Drama,7.711,140,1.68678125,23.5996,en,"Tense drama series about the different challenges faced by the British Security Service as they work against the clock to safeguard the nation. The title is a popular colloquialism for spies, and the series follows the work of a group of MI5 officers based at the service's Thames House headquarters, in a highly secure suite of offices known as The Grid.",7,tv_4046_Prime Video,tv_4046,2,FALSE
4658,ALF,tv,Prime Video,9,1986,1986-09-22,"[10751, 35, 18]",Family|Comedy|Drama,Family,7.646,1207,5.40639836,23.257,en,A furry alien wiseguy comes to live with a terran family after crashing into their garage.,7,tv_4658_Prime Video,tv_4658,2,FALSE
4414,Highlander: The Series,tv,Prime Video,9,1992,1992-10-03,"[10765, 18, 10759]",Sci-Fi & Fantasy|Drama|Action & Adventure,Sci-Fi & Fantasy,7.365,417,3.349187568,23.1229,en,"Duncan MacLeod cannot die -- he is a 400-year-old immortal, who has seen his share of humanity's history. Still, he risks his life in battle against other immortals and tries to save people from harm.",7,tv_4414_Prime Video,tv_4414,2,FALSE
46786,Bates Motel,tv,Prime Video,9,2013,2013-03-18,"[18, 80, 9648]",Drama|Crime|Mystery,Drama,8.051,1750,6.261888889,23.0744,en,"A ""contemporary prequel"" to the 1960 film Psycho, depicting the life of Norman Bates and his mother Norma prior to the events portrayed in Hitchcock's film, albeit in a different fictional town and in a modern setting. The series begins after the death of Norma's husband, when she purchases a motel located in a coastal Oregon town so she and Norman can start a new life.",7,tv_46786_Prime Video,tv_46786,1,TRUE
896,The Lost World,tv,Prime Video,9,1999,1999-04-03,"[10759, 18]",Action & Adventure|Drama,Action & Adventure,7.135,130,1.472301587,22.9572,en,"Early 20th-century adventurers find themselves fighting for survival after their hot-air balloon crashes into a remote part of the Amazon, stranding them on a prehistoric plateau.",7,tv_896_Prime Video,tv_896,1,TRUE
5917,90210,tv,Prime Video,9,2008,2008-09-02,[18],Drama,Drama,5.758,207,1.685864215,22.8125,en,"90210 revolves around several students at the fictional West Beverly Hills High School, including new Beverly Hills residents Annie Wilson and Dixon Wilson. Their father, Harry Wilson, has returned from Kansas to his Beverly Hills childhood home with his family to care for his mother, former television and theater actress Tabitha Wilson, who has a drinking problem and clashes with his wife Debbie Wilson. Annie and Dixon struggle to adjust to their new lives while making friends and yet adhering to their parents' wishes.",7,tv_5917_Prime Video,tv_5917,1,TRUE
72879,Tomorrow Is Ours,tv,Prime Video,9,2017,2017-07-17,"[80, 18, 10766]",Crime|Drama|Soap,Crime,6.4,71,0.795796848,22.5508,fr,"The story revolves around the people of Sète, France. Their lives are punctuated by family rivalries, romance and scenes from daily life, but also by plots involving police investigations, secrets and betrayals.",7,tv_72879_Prime Video,tv_72879,1,TRUE
65820,Van Helsing,tv,Prime Video,9,2016,2016-09-23,"[9648, 10765, 10759]",Mystery|Sci-Fi & Fantasy|Action & Adventure,Mystery,7.045,921,4.566111893,22.3995,en,"Vanessa Helsing, the daughter of famous vampire hunter and Dracula nemesis Abraham Van Helsing is resurrected five years in the future to find out that vampires have taken over the world and that she possesses unique power over them. She is humanity’s last hope to lead an offensive to take back what has been lost.",7,tv_65820_Prime Video,tv_65820,1,TRUE
72750,Killing Eve,tv,Prime Video,9,2018,2018-04-08,"[80, 18]",Crime|Drama,Crime,7.905,1476,5.904746964,22.246,en,"A security consultant hunts for a ruthless assassin. Equally obsessed with each other, they go head to head in an epic game of cat-and-mouse.",7,tv_72750_Prime Video,tv_72750,2,FALSE
5133,Leave It to Beaver,tv,Prime Video,9,1957,1957-10-04,"[35, 10751]",Comedy|Family,Comedy,7,85,1.017094017,22.1975,en,"An inquisitive and often naïve boy, Theodore 'The Beaver' Cleaver, has adventures at home, in school, and around his suburban neighborhood. The show also starred Barbara Billingsley and Hugh Beaumont as Beaver's parents, June and Ward Cleaver, and Tony Dow as Beaver's brother Wally. The show has attained an iconic status in the US, with the Cleavers exemplifying the idealized suburban family of the mid-20th century.",7,tv_5133_Prime Video,tv_5133,2,FALSE
241372,56 Days,tv,Prime Video,9,2026,2026-02-18,"[18, 80, 9648]",Drama|Crime|Mystery,Drama,7.068,162,1.72963142,22.1037,en,"When an unidentified body is found in a luxury apartment linked to Oliver Kennedy and his girlfriend Ciara Wyse, Detectives Lee Reardon and Karl Connolly reconstruct the couple's deadly romance across the past 56 days.",7,tv_241372_Prime Video,tv_241372,1,TRUE
2233,Blue Heelers,tv,Prime Video,9,1993,1993-09-10,[18],Drama,Drama,6.469,16,0.200589147,22.0494,en,"Blue Heelers was one of Australia's longest running weekly television drama series.  Blue Heelers is a police drama series set in the fictional country town of Mount Thomas. Under the watchful eye of Tom Croydon (John Wood), the men and women of Mount Thomas Police Station fight crime, resolve disputes and tackle the social issues of the day.  We watch their successes and their failures and learn to grow with them and their loved ones as the heart of the series develops.",7,tv_2233_Prime Video,tv_2233,1,TRUE
2119,Airwolf,tv,Prime Video,9,1984,1984-01-22,"[10759, 10765]",Action & Adventure|Sci-Fi & Fantasy,Action & Adventure,7.598,480,3.721469388,22.0147,en,"As part of a deal with an intelligence agency to look for his missing brother, a renegade pilot goes on missions with an advanced battle helicopter.",7,tv_2119_Prime Video,tv_2119,1,TRUE
46052,Doctor-X: Surgeon Michiko Daimon,tv,Prime Video,9,2012,2012-10-18,"[18, 9648]",Drama|Mystery,Drama,7.4,29,0.405671078,21.9863,ja,"Daimon Michiko is a 37-year-old freelance surgeon who is part of a questionable “doctor placement service” that has her wander from hospital to hospital. The harsh environment at the hospitals led many doctors to retire from their positions, forcing hospitals to make use of said program to fill the empty spots at least temporary. However, Michiko doesn’t look like a doctor at all with her flashy clothes and eccentric attitude. In the first episode she raises objections to a certain operation which is planned to be done by the head of a hospital who hasn’t performed an operation for a very long time. This causes Michiko to incur odium at the hospital, however, everyone becomes frozen when Michiko points out the outdated skills of the director. She also holds a scrupulous compliance when it comes to her working hours, never does any unnecessary chores that don’t require a medical license, and couldn’t care less about the power struggles within the hospitals. Nobody knows how she acquired such a top-level skill that allows her to claim exorbitant sums as reward, but her private life is an even greater mystery to everyone around her. Tanaka plays a rookie surgeon, Uchida an anesthetist, Kishibe the head of the placement service, and Ito the head of the surgical department of this institution.",7,tv_46052_Prime Video,tv_46052,1,TRUE
44277,Amazing Detective Di Renjie,tv,Prime Video,9,2004,2004-08-05,"[18, 9648]",Drama|Mystery,Drama,9,18,0.312741313,21.9232,zh,"Di Renjie is Tang dynasty magistrate and statesman, who investigates mysterious murders.",7,tv_44277_Prime Video,tv_44277,1,TRUE
4068,Hogan's Heroes,tv,Prime Video,9,1965,1965-09-17,"[10768, 35]",War & Politics|Comedy,War & Politics,7.6,181,2.019970631,21.9084,en,"Hogan's Heroes is an American television sitcom that ran for 168 episodes from September 17, 1965, to July 4, 1971, on the CBS network. The show was set in a German prisoner of war camp during World War II. Bob Crane starred as Colonel Robert E. Hogan, coordinating an international crew of Allied prisoners running a Special Operations group from the camp. Werner Klemperer played Colonel Wilhelm Klink, the commandant of the camp, and John Banner was the inept sergeant-of-the-guard, Hans Schultz.

The series was popular during its six-season run. In 2013, creators Bernard Fein through his estate and Albert S. Ruddy acquired the sequel and other separate rights to Hogan's Heroes from Mark Cuban through arbitration and a movie based on the show has been planned.",7,tv_4068_Prime Video,tv_4068,1,TRUE
243881,House of David,tv,Prime Video,9,2025,2025-02-27,[18],Drama,Drama,8.152,234,2.598866485,21.8931,en,"Tells the story of the ascent of the biblical figure, David, who becomes the most celebrated king of Israel. The series follows the once-mighty King Saul as he falls victim to his own pride. At the direction of God, the prophet Samuel anoints an unlikely, outcast teenager as the new king.",7,tv_243881_Prime Video,tv_243881,1,TRUE
2808,Totally Spies!,tv,Prime Video,9,2002,2002-04-03,"[16, 10762, 35, 10759]",Animation|Kids|Comedy|Action & Adventure,Animation,7.244,270,2.540103896,21.8347,fr,"Totally Spies! depicts three girlfriends 'with an attitude' who have to cope with their daily lives at high school as well as the unpredictable pressures of international espionage. They confront the most intimidating - and demented - of villains, each with their own special agenda for demonic, global rude behavior.",7,tv_2808_Prime Video,tv_2808,2,FALSE
2440,Highway to Heaven,tv,Prime Video,9,1984,1984-09-19,"[10751, 18, 10765]",Family|Drama|Sci-Fi & Fantasy,Family,7.4,195,2.076258993,21.8144,en,A probationary angel is sent back to Earth to team up with an ex-cop and help people.,7,tv_2440_Prime Video,tv_2440,2,FALSE
162,Night Court,tv,Prime Video,9,1984,1984-01-04,[35],Comedy,Comedy,7.318,140,1.6008125,21.6291,en,An eccentric fun-loving judge presides over an urban night court and all the silliness going on there.,8,tv_162_Prime Video,tv_162,1,TRUE
2187,Reno 911!,tv,Prime Video,9,2003,2003-07-23,[35],Comedy,Comedy,7.222,185,1.950467153,21.5703,en,"This partially unscripted comedy brings viewers into the squad car as incompetent officers swing into action, answering 911 calls about everything from speeding violations and prostitution to staking out a drug den. Within each episode, viewers catch a ""fly on the wall"" glimpse of the cops' often politically incorrect opinions, ranging from their personal feelings to professional critiques of their colleagues.",8,tv_2187_Prime Video,tv_2187,1,TRUE
4327,Mr. Bean,tv,Prime Video,9,1990,1990-01-01,[35],Comedy,Comedy,7.989,1557,6.047094312,21.4799,en,Mr Bean turns simple everyday tasks into chaotic situations and will leave you in stitches as he creates havoc wherever he goes.,8,tv_4327_Prime Video,tv_4327,2,FALSE
43982,Line of Duty,tv,Prime Video,9,2012,2012-06-26,"[80, 18, 9648]",Crime|Drama|Mystery,Crime,8.228,470,3.986762887,21.4456,en,"A drama about the investigations of AC-12, a controversial police anticorruption unit.",8,tv_43982_Prime Video,tv_43982,2,FALSE
33001,Haven,tv,Prime Video,9,2010,2010-07-09,"[18, 10765, 9648]",Drama|Sci-Fi & Fantasy|Mystery,Drama,7.512,509,3.789502478,21.4273,en,"FBI agent Audrey Parker arrives in the small town of Haven, Maine to solve a murder and soon discovers the town's many secrets—which also hold the key to unlocking the mysteries of her lost past.",8,tv_33001_Prime Video,tv_33001,2,FALSE
2093,Matlock,tv,Prime Video,9,1986,1986-03-03,"[18, 80]",Drama|Crime,Drama,7.13,131,1.480237718,21.3861,en,"Thrifty, folksy and cantankerous, Matlock charges a premium for his services but is worth every penny: This renowned attorney, always clothed in his trademark light-gray suit and driving his signature Ford Crown Victoria, has an uncanny knack for finding overlooked clues and exposing murderers in dramatic courtroom scenes.",8,tv_2093_Prime Video,tv_2093,1,TRUE
50035,Clarence,tv,Prime Video,9,2014,2014-04-14,"[16, 35]",Animation|Comedy,Animation,7.98,331,3.178555957,21.2703,en,"In a world of noise, Clarence is a jar of sunshine, pure and simple. He sees the world only in his favorite colors: goofy grape and neon green. Clarence values his friends Jeff and Sumo and his mother Mary more than gold. No matter what happens, good or bad, nothing brings Clarence down.",8,tv_50035_Prime Video,tv_50035,2,FALSE
66857,Shooter,tv,Prime Video,9,2016,2016-11-15,"[10759, 10768, 18]",Action & Adventure|War & Politics|Drama,Action & Adventure,7.193,717,4.237782251,20.9241,en,Bob Lee Swagger is an expert marksman living in exile who is coaxed back into action after learning of a plot to kill the president.,8,tv_66857_Prime Video,tv_66857,1,TRUE
2840,Earth: Final Conflict,tv,Prime Video,9,1997,1997-10-06,"[10765, 18, 10759, 9648]",Sci-Fi & Fantasy|Drama|Action & Adventure|Mystery,Sci-Fi & Fantasy,6.784,95,1.083159664,20.8981,en,"Years ago, the Taelons came to Earth, offering friendship and technology to humanity. But there are those who believe the Taelons have more sinister motives.",8,tv_2840_Prime Video,tv_2840,1,TRUE
2585,Heartbeat,tv,Prime Video,9,1992,1992-04-10,"[80, 18, 35]",Crime|Drama|Comedy,Crime,7.2,33,0.445778612,20.7981,en,"Set during the 1960s in the fictional North Yorkshire village of Aidensfield, this enduringly popular series interweaves crime and medical storylines.",8,tv_2585_Prime Video,tv_2585,2,FALSE
2328,Power Rangers,tv,Prime Video,9,1993,1993-08-28,"[10759, 10765, 10762]",Action & Adventure|Sci-Fi & Fantasy|Kids,Action & Adventure,7.08,836,4.430299401,20.7512,en,"A team of teenagers with attitude are recruited to save Angel Grove from the evil witch, Rita Repulsa, and later, Lord Zedd, Emperor of all he sees, and their horde of monsters.",8,tv_2328_Prime Video,tv_2328,2,FALSE
600,Renegade,tv,Prime Video,9,1992,1992-09-19,"[10759, 18, 80]",Action & Adventure|Drama|Crime,Action & Adventure,6.71,145,1.508449612,20.7183,en,"Framed for murder, Detective Reno Raines becomes a fugitive bounty hunter who fights crime while trying to clear his name. His troubles began after he testified about police corruption, leading Lt. Donald Dixon to set him up.",8,tv_600_Prime Video,tv_600,2,FALSE
21755,Pawn Stars,tv,Prime Video,9,2009,2009-07-19,[10764],Reality,Reality,7.1,297,2.645796738,20.6364,en,"Go inside the colorful world of the pawn business. At the Gold & Silver Pawn Shop on the outskirts of Las Vegas, generations of the Harrison family run the family business, and there’s clashing and camaraderie every step of the way.",8,tv_21755_Prime Video,tv_21755,3,FALSE
3346,Petticoat Junction,tv,Prime Video,9,1963,1963-09-24,"[35, 10751]",Comedy|Family,Comedy,5.813,40,0.430592593,20.6103,en,The Bradley family are proud owners of the Shady Rest Hotel. Kate and her three young daughters do the job of running the hotel.,8,tv_3346_Prime Video,tv_3346,1,TRUE
61859,The Night Manager,tv,Prime Video,9,2016,2016-02-21,"[18, 9648, 80]",Drama|Mystery|Crime,Drama,7.734,1286,5.568826428,20.534,en,"Former British soldier Jonathan Pine navigates the shadowy recesses of Whitehall and Washington where an unholy alliance operates between the intelligence community and the secret arms trade. To infiltrate the inner circle of lethal arms dealer Richard Onslow Roper, Pine must himself become a criminal.",8,tv_61859_Prime Video,tv_61859,1,TRUE
1848,Winx Club,tv,Prime Video,9,2004,2004-01-28,"[10762, 16, 10765, 10759, 9648]",Kids|Animation|Sci-Fi & Fantasy|Action & Adventure|Mystery,Kids,8,542,4.161228407,20.4661,it,"In a magical universe, witches, warriors begin fighting in the name of good .vs. evil! At a magic school, five teenage girls are selected to defend the universe with their magic.",8,tv_1848_Prime Video,tv_1848,1,TRUE
1486,21 Jump Street,tv,Prime Video,9,1987,1987-04-12,"[80, 9648, 18]",Crime|Mystery|Drama,Crime,7.229,192,2.005734104,19.916,en,21 Jump Street revolves around a group of young cops who would use their youthful appearance to go undercover and solve crimes involving teenagers and young adults.,8,tv_1486_Prime Video,tv_1486,2,FALSE
13286,Peak Practice,tv,Prime Video,9,1993,1993-05-10,[18],Drama,Drama,6.5,10,0.12745098,19.8848,en,"Peak Practice is a British drama series about a GP surgery in Cardale — a small fictional town in the Derbyshire Peak District — and the doctors who worked there. It ran on ITV from 10 May 1993 to 30 January 2002 and was one of their most successful series at the time. It originally starred Kevin Whately as Dr Jack Kerruish, Amanda Burton as Dr Beth Glover and Simon Shepherd as Dr Will Preston, though the roster of doctors would change many times over the course of the series.

Cardale was based on the Staffordshire village of Longnor for the final series, but was previously based in the Derbyshire village of Crich, although certain scenes were filmed at other nearby Derbyshire towns and villages, most notably Matlock, Belper and Ashover.",8,tv_13286_Prime Video,tv_13286,1,TRUE
3764,Hustle,tv,Prime Video,9,2004,2004-02-24,"[35, 80, 18, 9648]",Comedy|Crime|Drama|Mystery,Comedy,7.698,179,2.029369661,19.8529,en,A motley group of London con artists pull of a series of daring and intricate stings.,8,tv_3764_Prime Video,tv_3764,1,TRUE
4920,Damages,tv,Prime Video,9,2007,2007-07-24,"[9648, 18, 80]",Mystery|Drama|Crime,Mystery,7.457,235,2.384210884,19.7236,en,"Damages is an American legal thriller television series created by the writing and production trio of Daniel Zelman and brothers Glenn and Todd A. Kessler. The plot revolves around the brilliant, ruthless lawyer Patty Hewes and her protégée, recent law school graduate Ellen Parsons. Each season features a major case that Hewes and her firm take on, while also examining a chapter of the complicated relationship between Ellen and Patty. The first two seasons center around the law firm Hewes & Associates. Later seasons center more on Patty and Ellen's relationship as Ellen begins to distance herself from Hewes & Associates and begins an independent career.",8,tv_4920_Prime Video,tv_4920,1,TRUE
474,Nash Bridges,tv,Prime Video,9,1996,1996-03-29,"[10759, 18]",Action & Adventure|Drama,Action & Adventure,6.656,109,1.191303777,19.7071,en,Fun-loving San Francisco Police Department investigator Nash Bridges is part of the elite Special Investigations Unit. He tackles crime using his keen sense of humor and charm. Joe Dominguez comes out of retirement to become Bridges' wisecracking yet more rule-abiding partner.,9,tv_474_Prime Video,tv_474,1,TRUE
135934,The Legend of Vox Machina,tv,Prime Video,9,2022,2022-01-27,"[16, 10765]",Animation|Sci-Fi & Fantasy,Animation,8.211,621,4.54864496,19.555,en,"They're rowdy, they're ragtag, they're misfits turned mercenaries for hire. Vox Machina is more interested in easy money and cheap ale than actually protecting the realm. But when the kingdom is threatened by evil, this boisterous crew realizes that they are the only ones capable of restoring justice.",9,tv_135934_Prime Video,tv_135934,1,TRUE
79086,Godfather of Harlem,tv,Prime Video,9,2019,2019-09-29,"[18, 80]",Drama|Crime,Drama,8.077,733,4.801655312,19.5534,en,"Loosely based on infamous crime boss Bumpy Johnson, who in the early 1960s returned from ten years in prison to find the neighborhood he once ruled in shambles. With the streets controlled by the Italian mob, Bumpy attempts to regain his piece of Harlem.",9,tv_79086_Prime Video,tv_79086,1,TRUE
10826,Astro Boy,tv,Prime Video,9,1963,1963-01-01,"[16, 9648, 10765, 10762]",Animation|Mystery|Sci-Fi & Fantasy|Kids,Animation,7.4,17,0.243326886,19.5249,ja,"In the year 2000, Dr. Boyton creates a super-robot in his deceased son's image. He calls the robot Astro Boy. Astro Boy can swim oceans, leap over mountains, even fly into space on his own power. However, Astro Boy can't replace his son. Dr. Boyton becomes dissatisfied with the boy robot and disowns him.

Astro Boy is befriended by Dr. Packadermus J. Elefun of the Institute of Science, who guides him through his adventures. Endowed with super strength, rocket-powered flight, a selfless heart and a kind demeanor, Astro Boy fights a never-ending crusade against the forces of evil!",9,tv_10826_Prime Video,tv_10826,1,TRUE
43865,Psycho-Pass,tv,Prime Video,9,2012,2012-10-12,"[16, 80, 10765, 10759]",Animation|Crime|Sci-Fi & Fantasy|Action & Adventure,Animation,7.724,458,3.69268476,19.3836,ja,"In the year 2113, people are given brain scans to determine how likely they are to commit a crime. Those who fail are apprehended, or even killed.",9,tv_43865_Prime Video,tv_43865,1,TRUE
47665,Black Sails,tv,Prime Video,9,2014,2014-01-25,"[18, 10759]",Drama|Action & Adventure,Drama,7.61,1443,5.651688111,19.3822,en,"The pirate adventures of Captain Flint and his men twenty years prior to Robert Louis Stevenson’s classic “Treasure Island.” Flint, the most brilliant and most feared pirate captain of his day, takes on a fast-talking young addition to his crew who goes by the name John Silver. Threatened with extinction on all sides, they fight for the survival of New Providence Island, the most notorious criminal haven of its day – a debauched paradise teeming with pirates, prostitutes, thieves and fortune seekers, a place defined by both its enlightened ideals and its stunning brutality.",9,tv_47665_Prime Video,tv_47665,1,TRUE
240983,Sapne vs Everyone,tv,Prime Video,9,2023,2023-12-08,[18],Drama,Drama,7.6,14,0.207003891,19.008,hi,"Two obsessive dreamers collide with the resistance of expectations, morality and each other.",9,tv_240983_Prime Video,tv_240983,1,TRUE
1475,The Dead Zone,tv,Prime Video,9,2002,2002-06-16,"[18, 10765]",Drama|Sci-Fi & Fantasy,Drama,7.255,165,1.800112782,18.6494,en,Johnny Smith discovers he has developed psychic abilities after a coma.,9,tv_1475_Prime Video,tv_1475,1,TRUE
103254,Yashahime: Princess Half-Demon,tv,Prime Video,9,2020,2020-10-03,"[16, 10759]",Animation|Action & Adventure,Animation,8.302,167,2.078611694,18.4608,ja,"In feudal Japan, half-demon twins Towa and Setsuna are separated from each other during a forest fire. While desperately searching for her younger sister, Towa wanders into a mysterious tunnel that sends her into present-day Japan, where she is found and raised by Kagome Higurashi’s brother, Sota, and his family. Ten years later, the tunnel that connects the two eras has reopened, allowing Towa to be reunited with Setsuna, who is now a demon slayer working for Kohaku. But to Towa’s shock, Setsuna appears to have lost all memories of her older sister",9,tv_103254_Prime Video,tv_103254,1,TRUE
61463,The Affair,tv,Prime Video,9,2014,2014-10-12,[18],Drama,Drama,6.677,402,2.975780488,18.3726,en,"The emotional effects of an extramarital relationship between Noah, a New York City schoolteacher and budding novelist with a wife of twenty years and four children and Alison, a young waitress and wife from Montauk at the end of Long Island, trying to piece her life back together in the wake of a tragedy.",9,tv_61463_Prime Video,tv_61463,1,TRUE
2321,The Unit,tv,Prime Video,9,2006,2006-03-07,"[10759, 18]",Action & Adventure|Drama,Action & Adventure,7.346,211,2.180036568,18.1142,en,"A covert team of special forces operatives risk their lives on undercover missions around the globe, while their wives maintain the homefront, protecting their husbands' secrets.",9,tv_2321_Prime Video,tv_2321,1,TRUE
240740,Scarpetta,tv,Prime Video,9,2026,2026-03-11,"[18, 80, 9648]",Drama|Crime|Mystery,Drama,6.629,105,1.150487603,18.1106,en,"Renowned forensic pathologist Dr. Kay Scarpetta returns to her position as Virginia's Chief Medical Examiner, where she investigates a haunting murder with eerie reminders from her first big case decades ago. In 1998, Scarpetta works alongside Detective Pete Marino and FBI Agent Benton Wesley as they investigate a series of brutal stranglings. Based on the best-selling novels by Patricia Cornwell.",9,tv_240740_Prime Video,tv_240740,1,TRUE
2455,Coach,tv,Prime Video,9,1989,1989-02-28,[35],Comedy,Comedy,6.65,60,0.7125,18.1045,en,"Hayden Fox, the curmudgeonly coach of Minnesota State University's Screaming Eagles football team, tries to navigate his way through the sports world, fatherhood and family life without dropping the ball.",9,tv_2455_Prime Video,tv_2455,1,TRUE
64432,The Magicians,tv,Prime Video,9,2015,2015-12-16,"[18, 10765]",Drama|Sci-Fi & Fantasy,Drama,7.597,1691,5.86331675,18.0928,en,"Brakebills University is a secret institution specializing in magic. There, amidst an unorthodox education of spellcasting, a group of twenty-something friends soon discover that a magical fantasy world they read about as children is all too real— and poses grave danger to humanity.",9,tv_64432_Prime Video,tv_64432,1,TRUE
21561,The Outer Limits,tv,Prime Video,9,1995,1995-03-26,"[18, 10765]",Drama|Sci-Fi & Fantasy,Drama,7.693,230,2.423821918,18.089,en,"Anthology series of composed of distinct story episodes, sometimes with a plot twist at the end, with occasional recurring story elements that were often tied together during season-finale clip shows.",9,tv_21561_Prime Video,tv_21561,1,TRUE
43020,Continuum,tv,Prime Video,9,2012,2012-05-27,"[10765, 10759, 18]",Sci-Fi & Fantasy|Action & Adventure|Drama,Sci-Fi & Fantasy,7.466,932,4.859156425,18.0374,en,"The series centers on the conflict between a group of rebels from the year 2077 who time-travel to Vancouver, BC, in 2012, and a police officer who accidentally accompanies them. In spite of being many years early, the rebel group decides to continue its violent campaign to stop corporations of the future from replacing governments, while the police officer endeavours to stop them without revealing to anyone that she and the rebels are from the future.",9,tv_43020_Prime Video,tv_43020,2,FALSE
136915,Catch! Teenieping,tv,Prime Video,9,2020,2020-03-19,"[16, 10762]",Animation|Kids,Animation,7,4,0.055555556,17.9752,ko,"Set free on Earth, fairies with magical powers begin influencing people's emotions. Now, it's up to a princess from a faraway kingdom to stop them!",9,tv_136915_Prime Video,tv_136915,1,TRUE
2181,Route 66,tv,Prime Video,9,1960,1960-10-07,"[18, 80, 10759, 9648]",Drama|Crime|Action & Adventure|Mystery,Drama,6.553,19,0.239897881,17.9097,en,"After discovering that his late father has gone through most of the family fortune, Tod Stiles hits the title trans-America highway in his Corvette in search of adventure with friend Buz Murdock, a survivor of New York's mean streets. The two work odd jobs as they meet and interact with colorful characters and find themselves plunged into one situation after another, some of them romantic, some of them very dangerous. Later, Linc Case, a Vietnam war hero trying to find himself, takes over as Tod's travel companion.",9,tv_2181_Prime Video,tv_2181,1,TRUE
112470,Ici tout commence,tv,Prime Video,9,2020,2020-11-02,"[10766, 18]",Soap|Drama,Soap,6.9,91,1.062436548,17.7828,fr,"This television drama series is centered around the prestigious culinary school of renowned chef Auguste Armand. The show follows the lives of students and staff as they navigate the challenges and pressures of the culinary world—delving into their personal and professional lives, revealing secrets, rivalries, and complex relationships.",9,tv_112470_Prime Video,tv_112470,1,TRUE
1998,Moonlighting,tv,Prime Video,9,1985,1985-03-03,"[35, 18, 9648, 80]",Comedy|Drama|Mystery|Crime,Comedy,7.532,390,3.300539326,17.7444,en,"After being duped and going bankrupt, model Maddie is convinced by David to become a partner in a detective agency. Together they solve various cases, while getting comfortable with each other.",9,tv_1998_Prime Video,tv_1998,1,TRUE
117488,Yellowjackets,tv,Prime Video,9,2021,2021-11-14,"[18, 9648]",Drama|Mystery,Drama,7.451,944,4.87101385,17.7292,en,"This equal parts survival epic, psychological horror story and coming-of-age drama tells the saga of a team of wildly talented high school girls soccer players who become the (un)lucky survivors of a plane crash deep in the remote northern wilderness. The series chronicles their descent from a complicated but thriving team to savage clans, while also tracking the lives they’ve attempted to piece back together nearly 25 years later.",10,tv_117488_Prime Video,tv_117488,1,TRUE
81329,Chronicles of the Sun,tv,Prime Video,9,2018,2018-08-27,[10766],Soap,Soap,6.6,127,1.336842105,17.6483,fr,Claire is surprised when she gets arrested for the murder of her childhood friend after she returns to Montpellier.,10,tv_81329_Prime Video,tv_81329,1,TRUE
31179,The Lone Ranger,tv,Prime Video,9,1949,1949-09-15,"[37, 10759]",Western|Action & Adventure,Western,6.8,35,0.444859813,17.493,en,"The Lone Ranger is an American western television series that ran from 1949 to 1957, starring Clayton Moore with Jay Silverheels as Tonto. The live-action series initially featured Gerald Mohr as the episode narrator. Fred Foy served as both narrator and announcer of the radio series from 1948 to its finish and became announcer of the television version when story narration was dropped there. This was by far the highest-rated television program on the ABC network in the early 1950s and its first true ""hit"".",10,tv_31179_Prime Video,tv_31179,1,TRUE
117648,Clarkson's Farm,tv,Prime Video,9,2021,2021-06-11,"[10764, 35]",Reality|Comedy,Reality,8.491,398,3.763271715,17.49,en,"Follow Jeremy Clarkson as he embarks on his latest adventure, farming. The man who on several occasions claims to be allergic to manual labour takes on the most manually labour intensive job there is. What could possibly go wrong?",10,tv_117648_Prime Video,tv_117648,1,TRUE
46262,Doc McStuffins,tv,Prime Video,9,2012,2012-03-23,"[16, 10762, 10751]",Animation|Kids|Family,Animation,5.9,74,0.760627178,17.422,en,A young African-American girl aspires to be a doctor like her mom.,10,tv_46262_Prime Video,tv_46262,1,TRUE
1739,According to Jim,tv,Prime Video,9,2001,2001-10-03,[35],Comedy,Comedy,6.535,386,2.847076749,17.3919,en,"Jim is the typical all-American guy — a macho ""everyman"" — with a soft spot for his beautiful wife and children. Jim's boyish bravado and humorous antics keep a certain level of turmoil in their home, but there's never a doubt that this ""opposites attract"" couple are in their marriage for keeps!",10,tv_1739_Prime Video,tv_1739,1,TRUE
68006,Taken,tv,Prime Video,9,2017,2017-02-27,"[10759, 80, 18, 35]",Action & Adventure|Crime|Drama|Comedy,Action & Adventure,6.498,264,2.245382199,17.1117,en,"The origin story of younger, hungrier, former Green Beret Bryan Mills as he deals with a personal tragedy that shakes his world. As he fights to overcome the incident and exact revenge, Mills is pulled into a career as a deadly CIA operative, a job that awakens his very particular, and very dangerous, set of skills.",10,tv_68006_Prime Video,tv_68006,2,FALSE
604,Teen Titans,tv,Prime Video,9,2003,2003-07-19,"[16, 10759, 10765]",Animation|Action & Adventure|Sci-Fi & Fantasy,Animation,8.367,1312,6.058225166,17.0251,en,"Fighting for truth, justice and the last slice of pizza, these five superheroes are living proof you're never too young to save the planet. Protecting Earth and beyond, the Teen Titans use martial arts and gadgetry to battle villains.",10,tv_604_Prime Video,tv_604,1,TRUE
1596,Bergerac,tv,Prime Video,9,1981,1981-10-18,[18],Drama,Drama,6.7,22,0.282375479,17.0117,en,"Jim Bergerac is a detective sergeant in The Foreigners Office who likes to do things his own way.

While dealing with his own personal demons Bergerac has a knack of finding trouble, and sometimes causing it.",10,tv_1596_Prime Video,tv_1596,1,TRUE
13796,Underbelly,tv,Prime Video,9,2008,2008-02-13,[18],Drama,Drama,6.356,45,0.524807339,16.9801,en,"Underbelly is an Australian television true crime-drama series, each series is a stand alone story based on real-life events.",10,tv_13796_Prime Video,tv_13796,1,TRUE
3163,Foyle's War,tv,Prime Video,9,2002,2002-10-27,"[9648, 18, 10768, 80]",Mystery|Drama|War & Politics|Crime,Mystery,7.829,105,1.358752066,16.9602,en,"As WW2 rages around the world, DCS Foyle fights his own war on the home-front as he investigates crimes on the south coast of England. Foyle's War opens in southern England in the year 1940. Later series sees the retired detective working as an MI5 agent operating in the aftermath of the war.",10,tv_3163_Prime Video,tv_3163,1,TRUE
39373,Red vs. Blue,tv,Prime Video,9,2003,2003-04-01,"[16, 35, 10765]",Animation|Comedy|Sci-Fi & Fantasy,Animation,7.576,79,1.033685665,16.8826,en,"In the distant future, two groups of soldiers battle for control of the least desirable piece of real estate in the known universe: a box canyon in the middle of nowhere.",10,tv_39373_Prime Video,tv_39373,2,FALSE
3797,Life,tv,Prime Video,9,2007,2007-09-26,"[18, 9648, 80]",Drama|Mystery|Crime,Drama,7.68,261,2.634007884,16.7345,en,"Complex, offbeat Detective Charlie Crews returns to the force after serving time in prison for a crime he didn't commit. Crews' new lease on life has provided him with a Zen-like outlook, peace of mind and no need for vengeance, an attitude which can be challenging to maintain when someone he cares about is threatened — or when he is investigating the mystery surrounding the murder he was falsely accused of.",10,tv_3797_Prime Video,tv_3797,2,FALSE
1027,The Carol Burnett Show,tv,Prime Video,9,1967,1967-09-11,"[35, 10751]",Comedy|Family,Comedy,7.713,68,0.923387324,16.7104,en,"The Carol Burnett Show is an American variety/sketch comedy television show starring Carol Burnett, Harvey Korman, Vicki Lawrence, Lyle Waggoner, and Tim Conway. It originally ran on CBS from September 11, 1967, to March 29, 1978, for 278 episodes and originated from CBS Television City's Studio 33. The series won 25 prime time Emmy Awards, was ranked No. 16 on TV Guide's 50 Greatest TV Shows of All Time in 2002 and in 2007 was listed as one of Time magazine's ""100 Best TV Shows of All Time.""",10,tv_1027_Prime Video,tv_1027,2,FALSE
153657,Bosch: Legacy,tv,Prime Video,9,2022,2022-05-05,"[80, 18]",Crime|Drama,Crime,7.933,253,2.665403718,16.7021,en,"Bosch is now making a living as a private investigator two years after he quit the LAPD and finds himself working with one time enemy and top-notch attorney Honey “Money” Chandler. Meanwhile, Bosch's daughter Maddie is venturing into the world of the LAPD.",10,tv_153657_Prime Video,tv_153657,1,TRUE
2260,H2O: Just Add Water,tv,Prime Video,9,2006,2006-07-07,"[18, 10751, 10765]",Drama|Family|Sci-Fi & Fantasy,Drama,7.8,699,4.547289408,16.681,en,H2O: Just Add Water revolves around three teenage girls facing everyday teen problems with an added twist: they cope with the burden of growing a giant fin and transforming into mermaids whenever they come in contact with water.,10,tv_2260_Prime Video,tv_2260,1,TRUE
43017,Great Teacher Onizuka,tv,Prime Video,9,1999,1999-06-30,"[16, 35, 18]",Animation|Comedy|Drama,Animation,8.418,268,2.93753125,16.5841,ja,"A former gang member wants to be Japan's best teacher. When he's hired to supervise a class of hopeless cases, it's his chance to prove himself.",10,tv_43017_Prime Video,tv_43017,2,FALSE
91552,Departure,tv,Prime Video,9,2019,2019-07-10,"[18, 80]",Drama|Crime,Drama,6.504,112,1.19027451,16.5613,en,"Follow the mystery of Flight 716 - a passenger plane that vanishes over the Atlantic Ocean. Following the mysterious crash, recently widowed, brilliant aviation investigator Kendra Malley is called in to investigate by her former boss and mentor Howard Lawson.",10,tv_91552_Prime Video,tv_91552,1,TRUE
14666,The Listener,tv,Prime Video,9,2009,2009-06-04,"[10759, 80, 18]",Action & Adventure|Crime|Drama,Action & Adventure,6.9,118,1.317475728,16.561,en,"Toby Logan is a highly skilled paramedic with a secret – he can read minds. Toby never really knew his parents and grew up in foster care, this coupled with his secret, which he shares with no one, has made him a bit of a loner. Until now, Toby has kept his ability hidden, exploring its possibilities only with his long time mentor and confidante Dr. Ray Mercer.",10,tv_14666_Prime Video,tv_14666,1,TRUE
62858,Colony,tv,Prime Video,9,2016,2016-01-14,"[10765, 18]",Sci-Fi & Fantasy|Drama,Sci-Fi & Fantasy,6.852,645,3.859860262,16.4481,en,"In the near future a family must make difficult decisions as they balance staying together with trying to survive. They live in Los Angeles, which has been occupied by a force of outside intruders.  While some people have chosen to collaborate with the authorities and benefit from the new order, others have rebelled — and suffer the consequences.",10,tv_62858_Prime Video,tv_62858,1,TRUE
350,The Devil Wears Prada,movie,Max,1899,2006,2006-06-29,"[18, 35]",Drama|Comedy,Drama,7.408,13390,7.141333333,286.318,en,"A young woman from the Midwest gets more than she bargained for when she moves to New York to become a writer and ends up as the assistant to the tyrannical, larger-than-life editor-in-chief of a major fashion magazine.",1,movie_350_Max,movie_350,3,FALSE
460465,Mortal Kombat,movie,Max,1899,2021,2021-04-07,"[28, 14, 12]",Action|Fantasy|Adventure,Action,7.013,6492,6.511498284,132.6885,en,"Washed-up MMA fighter Cole Young, unaware of his heritage, and hunted by Emperor Shang Tsung's best warrior, Sub-Zero, seeks out and trains with Earth's greatest champions as he prepares to stand against the enemies of Outworld in a high stakes battle for the universe.",1,movie_460465_Max,movie_460465,1,TRUE
840464,Greenland 2: Migration,movie,Max,1899,2026,2026-01-07,"[12, 53, 878]",Adventure|Thriller|Science Fiction,Adventure,6.415,1029,4.317223676,67.2197,en,"Having found the safety of the Greenland bunker after the comet Clarke decimated the Earth, the Garrity family must now risk everything to embark on a perilous journey across the wasteland of Europe to find a new home.",1,movie_840464_Max,movie_840464,1,TRUE
1316092,"""Wuthering Heights""",movie,Max,1899,2026,2026-02-11,"[10749, 18]",Romance|Drama,Romance,6.6,941,4.309923664,40.016,en,"Tragedy strikes when Heathcliff falls in love with Catherine Earnshaw, a woman from a wealthy family in 18th-century England.",1,movie_1316092_Max,movie_1316092,1,TRUE
155,The Dark Knight,movie,Max,1899,2008,2008-07-16,"[28, 80, 53]",Action|Crime|Thriller,Action,8.53,35700,8.41218232,38.5044,en,"Batman raises the stakes in his war on crime. With the help of Lt. Jim Gordon and District Attorney Harvey Dent, Batman sets out to dismantle the remaining criminal organizations that plague the streets. The partnership proves to be effective, but they soon find themselves prey to a reign of chaos unleashed by a rising criminal mastermind known to the terrified citizens of Gotham as the Joker.",1,movie_155_Max,movie_155,1,TRUE
122,The Lord of the Rings: The Return of the King,movie,Max,1899,2003,2003-12-17,"[12, 14, 28]",Adventure|Fantasy|Action,Adventure,8.498,26472,8.340466261,37.3171,en,"As armies mass for a final battle that will decide the fate of the world--and powerful, ancient forces of Light and Dark compete to determine the outcome--one member of the Fellowship of the Ring is revealed as the noble heir to the throne of the Kings of Men. Yet, the sole hope for triumph over evil lies with a brave hobbit, Frodo, who, accompanied by his loyal friend Sam and the hideous, wretched Gollum, ventures deep into the very dark heart of Mordor on his seemingly impossible quest to destroy the Ring of Power.​",1,movie_122_Max,movie_122,1,TRUE
1038392,The Conjuring: Last Rites,movie,Max,1899,2025,2025-09-03,[27],Horror,Horror,6.887,1797,5.387870701,37.3128,en,Paranormal investigators Ed and Lorraine Warren take on one last terrifying case involving mysterious entities they must confront.,1,movie_1038392_Max,movie_1038392,2,FALSE
120,The Lord of the Rings: The Fellowship of the Ring,movie,Max,1899,2001,2001-12-18,"[12, 14, 28]",Adventure|Fantasy|Action,Adventure,8.434,27476,8.283263655,34.8124,en,"Young hobbit Frodo Baggins, after inheriting a mysterious ring from his uncle Bilbo, must leave his home in order to keep it from falling into the hands of its evil creator. Along the way, a fellowship is formed to protect the ringbearer and make sure that the ring arrives at its final destination: Mt. Doom, the only place where it can be destroyed.",1,movie_120_Max,movie_120,1,TRUE
129,Spirited Away,movie,Max,1899,2001,2001-07-20,"[16, 10751, 14]",Animation|Family|Fantasy,Animation,8.534,18272,8.306693373,33.9333,ja,"A young girl, Chihiro, becomes trapped in a strange new world of spirits. When her parents undergo a mysterious transformation, she must call upon the courage she never knew she had to free her family.",1,movie_129_Max,movie_129,1,TRUE
9823,Mortal Kombat: Annihilation,movie,Max,1899,1997,1997-11-11,"[28, 14, 878]",Action|Fantasy|Science Fiction,Action,4.539,1324,3.294756579,31.0421,en,"A group of heroic warriors has only six days to save the planet in ""Mortal Kombat Annihilation."" To succeed they must survive the most spectacular series of challenges any human, or god, has ever encountered as they battle an evil warlord bent on taking control of Earth.",1,movie_9823_Max,movie_9823,1,TRUE
671,Harry Potter and the Philosopher's Stone,movie,Max,1899,2001,2001-11-16,"[12, 14]",Adventure|Fantasy,Adventure,7.898,29496,7.766349113,30.3279,en,"Harry Potter has lived under the stairs at his aunt and uncle's house his whole life. But on his 11th birthday, he learns he's a powerful wizard—with a place waiting for him at the Hogwarts School of Witchcraft and Wizardry. As he learns to harness his newfound powers with the help of the school's kindly headmaster, Harry uncovers the truth about his parents' deaths—and about the villain who's to blame.",1,movie_671_Max,movie_671,2,FALSE
372058,Your Name.,movie,Max,1899,2016,2016-08-26,"[16, 10749, 18]",Animation|Romance|Drama,Animation,8.5,12507,8.173252864,29.0259,ja,"High schoolers Mitsuha and Taki are complete strangers living separate lives. But one night, they suddenly switch places. Mitsuha wakes up in Taki’s body, and he in hers. This bizarre occurrence continues to happen randomly, and the two must adjust their lives around each other.",1,movie_372058_Max,movie_372058,1,TRUE
1233413,Sinners,movie,Max,1899,2025,2025-04-16,"[27, 28, 53]",Horror|Action|Thriller,Horror,7.48,4470,6.727484909,28.8601,en,"Trying to leave their troubled lives behind, twin brothers return to their hometown to start again, only to discover that an even greater evil is waiting to welcome them back.",1,movie_1233413_Max,movie_1233413,2,FALSE
1061474,Superman,movie,Max,1899,2025,2025-07-09,"[878, 12, 28]",Science Fiction|Adventure|Action,Science Fiction,7.3,4720,6.600766284,28.7993,en,"Superman, a journalist in Metropolis, embarks on a journey to reconcile his Kryptonian heritage with his human upbringing as Clark Kent.",1,movie_1061474_Max,movie_1061474,1,TRUE
438631,Dune,movie,Max,1899,2021,2021-09-15,"[878, 12]",Science Fiction|Adventure,Science Fiction,7.781,14823,7.527100633,27.4178,en,"Paul Atreides, a brilliant and gifted young man born into a great destiny beyond his understanding, must travel to the most dangerous planet in the universe to ensure the future of his family and his people. As malevolent forces explode into conflict over the planet's exclusive supply of the most precious resource in existence-a commodity capable of unlocking humanity's greatest potential-only those who can conquer their fear will survive.",1,movie_438631_Max,movie_438631,1,TRUE
980477,Ne Zha 2,movie,Max,1899,2025,2025-01-29,"[16, 28, 14, 12]",Animation|Action|Fantasy|Adventure,Animation,8.135,672,4.66443686,26.9702,zh,"After a catastrophic event leaves their bodies destroyed, Ne Zha and Ao Bing are granted a fragile second chance at life. As tensions rise between the dragon clans and celestial forces, the two must undergo a series of perilous trials that will test their bond, challenge their identities, and decide the fate of both mortals and immortals.",1,movie_980477_Max,movie_980477,1,TRUE
121,The Lord of the Rings: The Two Towers,movie,Max,1899,2002,2002-12-18,"[12, 14, 28]",Adventure|Fantasy|Action,Adventure,8.417,23818,8.243938893,26.8779,en,"Frodo Baggins and the other members of the Fellowship continue on their sacred quest to destroy the One Ring--but on separate paths. Their destinies lie at two towers--Orthanc Tower in Isengard, where the corrupt wizard Saruman awaits, and Sauron's fortress at Barad-dur, deep within the dark lands of Mordor. Frodo and Sam are trekking to Mordor to destroy the One Ring of Power while Gimli, Legolas and Aragorn search for the orc-captured Merry and Pippin. All along, nefarious wizard Saruman awaits the Fellowship members at the Orthanc Tower in Isengard.",1,movie_121_Max,movie_121,1,TRUE
693134,Dune: Part Two,movie,Max,1899,2024,2024-02-27,"[878, 12]",Science Fiction|Adventure,Science Fiction,8.126,7898,7.642194332,26.8246,en,"Follow the mythic journey of Paul Atreides as he unites with Chani and the Fremen while on a path of revenge against the conspirators who destroyed his family. Facing a choice between the love of his life and the fate of the known universe, Paul endeavors to prevent a terrible future only he can foresee.",1,movie_693134_Max,movie_693134,1,TRUE
664767,Mortal Kombat Legends: Scorpion's Revenge,movie,Max,1899,2020,2020-04-12,"[16, 28, 14]",Animation|Action|Fantasy,Animation,8.088,1465,6.029984733,25.732,en,"After the vicious slaughter of his family by stone-cold mercenary Sub-Zero, Hanzo Hasashi is exiled to the torturous Netherrealm. There, in exchange for his servitude to the sinister Quan Chi, he’s given a chance to avenge his family – and is resurrected as Scorpion, a lost soul bent on revenge. Back on Earthrealm, Lord Raiden gathers a team of elite warriors – Shaolin monk Liu Kang, Special Forces officer Sonya Blade, and action star Johnny Cage – an unlikely band of heroes with one chance to save humanity. To do this, they must defeat Shang Tsung's horde of Outworld gladiators and reign over the Mortal Kombat tournament.",1,movie_664767_Max,movie_664767,1,TRUE
569094,Spider-Man: Across the Spider-Verse,movie,Max,1899,2023,2023-05-31,"[16, 28, 12, 878]",Animation|Action|Adventure|Science Fiction,Animation,8.335,8555,7.87475704,25.5938,en,"After reuniting with Gwen Stacy, Brooklyn’s full-time, friendly neighborhood Spider-Man is catapulted across the Multiverse, where he encounters the Spider Society, a team of Spider-People charged with protecting the Multiverse's very existence. But when the heroes clash on how to handle a new threat, Miles finds himself pitted against the other Spiders and must set out on his own to save those he loves most.",1,movie_569094_Max,movie_569094,2,FALSE
348,Alien,movie,Max,1899,1979,1979-05-25,"[27, 878]",Horror|Science Fiction,Horror,8.171,16310,7.927960143,25.3478,en,"During its return to the earth, commercial spaceship Nostromo intercepts a distress signal from a distant planet. When a three-member team of the crew discovers a chamber containing thousands of eggs on the planet, a creature inside one of the eggs attacks an explorer. The entire crew is unaware of the impending nightmare set to descend upon them when the alien parasite planted inside its unfortunate host is birthed.",2,movie_348_Max,movie_348,1,TRUE
346698,Barbie,movie,Max,1899,2023,2023-07-19,"[35, 12, 14]",Comedy|Adventure|Fantasy,Comedy,6.9,11061,6.601582908,25.0769,en,"Barbie and Ken are having the time of their lives in the colorful and seemingly perfect world of Barbie Land. However, when they get a chance to go to the real world, they soon discover the joys and perils of living among humans.",2,movie_346698_Max,movie_346698,1,TRUE
693134,Dune: Part Two,movie,Max,1899,2024,2024-02-27,"[878, 12]",Science Fiction|Adventure,Science Fiction,8.126,7898,7.642194332,26.8246,en,"Follow the mythic journey of Paul Atreides as he unites with Chani and the Fremen while on a path of revenge against the conspirators who destroyed his family. Facing a choice between the love of his life and the fate of the known universe, Paul endeavors to prevent a terrible future only he can foresee.",2,movie_693134_Max,movie_693134,1,TRUE
675,Harry Potter and the Order of the Phoenix,movie,Max,1899,2007,2007-07-08,"[12, 14]",Adventure|Fantasy,Adventure,7.672,20747,7.491456864,20.6307,en,"Returning for his fifth year at Hogwarts, Harry is stunned to find that his warnings about the return of Lord Voldemort have been ignored. Left with no choice, Harry takes matters into his own hands, training a small group of motivated students to defend themselves against the Dark Arts.",2,movie_675_Max,movie_675,2,FALSE
9312,Mortal Kombat,movie,Max,1899,1995,1995-08-18,"[28, 14]",Action|Fantasy,Action,5.883,2523,4.909959974,22.716,en,"For nine generations an evil sorcerer has been victorious in hand-to-hand battle against his mortal enemies. If he wins a tenth Mortal Kombat tournament, desolation and evil will reign over the multiverse forever. To save Earth, three warriors must overcome seemingly insurmountable odds, their own inner demons, and superhuman foes.",2,movie_9312_Max,movie_9312,1,TRUE
1317288,Marty Supreme,movie,Max,1899,2025,2025-12-19,"[18, 53]",Drama|Thriller,Drama,7.382,1699,5.703509777,22.8679,en,"Marty Mauser, a young man with a dream no one respects, goes to hell and back in pursuit of greatness.",2,movie_1317288_Max,movie_1317288,1,TRUE
1078605,Weapons,movie,Max,1899,2025,2025-08-04,"[27, 9648]",Horror|Mystery,Horror,7.251,3341,6.307105181,22.5399,en,"When all but one child from the same class mysteriously vanish on the same night at exactly the same time, a community is left questioning who or what is behind their disappearance.",2,movie_1078605_Max,movie_1078605,2,FALSE
673,Harry Potter and the Prisoner of Azkaban,movie,Max,1899,2004,2004-05-31,"[12, 14]",Adventure|Fantasy,Adventure,8.008,23089,7.838259867,21.2486,en,"Year three at Hogwarts means new fun and challenges as Harry learns the delicate art of approaching a Hippogriff, transforming shape-shifting Boggarts into hilarity and even turning back time. But the term also brings danger: soul-sucking Dementors hover over the school, an ally of the accursed He-Who-Cannot-Be-Named lurks within the castle walls, and fearsome wizard Sirius Black escapes Azkaban. And Harry will confront them all.",2,movie_673_Max,movie_673,2,FALSE
1054867,One Battle After Another,movie,Max,1899,2025,2025-09-23,"[53, 80, 35]",Thriller|Crime|Comedy,Thriller,7.367,3644,6.478124517,21.1455,en,"Washed-up revolutionary Bob exists in a state of stoned paranoia, surviving off-grid with his spirited, self-reliant daughter, Willa. When his evil nemesis resurfaces after 16 years and she goes missing, the former radical scrambles to find her, father and daughter both battling the consequences of his past.",2,movie_1054867_Max,movie_1054867,1,TRUE
950387,A Minecraft Movie,movie,Max,1899,2025,2025-03-31,"[10751, 14, 35, 12]",Family|Fantasy|Comedy|Adventure,Family,6.264,2972,5.361926267,22.3059,en,"Four misfits find themselves struggling with ordinary problems when they are suddenly pulled through a mysterious portal into the Overworld: a bizarre, cubic wonderland that thrives on imagination. To get back home, they'll have to master this world while embarking on a magical quest with an unexpected, expert crafter, Steve.",2,movie_950387_Max,movie_950387,2,FALSE
4935,Howl's Moving Castle,movie,Max,1899,2004,2004-09-09,"[14, 16, 12]",Fantasy|Animation|Adventure,Fantasy,8.386,11033,8.022434579,23.9681,ja,"Sophie, a young milliner, is turned into an elderly woman by a witch who enters her shop and curses her. She encounters a wizard named Howl and gets caught up in his resistance to fighting for the king.",2,movie_4935_Max,movie_4935,1,TRUE
12445,Harry Potter and the Deathly Hallows: Part 2,movie,Max,1899,2011,2011-07-12,"[12, 14]",Adventure|Fantasy,Adventure,8.079,21924,7.898858188,19.9575,en,"Harry, Ron and Hermione continue their quest to vanquish the evil Voldemort once and for all. Just as things begin to look hopeless for the young wizards, Harry discovers a trio of magical objects that endow him with powers to rival Voldemort's formidable skills.",2,movie_12445_Max,movie_12445,2,FALSE
218,The Terminator,movie,Max,1899,1984,1984-10-26,"[28, 53, 878]",Action|Thriller|Science Fiction,Action,7.7,14548,7.444152047,21.7339,en,"In the post-apocalyptic future, reigning tyrannical supercomputers teleport a cyborg assassin known as the ""Terminator"" back to 1984 to kill Sarah Connor, whose unborn son is destined to lead insurgents against 21st century mechanical hegemony. Meanwhile, the human-resistance movement dispatches a lone warrior to safeguard Sarah. Can he stop the virtually indestructible killing machine?",2,movie_218_Max,movie_218,2,FALSE
541671,Ballerina,movie,Max,1899,2025,2025-06-04,"[28, 53, 80]",Action|Thriller|Crime,Action,7.234,2564,6.053516971,20.7893,en,"Taking place during the events of John Wick: Chapter 3 – Parabellum, Eve Macarro begins her training in the assassin traditions of the Ruska Roma.",2,movie_541671_Max,movie_541671,1,TRUE
564,The Mummy,movie,Max,1899,1999,1999-04-16,"[12, 28, 14]",Adventure|Action|Fantasy,Adventure,6.969,9953,6.635650722,20.8901,en,Dashing legionnaire Rick O'Connell stumbles upon the hidden ruins of Hamunaptra while in the midst of a battle to claim the area in 1920s Egypt. It has been over three thousand years since former High Priest Imhotep suffered a fate worse than death as a punishment for a forbidden love—along with a curse that guarantees eternal doom upon the world if he is ever awoken.,2,movie_564_Max,movie_564,2,FALSE
414906,The Batman,movie,Max,1899,2022,2022-03-01,"[80, 9648, 53]",Crime|Mystery|Thriller,Crime,7.661,11876,7.351489657,22.6892,en,"In his second year of fighting crime, Batman uncovers corruption in Gotham City that connects to his own family while facing a serial killer known as the Riddler.",2,movie_414906_Max,movie_414906,1,TRUE
603692,John Wick: Chapter 4,movie,Max,1899,2023,2023-03-21,"[28, 53, 80]",Action|Thriller|Crime,Action,7.706,7876,7.245995224,19.5427,en,"With the price on his head ever increasing, John Wick uncovers a path to defeating The High Table. But before he can earn his freedom, Wick must face off against a new enemy with powerful alliances across the globe and forces that turn old friends into foes.",2,movie_603692_Max,movie_603692,1,TRUE
436969,The Suicide Squad,movie,Max,1899,2021,2021-07-28,"[28, 35, 12]",Action|Comedy|Adventure,Action,7.461,9552,7.089879825,16.5299,en,"Supervillains Harley Quinn, Bloodsport, Peacemaker and a collection of nutty cons at Belle Reve prison join the super-secret, super-shady Task Force X as they are dropped off at the remote, enemy-infused island of Corto Maltese.",2,movie_436969_Max,movie_436969,1,TRUE
674,Harry Potter and the Goblet of Fire,movie,Max,1899,2005,2005-11-16,"[12, 14]",Adventure|Fantasy,Adventure,7.801,22099,7.628403867,20.8212,en,"When his name emerges from the Goblet of Fire, Harry Potter becomes a competitor in a grueling battle for glory among three wizarding schools—the Triwizard Tournament. But since Harry never submitted his name for the Tournament, who did? Now Harry must confront a deadly dragon, fierce water demons, and an enchanted maze only to find himself in the cruel grasp of He Who Must Not Be Named.",2,movie_674_Max,movie_674,2,FALSE
138843,The Conjuring,movie,Max,1899,2013,2013-07-18,"[27, 53]",Horror|Thriller,Horror,7.537,12673,7.250922417,19.4022,en,"Paranormal investigators Ed and Lorraine Warren work to help a family terrorized by a dark presence in their farmhouse. Forced to confront a powerful entity, the Warrens find themselves caught in the most terrifying case of their lives.",2,movie_138843_Max,movie_138843,1,TRUE
138843,The Conjuring,movie,Max,1899,2013,2013-07-18,"[27, 53]",Horror|Thriller,Horror,7.537,12674,7.250944132,19.4022,en,"Paranormal investigators Ed and Lorraine Warren work to help a family terrorized by a dark presence in their farmhouse. Forced to confront a powerful entity, the Warrens find themselves caught in the most terrifying case of their lives.",3,movie_138843_Max,movie_138843,1,TRUE
767,Harry Potter and the Half-Blood Prince,movie,Max,1899,2009,2009-07-15,"[12, 14]",Adventure|Fantasy,Adventure,7.68,20725,7.499081272,19.1774,en,"As Lord Voldemort tightens his grip on both the Muggle and wizarding worlds, Hogwarts is no longer a safe haven. Harry suspects perils may even lie within the castle, but Dumbledore is more intent upon preparing him for the final battle fast approaching. Together they work to find the key to unlock Voldemorts defenses and to this end, Dumbledore recruits his old friend and colleague Horace Slughorn, whom he believes holds crucial information. Even as the decisive showdown looms, romance blossoms for Harry, Ron, Hermione and their classmates. Love is in the air, but danger lies ahead and Hogwarts may never be the same again.",3,movie_767_Max,movie_767,2,FALSE
8966,Twilight,movie,Max,1899,2008,2008-11-20,"[14, 18, 10749]",Fantasy|Drama|Romance,Fantasy,6.3,14364,6.088078579,18.922,en,"When Bella Swan moves to a small town in the Pacific Northwest, she falls in love with Edward Cullen, a mysterious classmate who reveals himself to be a 108-year-old vampire. Despite Edward's repeated cautions, Bella can't stay away from him, a fatal move that endangers her own life.",3,movie_8966_Max,movie_8966,1,TRUE
49026,The Dark Knight Rises,movie,Max,1899,2012,2012-07-17,"[28, 80, 18, 53]",Action|Crime|Drama|Thriller,Action,7.795,24302,7.637855415,18.6118,en,"Following the death of District Attorney Harvey Dent, Batman assumes responsibility for Dent's crimes to protect the late attorney's reputation and is subsequently hunted by the Gotham City Police Department. Eight years later, Batman encounters the mysterious Selina Kyle and the villainous Bane, a new terrorist leader who overwhelms Gotham's finest. The Dark Knight resurfaces to protect a city that has branded him an enemy.",3,movie_49026_Max,movie_49026,1,TRUE
20352,Despicable Me,movie,Max,1899,2010,2010-07-08,"[16, 35, 80, 10751, 878]",Animation|Comedy|Crime|Family|Science Fiction,Animation,7.257,16022,7.037383731,18.5066,en,"Gru is a supervillain determined to prove he’s the greatest by stealing the Moon. To pull off his plan, he adopts three orphaned girls—Margo, Edith, and Agnes—intending to use them as part of his scheme. However, as Gru bonds with the girls, his cold, villainous exterior begins to melt.",3,movie_20352_Max,movie_20352,1,TRUE
346,Seven Samurai,movie,Max,1899,1954,1954-04-26,"[28, 18]",Action|Drama,Action,8.452,4218,7.556281475,17.8739,ja,"A samurai answers a village's request for protection after he falls on hard times. The town needs protection from bandits, so the samurai gathers six others to help him teach the people how to defend themselves, and the villagers provide the soldiers with food.",3,movie_346_Max,movie_346,1,TRUE
475557,Joker,movie,Max,1899,2019,2019-10-01,"[80, 53, 18]",Crime|Thriller|Drama,Crime,8.125,27661,7.980740208,17.8729,en,"During the 1980s, a failed stand-up comedian is driven insane and turns to a life of crime and chaos in Gotham City while becoming an infamous psychopathic crime figure.",3,movie_475557_Max,movie_475557,1,TRUE
574475,Final Destination Bloodlines,movie,Max,1899,2025,2025-05-14,"[27, 9648]",Horror|Mystery,Horror,7.04,2815,5.978159879,17.8551,en,"Plagued by a violent recurring nightmare, college student Stefanie heads home to track down the one person who might be able to break the cycle and save her family from the grisly demise that inevitably awaits them all.",3,movie_574475_Max,movie_574475,1,TRUE
933260,The Substance,movie,Max,1899,2024,2024-09-07,"[27, 878]",Horror|Science Fiction,Horror,7.135,5954,6.58224202,17.7533,en,"A fading celebrity decides to use a black market drug, a cell-replicating substance that temporarily creates a younger, better version of herself.",3,movie_933260_Max,movie_933260,1,TRUE
77,Memento,movie,Max,1899,2000,2000-10-11,"[9648, 53]",Mystery|Thriller,Mystery,8.178,16177,7.932812017,17.6174,en,"Leonard Shelby is tracking down the man who raped and murdered his wife. The difficulty of locating his wife's killer, however, is compounded by the fact that he suffers from a rare, untreatable form of short-term memory loss. Although he can recall details of life before his accident, Leonard cannot remember what happened fifteen minutes ago, where he's going, or why.",3,movie_77_Max,movie_77,3,FALSE
12444,Harry Potter and the Deathly Hallows: Part 1,movie,Max,1899,2010,2010-11-17,"[12, 14]",Adventure|Fantasy,Adventure,7.734,20320,7.54826513,17.5888,en,"Harry, Ron and Hermione walk away from their last year at Hogwarts to find and destroy the remaining Horcruxes, putting an end to Voldemort's bid for immortality. But with Harry's beloved Dumbledore dead and Voldemort's unscrupulous Death Eaters on the loose, the world is more dangerous than ever.",3,movie_12444_Max,movie_12444,2,FALSE
823464,Godzilla x Kong: The New Empire,movie,Max,1899,2024,2024-03-27,"[28, 12, 878]",Action|Adventure|Science Fiction,Action,7.051,4643,6.365505153,17.0817,en,"Following their explosive showdown, Godzilla and Kong must reunite against a colossal undiscovered threat hidden within our world, challenging their very existence – and our own.",3,movie_823464_Max,movie_823464,2,FALSE
346364,It,movie,Max,1899,2017,2017-09-06,"[27, 53, 18]",Horror|Thriller|Drama,Horror,7.24,20277,7.065768879,16.6249,en,"In a small town in Maine, seven children known as The Losers Club come face to face with life problems, bullies and a monster that takes the shape of a clown called Pennywise.",3,movie_346364_Max,movie_346364,1,TRUE
436969,The Suicide Squad,movie,Max,1899,2021,2021-07-28,"[28, 35, 12]",Action|Comedy|Adventure,Action,7.461,9553,7.089916741,16.5299,en,"Supervillains Harley Quinn, Bloodsport, Peacemaker and a collection of nutty cons at Belle Reve prison join the super-secret, super-shady Task Force X as they are dropped off at the remote, enemy-infused island of Corto Maltese.",3,movie_436969_Max,movie_436969,1,TRUE
49051,The Hobbit: An Unexpected Journey,movie,Max,1899,2012,2012-12-12,"[12, 14, 28]",Adventure|Fantasy|Action,Adventure,7.372,19584,7.188470823,16.3193,en,"Bilbo Baggins, a hobbit enjoying his quiet life, is swept into an epic quest by Gandalf the Grey and thirteen dwarves who seek to reclaim their mountain home from Smaug, the dragon.",3,movie_49051_Max,movie_49051,1,TRUE
823219,Flow,movie,Max,1899,2024,2024-08-29,"[12, 16, 10751, 14]",Adventure|Animation|Family|Fantasy,Adventure,8.086,2791,6.857498025,16.2005,lv,"A solitary cat, displaced by a great flood, finds refuge on a boat with various species and must navigate the challenges of adapting to a transformed world together.",3,movie_823219_Max,movie_823219,1,TRUE
679,Aliens,movie,Max,1899,1986,1986-07-18,"[28, 53, 878]",Action|Thriller|Science Fiction,Action,7.963,10812,7.611028642,16.1456,en,"Ripley, the sole survivor of the Nostromo's deadly encounter with the monstrous Alien, returns to Earth after drifting through space in hypersleep for 57 years. Although her story is initially met with skepticism, she agrees to accompany a team of Colonial Marines back to LV-426.",3,movie_679_Max,movie_679,1,TRUE
50619,The Twilight Saga: Breaking Dawn - Part 1,movie,Max,1899,2011,2011-11-16,"[12, 14, 10749]",Adventure|Fantasy|Romance,Adventure,6.188,9249,5.870634116,15.9802,en,Bella Swan and Edward Cullen's honeymoon phase is abruptly disrupted by betrayals and unforeseen tragedies that endanger their world.,3,movie_50619_Max,movie_50619,1,TRUE
128,Princess Mononoke,movie,Max,1899,1997,1997-07-12,"[12, 14, 16]",Adventure|Fantasy|Animation,Adventure,8.323,8945,7.882396506,15.5674,ja,"Ashitaka, a prince of the disappearing Emishi people, is cursed by a demonized boar god and must journey to the west to find a cure. Along the way, he encounters San, a young human woman fighting to protect the forest, and Lady Eboshi, who is trying to destroy it. Ashitaka must find a way to bring balance to this conflict.",3,movie_128_Max,movie_128,1,TRUE
524047,Greenland,movie,Max,1899,2020,2020-07-29,"[53, 12, 28, 878]",Thriller|Adventure|Action|Science Fiction,Thriller,7.128,5264,6.509679389,15.3675,en,"John Garrity, his estranged wife and their young son embark on a perilous journey to find sanctuary as a planet-killing comet hurtles toward Earth. Amid terrifying accounts of cities getting levelled, the Garritys experience the best and worst in humanity. As the countdown to the global apocalypse approaches zero, their incredible trek culminates in a desperate and last-minute flight to a possible safe haven.",3,movie_524047_Max,movie_524047,1,TRUE
791373,Zack Snyder's Justice League,movie,Max,1899,2021,2021-03-18,"[28, 12, 14]",Action|Adventure|Fantasy,Action,8.089,10782,7.730508598,15.2054,en,"Determined to ensure Superman's ultimate sacrifice was not in vain, Bruce Wayne aligns forces with Diana Prince with plans to recruit a team of metahumans to protect the world from an approaching threat of catastrophic proportions.",4,movie_791373_Max,movie_791373,1,TRUE
62,2001: A Space Odyssey,movie,Max,1899,1968,1968-04-02,"[878, 9648, 12]",Science Fiction|Mystery|Adventure,Science Fiction,8.052,12553,7.743565157,15.1931,en,"Humanity finds a mysterious object buried beneath the lunar surface and sets off to find its origins with the help of HAL 9000, the world's most advanced super computer.",4,movie_62_Max,movie_62,1,TRUE
713704,Evil Dead Rise,movie,Max,1899,2023,2023-04-12,"[27, 53]",Horror|Thriller,Horror,6.918,3645,6.083500603,14.8685,en,"A reunion between two estranged sisters gets cut short by the rise of flesh-possessing demons, thrusting them into a primal battle for survival as they face the most nightmarish version of family imaginable.",4,movie_713704_Max,movie_713704,1,TRUE
272,Batman Begins,movie,Max,1899,2005,2005-06-10,"[18, 80, 28]",Drama|Crime|Action,Drama,7.725,22545,7.557393144,14.7221,en,"Driven by tragedy, billionaire Bruce Wayne dedicates his life to uncovering and defeating the corruption that plagues his home, Gotham City.  Unable to work within the system, he instead creates a new identity, a symbol of fear for the criminal underworld - The Batman.",4,movie_272_Max,movie_272,1,TRUE
263115,Logan,movie,Max,1899,2017,2017-02-28,"[28, 18, 878]",Action|Drama|Science Fiction,Action,7.8,20358,7.613021383,14.7196,en,"In the near future, a weary Logan cares for an ailing Professor X in a hideout on the Mexican border. But Logan's attempts to hide from the world and his legacy are upended when a young mutant arrives, pursued by dark forces.",4,movie_263115_Max,movie_263115,1,TRUE
841755,Mortal Kombat Legends: Battle of the Realms,movie,Max,1899,2021,2021-08-30,"[16, 28, 14]",Animation|Action|Fantasy,Animation,7.598,492,3.768362903,14.5068,en,"When Shao Kahn's Outworld barbarians terrorize Earthrealm, Lord Raiden is determined to put an end to the carnage once and for all. This leaves one option: a final Mortal Kombat tournament for the future of Earthrealm – win it or lose everything. Raiden's elite fighters Liu Kang, Johnny Cage, Sonya Blade, and a few new faces kick the action into overdrive as they go head-to-head with Outworld's most bloodthirsty warriors. But deep in the Netherrealm, an unspeakable scheme by the malevolent Shinnok unfolds, threatening to obliterate existence.",4,movie_841755_Max,movie_841755,1,TRUE
945961,Alien: Romulus,movie,Max,1899,2024,2024-08-13,"[27, 878]",Horror|Science Fiction,Horror,7.165,4513,6.450358069,14.3725,en,"While scavenging the deep ends of a derelict space station, a group of young space colonizers come face to face with the most terrifying life form in the universe.",4,movie_945961_Max,movie_945961,1,TRUE
696506,Mickey 17,movie,Max,1899,2025,2025-02-28,"[878, 35, 12]",Science Fiction|Comedy|Adventure,Science Fiction,6.831,3507,5.978616671,14.29,en,"Unlikely hero Mickey Barnes finds himself in the extraordinary circumstance of working for an employer who demands the ultimate commitment to the job… to die, for a living.",4,movie_696506_Max,movie_696506,2,FALSE
1084199,Companion,movie,Max,1899,2025,2025-01-22,"[27, 878, 53]",Horror|Science Fiction|Thriller,Horror,7.011,2255,5.738586207,14.0987,en,"During a weekend getaway at a secluded lakeside estate, a group of friends finds themselves entangled in a web of secrets, deception, and advanced technology. As tensions rise and loyalties are tested, they uncover unsettling truths about themselves and the world around them.",4,movie_1084199_Max,movie_1084199,1,TRUE
209112,Batman v Superman: Dawn of Justice,movie,Max,1899,2016,2016-03-23,"[28, 12, 14]",Action|Adventure|Fantasy,Action,5.996,18943,5.841805688,14.0196,en,"Fearing the actions of a god-like Super Hero left unchecked, Gotham City’s own formidable, forceful vigilante takes on Metropolis’s most revered, modern-day savior, while the world wrestles with what sort of hero it really needs. And with Batman and Superman at war with one another, a new threat quickly arises, putting mankind in greater danger than it’s ever known before.",4,movie_209112_Max,movie_209112,1,TRUE
50620,The Twilight Saga: Breaking Dawn - Part 2,movie,Max,1899,2012,2012-11-13,"[14, 18, 10749]",Fantasy|Drama|Romance,Fantasy,6.456,9358,6.128550213,13.9071,en,"After the birth of Renesmee, the Cullens gather other vampire clans in order to protect the child from a false allegation that puts the family in front of the Volturi.",4,movie_50620_Max,movie_50620,1,TRUE
8392,My Neighbor Totoro,movie,Max,1899,1988,1988-04-16,"[14, 16, 10751]",Fantasy|Animation|Family,Fantasy,8.061,8781,7.626725676,13.7045,ja,"Two sisters move to the country with their father in order to be closer to their hospitalized mother, and discover the surrounding trees are inhabited by Totoros, magical spirits of the forest. When the youngest runs away from home, the older sister seeks help from the spirits to find her.",4,movie_8392_Max,movie_8392,1,TRUE
49521,Man of Steel,movie,Max,1899,2013,2013-06-12,"[28, 12, 878]",Action|Adventure|Science Fiction,Action,6.645,16141,6.445342527,13.6915,en,"A young boy learns that he has extraordinary powers and is not of this earth. As a young man, he journeys to discover where he came from and what he was sent here to do. But the hero in him must emerge if he is to save the world from annihilation and become the symbol of hope for all mankind.",4,movie_49521_Max,movie_49521,1,TRUE
373571,Godzilla: King of the Monsters,movie,Max,1899,2019,2019-05-29,"[878, 28]",Science Fiction|Action,Science Fiction,6.692,6687,6.226437178,13.6265,en,"Follows the heroic efforts of the crypto-zoological agency Monarch as its members face off against a battery of god-sized monsters, including the mighty Godzilla, who collides with Mothra, Rodan, and his ultimate nemesis, the three-headed King Ghidorah. When these ancient super-species, thought to be mere myths, rise again, they all vie for supremacy, leaving humanity's very existence hanging in the balance.",4,movie_373571_Max,movie_373571,1,TRUE
118,Charlie and the Chocolate Factory,movie,Max,1899,2005,2005-07-13,"[12, 35, 10751, 14]",Adventure|Comedy|Family|Fantasy,Adventure,7.038,16081,6.825769133,13.4573,en,"A young boy wins a tour through the most magnificent chocolate factory in the world, led by the world's most unusual candy maker.",4,movie_118_Max,movie_118,1,TRUE
1734,The Mummy Returns,movie,Max,1899,2001,2001-05-04,"[12, 28, 14]",Adventure|Action|Fantasy,Adventure,6.399,7641,6.005989313,13.4319,en,"Rick and Evelyn O’Connell, along with their 8-year-old son Alex, discover the key to the legendary Scorpion King’s might: the fabled Bracelet of Anubis. Unfortunately, a newly resurrected Imhotep has designs on the bracelet as well, and isn’t above kidnapping its new bearer, Alex, to gain control of Anubis’s otherworldly army.",4,movie_1734_Max,movie_1734,2,FALSE
297762,Wonder Woman,movie,Max,1899,2017,2017-05-30,"[28, 12, 14]",Action|Adventure|Fantasy,Action,7.209,20874,7.040360531,13.205,en,An Amazon princess comes to the world of Man in the grips of the First World War to confront the forces of evil and bring an end to human conflict.,4,movie_297762_Max,movie_297762,1,TRUE
259693,The Conjuring 2,movie,Max,1899,2016,2016-06-08,[27],Horror,Horror,7.293,9144,6.914889258,13.1084,en,Lorraine and Ed Warren travel to north London to help a single mother raising four children alone in a house plagued by malicious spirits.,4,movie_259693_Max,movie_259693,1,TRUE
572802,Aquaman and the Lost Kingdom,movie,Max,1899,2023,2023-12-20,"[28, 12, 14]",Action|Adventure|Fantasy,Action,6.524,3468,5.701923387,12.9732,en,"Black Manta seeks revenge on Aquaman for his father's death. Wielding the Black Trident's power, he becomes a formidable foe. To defend Atlantis, Arthur (Aquaman) forges an alliance with his imprisoned brother. They must protect the kingdom.",4,movie_572802_Max,movie_572802,1,TRUE
436270,Black Adam,movie,Max,1899,2022,2022-10-19,"[28, 12, 878]",Action|Adventure|Science Fiction,Action,6.809,6997,6.354885021,12.8955,en,"Nearly 5,000 years after he was bestowed with the almighty powers of the Egyptian gods—and imprisoned just as quickly—Black Adam is freed from his earthly tomb, ready to unleash his unique form of justice on the modern world.",4,movie_436270_Max,movie_436270,1,TRUE
786892,Furiosa: A Mad Max Saga,movie,Max,1899,2024,2024-05-22,"[28, 878, 12]",Action|Science Fiction|Adventure,Action,7.454,4834,6.755274841,12.5987,en,"As the world falls, young Furiosa is snatched from the Green Place of Many Mothers into the hands of a great biker horde led by the warlord Dementus. Sweeping through the wasteland, they encounter the citadel presided over by Immortan Joe. The two tyrants wage war for dominance, and Furiosa must survive many trials as she puts together the means to find her way home.",5,movie_786892_Max,movie_786892,1,TRUE
1007401,Mortal Kombat Legends: Snow Blind,movie,Max,1899,2022,2022-10-09,"[16, 28, 14]",Animation|Action|Fantasy,Animation,7.8,233,2.479399727,12.2731,en,"The vicious, power-mad Kano is determined to take over Earthrealm, one soul at a time. Assisted by a trio of cold Black Dragon mercenaries, he embarks on a brutal assault from town to defenseless town. The choice is simple: kneel or be annihilated. Kenshi, a rebel warrior, calls on Kuai Liang, the only one powerful enough to challenge the malevolent Kano. But Kuai Liang has given up the ways of the warrior, and Kenshi is too undisciplined to defeat Kano himself. If Kuai Liang cannot break through the glacier of doubt that holds him back, Earthrealm will fall.",5,movie_1007401_Max,movie_1007401,1,TRUE
545611,Everything Everywhere All at Once,movie,Max,1899,2022,2022-03-24,"[28, 12, 878]",Action|Adventure|Science Fiction,Action,7.722,7901,7.262411856,12.2039,en,"An aging Chinese immigrant is swept up in an insane adventure, where she alone can save what's important to her by connecting with the lives she could have led in other universes.",5,movie_545611_Max,movie_545611,1,TRUE
419430,Get Out,movie,Max,1899,2017,2017-02-24,"[9648, 53, 27]",Mystery|Thriller|Horror,Mystery,7.622,18825,7.424794308,12.7318,en,"Chris and his girlfriend Rose go upstate to visit her parents for the weekend. At first, Chris reads the family's overly accommodating behavior as nervous attempts to deal with their daughter's interracial relationship, but as the weekend progresses, a series of increasingly disturbing discoveries lead him to a truth that he never could have imagined.",5,movie_419430_Max,movie_419430,1,TRUE
49444,Kung Fu Panda 2,movie,Max,1899,2011,2011-05-25,"[16, 10751, 35, 28]",Animation|Family|Comedy|Action,Animation,7.059,7851,6.636356005,11.0439,en,"Po is finally living the dream as the Dragon Warrior—until a shadow from his past comes roaring back. When the ruthless peacock Lord Shen unleashes a devastating new weapon used to wipe out kung fu masters across the land, Po and the Furious Five race across China to put an end to his plans. But if Po is to have any hope of stopping him, he must first confront the truth of his origins—and find inner peace before his past tears him apart.",5,movie_49444_Max,movie_49444,1,TRUE
458156,John Wick: Chapter 3 - Parabellum,movie,Max,1899,2019,2019-05-15,"[28, 53, 80]",Action|Thriller|Crime,Action,7.438,11683,7.13273857,12.3907,en,"Super-assassin John Wick returns with a $14 million price tag on his head and an army of bounty-hunting killers on his trail. After killing a member of the shadowy international assassin’s guild, the High Table, John Wick is excommunicado, but the world’s most ruthless hit men and women await his every turn.",5,movie_458156_Max,movie_458156,1,TRUE
381284,Hidden Figures,movie,Max,1899,2016,2016-12-10,"[18, 36]",Drama|History,Drama,8.041,10397,7.672045242,12.3478,en,"The untold story of Katherine G. Johnson, Dorothy Vaughan and Mary Jackson – brilliant African-American women working at NASA and serving as the brains behind one of the greatest operations in history – the launch of astronaut John Glenn into orbit. The visionary trio crossed all gender and race lines to inspire generations to dream big.",5,movie_381284_Max,movie_381284,1,TRUE
1034062,Mortal Kombat Legends: Cage Match,movie,Max,1899,2023,2023-10-17,"[16, 28, 14]",Animation|Action|Fantasy,Animation,6.8,148,1.55308642,11.8567,en,"In 1980s Hollywood, action star Johnny Cage is looking to become an A-list actor. But when his costar, Jennifer, goes missing from set, Johnny finds himself thrust into a world filled with shadows, danger, and deceit. As he embarks on a bloody journey, Johnny quickly discovers the City of Angels has more than a few devils in its midst. He faces off against a sinister secret society plotting a nefarious scheme, but the brutal fight against the bloodthirsty warriors of the Netherrealm is just beginning.",5,movie_1034062_Max,movie_1034062,1,TRUE
297762,Wonder Woman,movie,Max,1899,2017,2017-05-30,"[28, 12, 14]",Action|Adventure|Fantasy,Action,7.209,20874,7.040360531,13.205,en,An Amazon princess comes to the world of Man in the grips of the First World War to confront the forces of evil and bring an end to human conflict.,5,movie_297762_Max,movie_297762,1,TRUE
57800,Ice Age: Continental Drift,movie,Max,1899,2012,2012-06-27,"[16, 35, 12, 10751]",Animation|Comedy|Adventure|Family,Animation,6.384,8079,6.011928663,11.9716,en,"Manny, Diego, and Sid embark upon another adventure after their continent is set adrift. Using an iceberg as a ship, they encounter sea creatures and battle pirates as they explore a new world.",5,movie_57800_Max,movie_57800,1,TRUE
10494,Perfect Blue,movie,Max,1899,1998,1998-02-28,"[16, 53]",Animation|Thriller,Animation,8.3,3165,7.167667121,11.7815,ja,"Rising pop star Mima quits singing to pursue a career as an actress. After she takes up a role on a popular detective show, her handlers and collaborators begin turning up murdered. Harboring feelings of guilt and haunted by visions of her former self, Mima's reality and fantasy meld into a frenzied paranoia.",5,movie_10494_Max,movie_10494,1,TRUE
770,Gone with the Wind,movie,Max,1899,1939,1939-12-15,"[18, 10752, 10749]",Drama|War|Romance,Drama,7.916,4365,7.10243371,11.7638,en,The spoiled daughter of a Georgia plantation owner conducts a tumultuous romance with a cynical profiteer during the American Civil War and Reconstruction Era.,5,movie_770_Max,movie_770,1,TRUE
439079,The Nun,movie,Max,1899,2018,2018-09-05,[27],Horror,Horror,5.904,7152,5.518218505,11.7127,en,A priest with a dark past and a novice nearing her final vows are sent by the Vatican to Romania to investigate a nun's death and face a demonic force.,5,movie_439079_Max,movie_439079,1,TRUE
1735,The Mummy: Tomb of the Dragon Emperor,movie,Max,1899,2008,2008-07-01,"[12, 28, 14]",Adventure|Action|Fantasy,Adventure,5.516,4797,4.995327921,11.5522,en,"Archaeologist Rick O'Connell travels to China, pitting him against an emperor from the 2,000-year-old Han dynasty who's returned from the dead to pursue a quest for world domination. This time, O'Connell enlists the help of his wife and son to quash the so-called 'Dragon Emperor' and his abuse of supernatural power.",5,movie_1735_Max,movie_1735,2,FALSE
696506,Mickey 17,movie,Max,1899,2025,2025-02-28,"[878, 35, 12]",Science Fiction|Comedy|Adventure,Science Fiction,6.831,3507,5.978616671,14.29,en,"Unlikely hero Mickey Barnes finds himself in the extraordinary circumstance of working for an employer who demands the ultimate commitment to the job… to die, for a living.",5,movie_696506_Max,movie_696506,2,FALSE
1924,Superman,movie,Max,1899,1978,1978-12-14,"[878, 28, 12]",Science Fiction|Action|Adventure,Science Fiction,7.164,4257,6.411004415,11.385,en,"Mild-mannered Clark Kent works as a reporter at the Daily Planet alongside his crush, Lois Lane. Clark must summon his superhero alter-ego when the nefarious Lex Luthor launches a plan to take over the world.",5,movie_1924_Max,movie_1924,1,TRUE
245891,John Wick,movie,Max,1899,2014,2014-10-22,"[28, 53]",Action|Thriller,Action,7.454,20771,7.278784918,11.8042,en,Ex-hitman John Wick comes out of retirement to track down the gangsters that took everything from him.,5,movie_245891_Max,movie_245891,1,TRUE
423108,The Conjuring: The Devil Made Me Do It,movie,Max,1899,2021,2021-05-25,"[27, 9648, 53]",Horror|Mystery|Thriller,Horror,7.354,6516,6.829912201,10.5423,en,"Paranormal investigators Ed and Lorraine Warren encounter what would become one of the most sensational cases from their files. The fight for the soul of a young boy takes them beyond anything they'd ever seen before, to mark the first time in U.S. history that a murder suspect would claim demonic possession as a defense.",5,movie_423108_Max,movie_423108,1,TRUE
16859,Kiki's Delivery Service,movie,Max,1899,1989,1989-07-29,"[16, 10751, 14]",Animation|Family|Fantasy,Animation,7.8,4550,7.027722772,10.6558,ja,"A young witch, on her mandatory year of independent life, finds fitting into a new community difficult while she supports herself by running an air courier service.",5,movie_16859_Max,movie_16859,1,TRUE
298618,The Flash,movie,Max,1899,2023,2023-06-13,"[28, 878, 12]",Action|Science Fiction|Adventure,Action,6.615,4970,6.010338208,11.127,en,"When his attempt to save his family inadvertently alters the future, Barry Allen becomes trapped in a reality in which General Zod has returned and there are no Super Heroes to turn to. In order to save the world that he is in and return to the future that he knows, Barry's only hope is to race for his life. But will making the ultimate sacrifice be enough to reset the universe?",5,movie_298618_Max,movie_298618,1,TRUE
1097549,Babygirl,movie,Max,1899,2024,2024-12-25,"[10749, 53]",Romance|Thriller,Romance,5.701,1187,4.011314167,10.7188,en,A high-powered CEO puts her career and family on the line when she begins a torrid affair with her much younger intern.,6,movie_1097549_Max,movie_1097549,1,TRUE
381288,Split,movie,Max,1899,2017,2017-01-19,"[27, 53]",Horror|Thriller,Horror,7.341,18290,7.145656732,10.629,en,"Though Kevin has evidenced 23 personalities to his trusted psychiatrist, Dr. Fletcher, there remains one still submerged who is set to materialize and dominate all the others. Compelled to abduct three teenage girls led by the willful, observant Casey, Kevin reaches a war for survival among all of those contained within him — as well as everyone around him — as the walls between his compartments shatter apart.",6,movie_381288_Max,movie_381288,1,TRUE
508883,The Boy and the Heron,movie,Max,1899,2023,2023-07-14,"[16, 14, 18]",Animation|Fantasy|Drama,Animation,7.4,2619,6.213722347,10.3538,ja,"While the Second World War rages, the teenage Mahito, haunted by his mother's tragic death, is relocated from Tokyo to the serene rural home of his new stepmother Natsuko, a woman who bears a striking resemblance to the boy's mother.  As he tries to adjust, this strange new world grows even stranger following the appearance of a persistent gray heron, who perplexes and bedevils Mahito, dubbing him the ""long-awaited one.""",6,movie_508883_Max,movie_508883,1,TRUE
1043197,Dust Bunny,movie,Max,1899,2025,2025-12-11,"[14, 28, 27]",Fantasy|Action|Horror,Fantasy,6.739,277,2.402449163,9.7327,en,"Ten-year-old Aurora asks her hitman neighbor to kill the monster under her bed that she claims ate her family. To protect her, he must battle an onslaught of assassins while accepting that some monsters are real.",6,movie_1043197_Max,movie_1043197,1,TRUE
932086,Horizon: An American Saga - Chapter 1,movie,Max,1899,2024,2024-06-26,"[37, 18]",Western|Drama,Western,6.813,648,3.845665505,9.2968,en,"In 1859, families discover the lure of the Old West as they settle in territories from Wyoming to Kansas. Meanwhile, a gruff cowboy finds himself on the run with a prostitute and a young boy after killing a fellow gunman.",6,movie_932086_Max,movie_932086,1,TRUE
316029,The Greatest Showman,movie,Max,1899,2017,2017-12-20,[18],Drama,Drama,7.859,10035,7.486005221,10.1149,en,"The story of American showman P.T. Barnum, founder of the circus that became the famous traveling Ringling Bros. and Barnum & Bailey Circus.",6,movie_316029_Max,movie_316029,1,TRUE
24021,The Twilight Saga: Eclipse,movie,Max,1899,2010,2010-06-23,"[12, 14, 18, 10749]",Adventure|Fantasy|Drama|Romance,Adventure,6.194,9230,5.875706064,9.4639,en,"Bella once again finds herself surrounded by danger as Seattle is ravaged by a string of mysterious killings and a malicious vampire continues her quest for revenge. In the midst of it all, she is forced to choose between her love for Edward and her friendship with Jacob, knowing that her decision has the potential to ignite the ageless struggle between vampire and werewolf. With her graduation quickly approaching, Bella is confronted with the most important decision of her life.",6,movie_24021_Max,movie_24021,1,TRUE
259316,Fantastic Beasts and Where to Find Them,movie,Max,1899,2016,2016-11-16,"[14, 12]",Fantasy|Adventure,Fantasy,7.308,19662,7.126767979,9.9664,en,"In 1926, Newt Scamander arrives at the Magical Congress of the United States of America with a magically expanded briefcase, which houses a number of dangerous creatures and their habitats. When the creatures escape from the briefcase, it sends the American wizarding authorities after Newt, and threatens to strain even further the state of magical and non-magical relations.",6,movie_259316_Max,movie_259316,1,TRUE
1241436,Warfare,movie,Max,1899,2025,2025-04-09,"[10752, 28]",War|Action,War,7.074,1427,5.238504411,10.6426,en,"A platoon of Navy SEALs embarks on a dangerous mission in Ramadi, Iraq, with the chaos and brotherhood of war retold through their memories of the event.",6,movie_1241436_Max,movie_1241436,1,TRUE
297761,Suicide Squad,movie,Max,1899,2016,2016-08-03,"[28, 12, 14]",Action|Adventure|Fantasy,Action,5.918,22057,5.786821208,8.7703,en,"From DC Comics comes the Suicide Squad, an antihero team of incarcerated supervillains who act as deniable assets for the United States government, undertaking high-risk black ops missions in exchange for commuted prison sentences.",6,movie_297761_Max,movie_297761,1,TRUE
1084199,Companion,movie,Max,1899,2025,2025-01-22,"[27, 878, 53]",Horror|Science Fiction|Thriller,Horror,7.011,2255,5.738586207,14.0987,en,"During a weekend getaway at a secluded lakeside estate, a group of friends finds themselves entangled in a web of secrets, deception, and advanced technology. As tensions rise and loyalties are tested, they uncover unsettling truths about themselves and the world around them.",6,movie_1084199_Max,movie_1084199,1,TRUE
268,Batman,movie,Max,1899,1989,1989-06-21,"[14, 28, 80]",Fantasy|Action|Crime,Fantasy,7.231,8541,6.831099547,9.8092,en,"Having witnessed his parents' brutal murder as a child, millionaire philanthropist Bruce Wayne fights crime in Gotham City disguised as Batman, a costumed hero who strikes fear into the hearts of villains. But when a deformed madman known as 'The Joker' seizes control of Gotham's criminal underworld, Batman must face his most ruthless nemesis ever while protecting both his identity and his love interest, reporter Vicki Vale.",6,movie_268_Max,movie_268,1,TRUE
398818,Call Me by Your Name,movie,Max,1899,2017,2017-10-01,"[10749, 18]",Romance|Drama,Romance,8.1,12726,7.793784969,9.4358,en,"In the summer of 1983, a 17-year-old Elio spends his days in his family's villa in Italy. One day Oliver, a graduate student, arrives to assist Elio's father, a professor of Greco-Roman culture. Soon, Elio and Oliver discover a summer that will alter their lives forever.",6,movie_398818_Max,movie_398818,1,TRUE
293167,Kong: Skull Island,movie,Max,1899,2017,2017-03-08,"[28, 12, 14]",Action|Adventure|Fantasy,Action,6.553,11105,6.2706648,10.4835,en,"Explore the mysterious and dangerous home of the king of the apes as a team of explorers ventures deep inside the treacherous, primordial island.",6,movie_293167_Max,movie_293167,1,TRUE
50646,"Crazy, Stupid, Love.",movie,Max,1899,2011,2011-07-29,"[35, 18, 10749]",Comedy|Drama|Romance,Comedy,7.273,9253,6.900140367,11.1475,en,"Cal Weaver is living the American dream. He has a good job, a beautiful house, great children and a beautiful wife, named Emily. Cal's seemingly perfect life unravels, however, when he learns that Emily has been unfaithful and wants a divorce. Over 40 and suddenly single, Cal is adrift in the fickle world of dating. Enter, Jacob Palmer, a self-styled player who takes Cal under his wing and teaches him how to be a hit with the ladies.",6,movie_50646_Max,movie_50646,1,TRUE
787699,Wonka,movie,Max,1899,2023,2023-12-06,"[35, 10751, 14]",Comedy|Family|Fantasy,Comedy,7,4368,6.281018899,9.4338,en,"Willy Wonka – chock-full of ideas and determined to change the world one delectable bite at a time – is proof that the best things in life begin with a dream, and if you’re lucky enough to meet Willy Wonka, anything is possible.",6,movie_787699_Max,movie_787699,1,TRUE
1151031,Bring Her Back,movie,Max,1899,2025,2025-05-28,[27],Horror,Horror,7.342,1622,5.612028275,9.3591,en,"Following the death of their father, a brother and sister are sent to live with a foster mother, only to learn that she is hiding a terrifying secret.",6,movie_1151031_Max,movie_1151031,1,TRUE
843,In the Mood for Love,movie,Max,1899,2000,2000-09-29,"[18, 10749]",Drama|Romance,Drama,8.09,3239,7.008159936,9.4259,cn,"In 1960s Hong Kong, two neighbors form an intimate bond after making a discovery about their spouses in this visually stunning tale of unrequited love.",6,movie_843_Max,movie_843,1,TRUE
87827,Life of Pi,movie,Max,1899,2012,2012-11-20,"[12, 18]",Adventure|Drama,Adventure,7.408,13746,7.147997192,8.9769,en,"The story of an Indian boy named Pi, a zookeeper's son who finds himself in the company of a hyena, zebra, orangutan, and a Bengal tiger after a shipwreck sets them adrift in the Pacific Ocean.",6,movie_87827_Max,movie_87827,1,TRUE
615656,Meg 2: The Trench,movie,Max,1899,2023,2023-08-02,"[28, 878, 27]",Action|Science Fiction|Horror,Action,6.377,3943,5.659354265,9.2859,en,An exploratory dive into the deepest depths of the ocean of a daring research team spirals into chaos when a malevolent mining operation threatens their mission and forces them into a high-stakes battle for survival.,6,movie_615656_Max,movie_615656,1,TRUE
917496,Beetlejuice Beetlejuice,movie,Max,1899,2024,2024-09-04,"[35, 14, 27]",Comedy|Fantasy|Horror,Comedy,6.933,3098,5.969548082,9.3978,en,"After a family tragedy, three generations of the Deetz family return home to Winter River. Still haunted by Betelgeuse, Lydia's life is turned upside down when her teenage daughter, Astrid, accidentally opens the portal to the Afterlife.",7,movie_917496_Max,movie_917496,1,TRUE
1151031,Bring Her Back,movie,Max,1899,2025,2025-05-28,[27],Horror,Horror,7.342,1622,5.612028275,9.3591,en,"Following the death of their father, a brother and sister are sent to live with a foster mother, only to learn that she is hiding a terrifying secret.",7,movie_1151031_Max,movie_1151031,1,TRUE
932086,Horizon: An American Saga - Chapter 1,movie,Max,1899,2024,2024-06-26,"[37, 18]",Western|Drama,Western,6.813,648,3.845665505,9.2968,en,"In 1859, families discover the lure of the Old West as they settle in territories from Wyoming to Kansas. Meanwhile, a gruff cowboy finds himself on the run with a prostitute and a young boy after killing a fellow gunman.",7,movie_932086_Max,movie_932086,1,TRUE
615656,Meg 2: The Trench,movie,Max,1899,2023,2023-08-02,"[28, 878, 27]",Action|Science Fiction|Horror,Action,6.377,3943,5.659354265,9.2859,en,An exploratory dive into the deepest depths of the ocean of a daring research team spirals into chaos when a malevolent mining operation threatens their mission and forces them into a high-stakes battle for survival.,7,movie_615656_Max,movie_615656,1,TRUE
13183,Watchmen,movie,Max,1899,2009,2009-03-04,"[9648, 28, 878]",Mystery|Action|Science Fiction,Mystery,7.354,9960,7.002470363,9.1756,en,"In a gritty and alternate 1985, the glory days of costumed vigilantes have been brought to a close by a government crackdown. But after one of the masked veterans is brutally murdered, an investigation into the killer is initiated. The reunited heroes set out to prevent their own destruction, but in doing so they uncover a sinister plot that puts all of humanity in grave danger.",7,movie_13183_Max,movie_13183,1,TRUE
1138194,Heretic,movie,Max,1899,2024,2024-10-31,"[53, 27]",Thriller|Horror,Thriller,6.975,2617,5.856135707,9.1369,en,"Two young missionaries are forced to prove their faith when they knock on the wrong door and are greeted by a diabolical Mr. Reed, becoming ensnared in his deadly game of cat-and-mouse.",7,movie_1138194_Max,movie_1138194,1,TRUE
364,Batman Returns,movie,Max,1899,1992,1992-06-19,"[28, 14]",Action|Fantasy,Action,6.946,7073,6.487397069,9.0497,en,"The monstrous Penguin, who dwells in the sewers beneath Gotham, joins up with corrupt mayoral candidate Max Shreck to topple the Batman once and for all. But when Shreck's timid assistant Selina Kyle finds out, and Shreck tries to kill her, she's transformed into the sexy Catwoman. She teams up with the Penguin and Shreck to destroy Batman, but sparks fly unexpectedly when she confronts the caped crusader.",7,movie_364_Max,movie_364,1,TRUE
87827,Life of Pi,movie,Max,1899,2012,2012-11-20,"[12, 18]",Adventure|Drama,Adventure,7.408,13747,7.148015442,8.9769,en,"The story of an Indian boy named Pi, a zookeeper's son who finds himself in the company of a hyena, zebra, orangutan, and a Bengal tiger after a shipwreck sets them adrift in the Pacific Ocean.",7,movie_87827_Max,movie_87827,1,TRUE
18239,The Twilight Saga: New Moon,movie,Max,1899,2009,2009-11-18,"[12, 14, 18, 10749]",Adventure|Fantasy|Drama|Romance,Adventure,5.989,9724,5.69611072,8.9689,en,"Forks, Washington resident Bella Swan is reeling from the departure of her vampire love, Edward Cullen, and finds comfort in her friendship with Jacob Black, a werewolf. But before she knows it, she's thrust into a centuries-old conflict, and her desire to be with Edward at any cost leads her to take greater and greater risks.",7,movie_18239_Max,movie_18239,1,TRUE
1136867,Materialists,movie,Max,1899,2025,2025-06-12,"[10749, 18]",Romance|Drama,Romance,6.3,1272,4.52234763,8.9445,en,"A young, ambitious New York City matchmaker finds herself torn between the perfect match and her imperfect ex.",7,movie_1136867_Max,movie_1136867,1,TRUE
474350,It Chapter Two,movie,Max,1899,2019,2019-09-04,"[27, 53, 18]",Horror|Thriller|Drama,Horror,6.8,9581,6.462731872,8.9226,en,"27 years after overcoming the malevolent supernatural entity Pennywise, the former members of the Losers' Club, who have grown up and moved away from Derry, are brought back together by a devastating phone call.",7,movie_474350_Max,movie_474350,1,TRUE
297802,Aquaman,movie,Max,1899,2018,2018-12-07,"[28, 12, 14]",Action|Adventure|Fantasy,Action,6.867,14876,6.643697451,8.8115,en,"Half-human, half-Atlantean Arthur Curry is taken on the journey of his lifetime to discover if he is worth of being a king.",7,movie_297802_Max,movie_297802,1,TRUE
49018,Insidious,movie,Max,1899,2011,2011-03-31,"[27, 53]",Horror|Thriller,Horror,6.94,7293,6.494728603,8.8028,en,"A family discovers that dark spirits have invaded their home after their son inexplicably falls into an endless sleep. When they reach out to a professional for help, they learn things are a lot more personal than they thought.",7,movie_49018_Max,movie_49018,1,TRUE
297761,Suicide Squad,movie,Max,1899,2016,2016-08-03,"[28, 12, 14]",Action|Adventure|Fantasy,Action,5.917,22058,5.785849189,8.7703,en,"From DC Comics comes the Suicide Squad, an antihero team of incarcerated supervillains who act as deniable assets for the United States government, undertaking high-risk black ops missions in exchange for commuted prison sentences.",7,movie_297761_Max,movie_297761,1,TRUE
289,Casablanca,movie,Max,1899,1943,1943-01-15,"[18, 10749]",Drama|Romance,Drama,8.14,6030,7.516722818,8.7222,en,"In Casablanca, Morocco in December 1941, a cynical American expatriate meets a former lover, with unforeseen complications.",7,movie_289_Max,movie_289,1,TRUE
11104,Chungking Express,movie,Max,1899,1994,1994-07-14,"[18, 35, 10749]",Drama|Comedy|Romance,Drama,7.967,2181,6.481173816,8.71,cn,"Two melancholic Hong Kong policemen fall in love: one with a mysterious underworld figure, the other with a beautiful and ethereal server at a late-night restaurant.",7,movie_11104_Max,movie_11104,1,TRUE
664,Twister,movie,Max,1899,1996,1996-05-10,"[28, 12, 18]",Action|Adventure|Drama,Action,6.557,3832,5.800190212,8.6661,en,"An unprecedented series of violent tornadoes is sweeping across Oklahoma. Tornado chasers, headed by Dr. Jo Harding, attempt to release a groundbreaking device that will allow them to track them and create a more advanced warning system. They are joined by Jo's soon to be ex-husband Bill, a former tornado chaser himself, and his girlfriend Melissa.",7,movie_664_Max,movie_664,1,TRUE
495764,Birds of Prey (and the Fantabulous Emancipation of One Harley Quinn),movie,Max,1899,2020,2020-02-05,"[28, 80]",Action|Crime,Action,6.878,10790,6.573394154,8.6096,en,"Harley Quinn joins forces with a singer, an assassin and a police detective to help a young girl who had a hit placed on her after she stole a rare diamond from a crime lord.",7,movie_495764_Max,movie_495764,1,TRUE
12429,Ponyo,movie,Max,1899,2008,2008-07-19,"[16, 14, 10751]",Animation|Fantasy|Family,Animation,7.755,4791,7.022151767,8.6011,ja,"When Sosuke, a young boy who lives on a clifftop overlooking the sea, rescues a stranded goldfish named Ponyo, he discovers more than he bargained for. Ponyo is a curious, energetic young creature who yearns to be human, but even as she causes chaos around the house, her father, a powerful sorcerer, schemes to return Ponyo to the sea.",7,movie_12429_Max,movie_12429,1,TRUE
1125899,Cleaner,movie,Max,1899,2025,2025-02-19,"[28, 53]",Action|Thriller,Action,6.342,468,3.066173554,8.4462,en,"When a group of radical activists take over an energy company's annual gala, seizing 300 hostages, an ex-soldier turned window cleaner suspended 50 storeys up on the outside of the building must save those trapped inside, including her older brother.",7,movie_1125899_Max,movie_1125899,1,TRUE
281338,War for the Planet of the Apes,movie,Max,1899,2017,2017-07-11,"[18, 878, 10752]",Drama|Science Fiction|War,Drama,7.217,9692,6.862947802,8.405,en,"Caesar and his apes are forced into a deadly conflict with an army of humans led by a ruthless Colonel. After the apes suffer unimaginable losses, Caesar wrestles with his darker instincts and begins his own mythic quest to avenge his kind. As the journey finally brings them face to face, Caesar and the Colonel are pitted against each other in an epic battle that will determine the fate of both their species and the future of the planet.",8,movie_281338_Max,movie_281338,1,TRUE
568160,Weathering with You,movie,Max,1899,2019,2019-07-19,"[16, 18, 14, 10749]",Animation|Drama|Fantasy|Romance,Animation,7.979,2621,6.700723806,8.3794,ja,"The summer of his high school freshman year, Hodaka runs away from his remote island home to Tokyo, and quickly finds himself pushed to his financial and personal limits. The weather is unusually gloomy and rainy every day, as if taking its cue from his life. After many days of solitude, he finally finds work as a freelance writer for a mysterious occult magazine. Then, one day, Hodaka meets Hina on a busy street corner. This bright and strong-willed girl possesses a strange and wonderful ability: the power to stop the rain and clear the sky.",8,movie_568160_Max,movie_568160,1,TRUE
9056,Police Story,movie,Max,1899,1985,1985-12-14,"[28, 80, 35]",Action|Crime|Comedy,Action,7.5,1035,5.057003257,8.3565,cn,"Officer Chan Ka Kui manages to put a major Hong Kong drug dealer behind the bars practically alone, after a shooting and an impressive chase inside a slum. Now, he must protect the boss' secretary, Selina, who will testify against the gangster in court.",8,movie_9056_Max,movie_9056,1,TRUE
338953,Fantastic Beasts: The Secrets of Dumbledore,movie,Max,1899,2022,2022-04-06,"[14, 12]",Fantasy|Adventure,Fantasy,6.627,5073,6.032436928,8.2618,en,"Professor Albus Dumbledore knows the powerful, dark wizard Gellert Grindelwald is moving to seize control of the wizarding world. Unable to stop him alone, he entrusts magizoologist Newt Scamander to lead an intrepid team of wizards and witches. They soon encounter an array of old and new beasts as they clash with Grindelwald's growing legion of followers.",8,movie_338953_Max,movie_338953,1,TRUE
315011,Shin Godzilla,movie,Max,1899,2016,2016-07-29,"[28, 878, 27]",Action|Science Fiction|Horror,Action,7.224,1556,5.467190661,8.2609,ja,"When a massive, gilled monster emerges from the deep and tears through the city, the government scrambles to save its citizens.  A rag-tag team of volunteers cuts through a web of red tape to uncover the monster's weakness and its mysterious ties to a foreign superpower.  But time is not on their side - the greatest catastrophe to ever befall the world is about to evolve right before their very eyes.",8,movie_315011_Max,movie_315011,1,TRUE
337339,The Fate of the Furious,movie,Max,1899,2017,2017-04-12,"[28, 80, 53]",Action|Crime|Thriller,Action,6.854,10792,6.550510804,8.1906,en,"When a mysterious woman seduces Dom into the world of crime and a betrayal of those closest to him, the crew face trials that will test them as never before.",8,movie_337339_Max,movie_337339,1,TRUE
81,Nausicaä of the Valley of the Wind,movie,Max,1899,1984,1984-03-11,"[12, 16, 14]",Adventure|Animation|Fantasy,Adventure,7.952,4054,7.078921388,8.1335,ja,"After a global war, the seaside kingdom known as the Valley of the Wind remains one of the last strongholds on Earth untouched by a poisonous jungle and the powerful insects that guard it. Led by the courageous Princess Nausicaä, the people of the Valley engage in an epic struggle to restore the bond between humanity and Earth.",8,movie_81_Max,movie_81,1,TRUE
343668,Kingsman: The Golden Circle,movie,Max,1899,2017,2017-09-20,"[28, 12, 35, 80, 878]",Action|Adventure|Comedy|Crime|Science Fiction,Action,6.945,11110,6.645904393,8.1196,en,"When an attack on the Kingsman headquarters takes place and a new villain rises, Eggsy and Merlin are forced to work together with the American agency known as the Statesman to save the world.",8,movie_343668_Max,movie_343668,1,TRUE
968051,The Nun II,movie,Max,1899,2023,2023-09-06,[27],Horror,Horror,6.6,2451,5.481735005,8.0288,en,"In 1956 France, a priest is violently murdered, and Sister Irene begins to investigate. She once again comes face-to-face with a powerful evil.",8,movie_968051_Max,movie_968051,1,TRUE
700391,65,movie,Max,1899,2023,2023-03-02,"[28, 12, 878]",Action|Adventure|Science Fiction,Action,5.946,2825,5.051864662,8.0283,en,"65 million years ago, the only 2 survivors of a spaceship from Somaris that crash-landed on Earth, must fend off dinosaurs to reach the escape vessel in time before an imminent asteroid strike threatens to destroy the planet.",8,movie_700391_Max,movie_700391,2,FALSE
450465,Glass,movie,Max,1899,2019,2019-01-16,"[53, 18, 878]",Thriller|Drama|Science Fiction,Thriller,6.665,9056,6.31626622,7.9718,en,"In a series of escalating encounters, former security guard David Dunn uses his supernatural abilities to track Kevin Wendell Crumb, a disturbed man who has twenty-four personalities. Meanwhile, the shadowy presence of Elijah Price emerges as an orchestrator who holds secrets critical to both men.",8,movie_450465_Max,movie_450465,1,TRUE
12493,High and Low,movie,Max,1899,1963,1963-03-01,"[18, 80, 53]",Drama|Crime|Thriller,Drama,8.4,1117,5.802597403,7.9226,ja,A Yokohama shoe executive faces a wrenching choice when kidnappers mistakenly seize his chauffeur’s son but demand the ransom anyway.,8,movie_12493_Max,movie_12493,1,TRUE
914,The Great Dictator,movie,Max,1899,1940,1940-10-15,"[35, 10752]",Comedy|War,Comedy,8.279,3689,7.290816663,7.8882,en,Dictator Adenoid Hynkel tries to expand his empire while a poor Jewish barber tries to avoid persecution from Hynkel's regime.,8,movie_914_Max,movie_914,1,TRUE
287947,Shazam!,movie,Max,1899,2019,2019-03-29,"[28, 35, 14]",Action|Comedy|Fantasy,Action,6.978,10174,6.651130972,7.8534,en,A boy is given the ability to become an adult superhero in times of need with a single magic word.,8,movie_287947_Max,movie_287947,1,TRUE
3082,Modern Times,movie,Max,1899,1936,1936-02-05,"[35, 18, 10749]",Comedy|Drama|Romance,Comedy,8.278,4070,7.372310722,7.8171,en,"A bumbling tramp desires to build a home with a young woman, yet is thwarted time and time again by his lack of experience and habit of being in the wrong place at the wrong time..",8,movie_3082_Max,movie_3082,2,FALSE
339964,Valerian and the City of a Thousand Planets,movie,Max,1899,2017,2017-07-19,"[12, 878, 28]",Adventure|Science Fiction|Action,Adventure,6.633,7971,6.241487782,7.7858,en,"In the 28th century, Valerian and Laureline are special operatives charged with keeping order throughout the human territories. On assignment from the Minister of Defense, the two undertake a mission to Alpha, an ever-expanding metropolis where species from across the universe have converged over centuries to share knowledge, intelligence, and cultures. At the center of Alpha is a mysterious dark force which threatens the peaceful existence of the City of a Thousand Planets, and Valerian and Laureline must race to identify the menace and safeguard not just Alpha, but the future of the universe.",8,movie_339964_Max,movie_339964,1,TRUE
1126166,Flight Risk,movie,Max,1899,2025,2025-01-22,"[28, 53]",Action|Thriller,Action,5.94,1147,4.136721311,7.7762,en,"A pilot transports a U.S. Marshal accompanying a government witness to a trial in New York. As they cross the Alaskan wilderness, tensions soar and trust is tested, as not everyone on board is who they seem.",8,movie_1126166_Max,movie_1126166,1,TRUE
275,Fargo,movie,Max,1899,1996,1996-03-08,"[80, 18, 53]",Crime|Drama|Thriller,Crime,7.849,9057,7.438358585,7.7356,en,"Jerry, a small-town Minnesota car salesman is bursting at the seams with debt... but he's got a plan. He's going to hire two thugs to kidnap his wife in a scheme to collect a hefty ransom from his wealthy father-in-law. It's going to be a snap and nobody's going to get hurt... until people start dying. Enter Police Chief Marge, a coffee-drinking, parka-wearing - and extremely pregnant - investigator who'll stop at nothing to get her man. And if you think her small-time investigative skills will give the crooks a run for their ransom... you betcha!",8,movie_275_Max,movie_275,1,TRUE
3782,Ikiru,movie,Max,1899,1952,1952-10-09,[18],Drama,Drama,8.304,1340,6.047478261,7.6421,ja,"Kanji Watanabe is a middle-aged man who has worked in the same monotonous bureaucratic position for decades. Learning he has cancer, he starts to look for the meaning of his life.",8,movie_3782_Max,movie_3782,1,TRUE
10775,Infernal Affairs,movie,Max,1899,2002,2002-12-12,"[18, 28, 53, 80, 9648]",Drama|Action|Thriller|Crime|Mystery,Drama,7.805,1855,6.147887473,7.5741,cn,"Chan Wing Yan, a young police officer, has been sent undercover as a mole in the local mafia. Lau Kin Ming, a young mafia member, infiltrates the police force. Years later, their older counterparts, Chen Wing Yan and Inspector Lau Kin Ming, respectively, race against time to expose the mole within their midst.",8,movie_10775_Max,movie_10775,1,TRUE
51739,The Secret World of Arrietty,movie,Max,1899,2010,2010-07-16,"[14, 16, 10751]",Fantasy|Animation|Family,Fantasy,7.668,3151,6.617876746,7.5492,ja,"14-year-old Arrietty and the rest of the Clock family live in peaceful anonymity as they make their own home from items ""borrowed"" from the house's human inhabitants. However, life changes for the Clocks when a human boy discovers Arrietty.",9,movie_51739_Max,movie_51739,1,TRUE
10515,Castle in the Sky,movie,Max,1899,1986,1986-08-02,"[12, 14, 16, 28, 10751]",Adventure|Fantasy|Animation|Action|Family,Adventure,7.97,4667,7.198759435,7.5358,ja,A young boy and a girl with a magic crystal must race against pirates and foreign agents in a search for a legendary floating castle.,9,movie_10515_Max,movie_10515,1,TRUE
23168,The Town,movie,Max,1899,2010,2010-09-15,"[80, 18, 53]",Crime|Drama|Thriller,Crime,7.22,5611,6.629261987,7.5122,en,"Doug MacRay is a longtime thief, who, smarter than the rest of his crew, is looking for his chance to exit the game. When a bank job leads to the group kidnapping an attractive branch manager, he takes on the role of monitoring her – but their burgeoning relationship threatens to unveil the identities of Doug and his crew to the FBI Agent who is on their case.",9,movie_23168_Max,movie_23168,1,TRUE
310131,The Witch,movie,Max,1899,2016,2016-02-19,[27],Horror,Horror,7.001,7615,6.569638324,7.4719,en,"In 1630, a farmer relocates his family to a remote plot of land on the edge of a forest where strange, unsettling things happen. With suspicion and paranoia mounting, each family member's faith, loyalty and love are tested in shocking ways.",9,movie_310131_Max,movie_310131,1,TRUE
336843,Maze Runner: The Death Cure,movie,Max,1899,2018,2018-01-10,"[878, 28, 12, 53]",Science Fiction|Action|Adventure|Thriller,Science Fiction,7.082,8371,6.682834179,7.4549,en,"Thomas leads his group of escaped Gladers on their final and most dangerous mission yet. To save their friends, they must break into the legendary Last City, a WCKD-controlled labyrinth that may turn out to be the deadliest maze of all. Anyone who makes it out alive will get answers to the questions the Gladers have been asking since they first arrived in the maze.",9,movie_336843_Max,movie_336843,1,TRUE
311324,The Great Wall,movie,Max,1899,2016,2016-12-16,"[28, 12, 14]",Action|Adventure|Fantasy,Action,6.028,5516,5.52700266,7.3423,en,European mercenaries searching for black powder become embroiled in the defense of the Great Wall of China against a horde of monstrous creatures.,9,movie_311324_Max,movie_311324,2,FALSE
464052,Wonder Woman 1984,movie,Max,1899,2020,2020-12-16,"[28, 12, 14]",Action|Adventure|Fantasy,Action,6.368,9031,6.033932221,7.312,en,A botched store robbery places Wonder Woman in a global battle against a powerful and mysterious ancient force that puts her powers in jeopardy.,9,movie_464052_Max,movie_464052,1,TRUE
415,Batman & Robin,movie,Max,1899,1997,1997-06-20,"[28, 878, 12]",Action|Science Fiction|Adventure,Action,4.392,5392,4.019291242,7.2744,en,"Batman and his sidekick Robin attempt to the foil the sinister schemes of a deranged set of new villains, most notably the melancholy Mr. Freeze, who wants to make Gotham City into an arctic region, and the sultry Poison Ivy, a botanical femme fatale. As the Dynamic Duo contend with these bad guys, a third hero, Batgirl, joins the ranks of the city's crime-fighters.",9,movie_415_Max,movie_415,1,TRUE
1791,The Piano Teacher,movie,Max,1899,2001,2001-09-05,"[18, 10749]",Drama|Romance,Drama,7.3,1268,5.235520362,7.2221,fr,"Erika Kohut, a sexually repressed piano teacher living with her domineering mother, meets a young man who starts romantically pursuing her.",9,movie_1791_Max,movie_1791,1,TRUE
341013,Atomic Blonde,movie,Max,1899,2017,2017-07-26,"[28, 53]",Action|Thriller,Action,6.437,6616,5.984709387,7.1451,en,An undercover MI6 agent is sent to Berlin during the Cold War to investigate the murder of a fellow agent and recover a missing list of double agents.,9,movie_341013_Max,movie_341013,1,TRUE
440,Aliens vs Predator: Requiem,movie,Max,1899,2007,2007-12-25,"[28, 878, 53, 27]",Action|Science Fiction|Thriller|Horror,Action,5.178,3302,4.497042609,7.0805,en,"After a horrifying PredAlien crash-lands near a small Colorado town, killing everyone it encounters and producing countless Alien offspring, a lone Predator arrives to ""clean up"" the infestation.",9,movie_440_Max,movie_440,1,TRUE
376867,Moonlight,movie,Max,1899,2016,2016-10-21,[18],Drama,Drama,7.357,7518,6.898219756,7.0702,en,"The tender, heartbreaking story of a young man’s struggle to find himself, told across three defining chapters in his life as he experiences the ecstasy, pain, and beauty of falling in love, while grappling with his own sexuality.",9,movie_376867_Max,movie_376867,1,TRUE
503919,The Lighthouse,movie,Max,1899,2019,2019-10-18,"[18, 14, 53]",Drama|Fantasy|Thriller,Drama,7.477,5519,6.855883535,7.0372,en,Two lighthouse keepers try to maintain their sanity while living on a remote and mysterious New England island in the 1890s.,9,movie_503919_Max,movie_503919,1,TRUE
548,Rashomon,movie,Max,1899,1950,1950-08-26,"[80, 18, 9648]",Crime|Drama|Mystery,Crime,8.04,2508,6.70356383,7.008,ja,Four people recount different versions of the story of a man's murder and the rape of his wife.,9,movie_548_Max,movie_548,1,TRUE
930564,Saltburn,movie,Max,1899,2023,2023-11-16,"[18, 35, 53]",Drama|Comedy|Thriller,Drama,6.957,2915,5.938405564,7.0039,en,"Struggling to find his place at Oxford University, student Oliver Quick finds himself drawn into the world of the charming and aristocratic Felix Catton, who invites him to Saltburn, his eccentric family's sprawling estate, for a summer never to be forgotten.",9,movie_930564_Max,movie_930564,2,FALSE
390043,The Hitman's Bodyguard,movie,Max,1899,2017,2017-08-16,"[28, 35, 80, 53]",Action|Comedy|Crime|Thriller,Action,6.895,6648,6.412697258,6.9822,en,"The world’s top bodyguard gets a new client, a hitman who must testify at the International Court of Justice. They must put their differences aside and work together to make it to the trial on time.",9,movie_390043_Max,movie_390043,1,TRUE
884605,No Hard Feelings,movie,Max,1899,2023,2023-06-15,"[35, 10749]",Comedy|Romance,Comedy,6.677,3794,5.899519795,6.9613,en,"On the brink of losing her childhood home, Maddie discovers an intriguing job listing: wealthy helicopter parents looking for someone to “date” their introverted 19-year-old son, Percy, before he leaves for college. To her surprise, Maddie soon discovers the awkward Percy is no sure thing.",9,movie_884605_Max,movie_884605,2,FALSE
417859,Puss in Boots,movie,Max,1899,2011,2011-10-27,"[28, 12, 16, 35, 10751]",Action|Adventure|Animation|Comedy|Family,Action,6.592,4535,5.937382324,6.9552,en,"Long before he even met Shrek, the notorious fighter, lover and outlaw Puss in Boots becomes a hero when he sets off on an adventure with the tough and street smart Kitty Softpaws and the mastermind Humpty Dumpty to save his town. This is the true story of The Cat, The Myth, The Legend... The Boots.",9,movie_417859_Max,movie_417859,1,TRUE
254320,The Lobster,movie,Max,1899,2015,2015-10-15,"[35, 18, 10749]",Comedy|Drama|Romance,Comedy,7.027,6869,6.55020532,6.8966,en,"In a dystopian near future, single people, according to the laws of The City, are taken to The Hotel, where they are obliged to find a romantic partner in forty-five days or are transformed into animals and sent off into The Woods.",9,movie_254320_Max,movie_254320,1,TRUE
399055,The Shape of Water,movie,Max,1899,2017,2017-12-01,"[18, 14, 10749]",Drama|Fantasy|Romance,Drama,7.237,12823,6.965402012,6.8892,en,"An other-worldly story, set against the backdrop of Cold War era America circa 1962, where a mute janitor working at a lab falls in love with an amphibious man being held captive there and devises a plan to help him escape.",9,movie_399055_Max,movie_399055,1,TRUE
9532,Final Destination,movie,Max,1899,2000,2000-03-17,[27],Horror,Horror,6.634,6640,6.169434174,6.8448,en,"After a teenager has a terrifying vision of him and his friends dying in a plane crash, he prevents the accident only to have Death hunt them down, one by one.",10,movie_9532_Max,movie_9532,1,TRUE
19912,The Final Destination,movie,Max,1899,2009,2009-08-26,"[27, 9648]",Horror|Mystery,Horror,5.612,3889,4.972674413,6.8333,en,A horrifying premonition saves a young man and his friends from death during a racetrack accident but terrible fates await them nonetheless.,10,movie_19912_Max,movie_19912,1,TRUE
565770,Blue Beetle,movie,Max,1899,2023,2023-08-16,"[28, 878, 12]",Action|Science Fiction|Adventure,Action,6.633,3085,5.707895397,6.6768,en,"Recent college grad Jaime Reyes returns home full of aspirations for his future, only to find that home is not quite as he left it. As he searches to find his purpose in the world, fate intervenes when Jaime unexpectedly finds himself in possession of an ancient relic of alien biotechnology: the Scarab.",10,movie_565770_Max,movie_565770,1,TRUE
324849,The Lego Batman Movie,movie,Max,1899,2017,2017-02-08,"[16, 28, 35, 10751]",Animation|Action|Comedy|Family,Animation,7.2,5385,6.588275276,6.6625,en,"A cooler-than-ever Bruce Wayne must deal with the usual suspects as they plan to rule Gotham City, while discovering that he has accidentally adopted a teenage orphan who wishes to become his sidekick.",10,movie_324849_Max,movie_324849,1,TRUE
549509,The Brutalist,movie,Max,1899,2024,2024-12-20,[18],Drama,Drama,6.956,1634,5.326196813,6.6358,en,"When an innovative modern architect flees post-war Europe, he is given the opportunity to rebuild his legacy. Set during the dawn of the modern United States (in Pennsylvania), his wife joins him, and their lives are forever changed by a demanding, wealthy patron.",10,movie_549509_Max,movie_549509,1,TRUE
8078,Alien Resurrection,movie,Max,1899,1997,1997-11-12,"[878, 27, 28]",Science Fiction|Horror|Action,Science Fiction,6.17,5527,5.658136718,6.6212,en,"Two hundred years after Lt. Ripley died, a group of scientists clone her, hoping to breed the ultimate weapon. But the new Ripley is full of surprises … as are the new aliens. Ripley must team with a band of smugglers to keep the creatures from reaching Earth.",10,movie_8078_Max,movie_8078,1,TRUE
252,Willy Wonka & the Chocolate Factory,movie,Max,1899,1971,1971-06-29,"[10751, 14, 35]",Family|Fantasy|Comedy,Family,7.483,3939,6.640129984,6.5823,en,"When eccentric candy man Willy Wonka promises a lifetime supply of sweets and a tour of his chocolate factory to five lucky kids, penniless Charlie Bucket seeks the golden ticket that will make him a winner.",10,movie_252_Max,movie_252,1,TRUE
8077,Alien³,movie,Max,1899,1992,1992-05-22,"[878, 28, 27]",Science Fiction|Action|Horror,Science Fiction,6.384,6339,5.917265097,6.5602,en,"After escaping with Newt and Hicks from the alien planet, Ripley crash lands on Fiorina 161, a prison planet and host to a correctional facility. Unfortunately, although Newt and Hicks do not survive the crash, a more unwelcome visitor does. The prison does not allow weapons of any kind, and with aid being a long time away, the prisoners must simply survive in any way they can.",10,movie_8077_Max,movie_8077,1,TRUE
33320,Millennium Actress,movie,Max,1899,2002,2002-09-14,"[16, 18, 10749]",Animation|Drama|Romance,Animation,7.845,1038,5.294609883,6.493,ja,"Documentary filmmaker Genya Tachibana has tracked down the legendary actress Chiyoko Fujiwara, who mysteriously vanished at the height of her career. When he presents her with a key she had lost and thought was gone forever, the filmmaker could not have imagined that it would not only unlock the long-held secrets of Chiyoko’s life... but also his own.",10,movie_33320_Max,movie_33320,1,TRUE
9286,Final Destination 3,movie,Max,1899,2006,2006-02-09,"[27, 9648]",Horror|Mystery,Horror,6.15,4547,5.540727165,6.4832,en,"High school senior Wendy's premonition of a deadly rollercoaster ride saves her life and a lucky few, but not from death itself — which seeks out those who escaped their fate.",10,movie_9286_Max,movie_9286,1,TRUE
282035,The Mummy,movie,Max,1899,2017,2017-06-06,"[14, 53, 28, 12, 27]",Fantasy|Thriller|Action|Adventure|Horror,Fantasy,5.517,7618,5.177199557,6.4687,en,"Though safely entombed in a crypt deep beneath the unforgiving desert, an ancient queen whose destiny was unjustly taken from her is awakened in our current day, bringing with her malevolence grown over millennia, and terrors that defy human comprehension.",10,movie_282035_Max,movie_282035,1,TRUE
1153714,Death of a Unicorn,movie,Max,1899,2025,2025-03-27,"[27, 14, 35]",Horror|Fantasy|Comedy,Horror,6.415,803,3.953372985,6.4309,en,"A father and daughter accidentally hit and kill a unicorn while en route to a weekend retreat, where his billionaire boss seeks to exploit the creature’s miraculous curative properties.",10,movie_1153714_Max,movie_1153714,1,TRUE
37797,Whisper of the Heart,movie,Max,1899,1995,1995-07-15,"[16, 18, 10751]",Animation|Drama|Family,Animation,7.949,2270,6.514162455,6.4051,ja,"Shizuku lives a simple life, dominated by her love for stories and writing. One day she notices that all the library books she has have been previously checked out by the same person: ""Seiji Amasawa.""",10,movie_37797_Max,movie_37797,1,TRUE
872,Singin' in the Rain,movie,Max,1899,1952,1952-04-10,"[35, 10749]",Comedy|Romance,Comedy,8.132,3494,7.113972959,6.3958,en,"In 1927 Hollywood, a silent film star falls for a chorus girl just as he and his paranoid screen partner struggle to make the difficult transition to talking pictures.",10,movie_872_Max,movie_872,1,TRUE
901,City Lights,movie,Max,1899,1931,1931-02-06,"[35, 18, 10749]",Comedy|Drama|Romance,Comedy,8.251,2446,6.850626612,6.3305,en,A tramp falls in love with a beautiful blind flower girl. His on-and-off friendship with a wealthy man allows him to be the girl's benefactor and suitor.,10,movie_901_Max,movie_901,2,FALSE
364689,Ferdinand,movie,Max,1899,2017,2017-12-09,"[16, 10751, 12, 35]",Animation|Family|Adventure|Comedy,Animation,7.212,3079,6.204455993,6.3129,en,"Ferdinand, a little bull, prefers sitting quietly under a cork tree just smelling the flowers versus jumping around, snorting, and butting heads with other bulls. As Ferdinand grows big and strong, his temperament remains mellow. But one day five men come to choose the ""biggest, fastest, roughest bull"" for the bullfights in Madrid— and Ferdinand is mistakenly chosen.",10,movie_364689_Max,movie_364689,1,TRUE
110420,Wolf Children,movie,Max,1899,2012,2012-07-21,"[16, 10751, 18, 14]",Animation|Family|Drama|Fantasy,Animation,8.217,2473,6.835062563,6.3121,ja,"After her werewolf lover unexpectedly dies in an accident, a woman must find a way to raise the son and daughter that she had with him. However, their inheritance of their father's traits prove to be a challenge for her.",10,movie_110420_Max,movie_110420,1,TRUE
414,Batman Forever,movie,Max,1899,1995,1995-06-16,"[28, 80, 14]",Action|Crime|Fantasy,Action,5.5,5567,5.046728202,6.2355,en,"Batman faces off against two foes: the schizophrenic, horribly scarred former District Attorney Harvey Dent, aka Two-Face, and the Riddler, a disgruntled ex-Wayne Enterprises inventor seeking revenge against his former employer by unleashing his brain-sucking weapon on Gotham City's residents. As the caped crusader also copes with tortured memories of his parents' murder, he has a new romance, with psychologist Chase Meridian.",10,movie_414_Max,movie_414,1,TRUE
10098,The Kid,movie,Max,1899,1921,1921-01-21,"[35, 18]",Comedy|Drama,Comedy,8.14,2362,6.71791754,6.2307,en,A tramp cares for a boy after he's abandoned as a newborn by his mother. Later the mother has a change of heart and aches to be reunited with her son.,10,movie_10098_Max,movie_10098,1,TRUE
480414,The Curse of La Llorona,movie,Max,1899,2019,2019-04-17,[27],Horror,Horror,5.652,2650,4.754857143,6.1791,en,"In 1970s Los Angeles, the legendary ghost La Llorona is stalking the night -- and the children. Ignoring the eerie warning of a troubled mother, a social worker and her own kids are drawn into a frightening supernatural realm. Their only hope of surviving La Llorona's deadly wrath is a disillusioned priest who practices mysticism to keep evil at bay.",10,movie_480414_Max,movie_480414,1,TRUE
85552,Euphoria,tv,Max,1899,2019,2019-06-16,[18],Drama,Drama,8.285,10613,7.912238369,253.3829,en,"A group of high school students navigate love and friendships in a world of drugs, sex, trauma, and social media.",1,tv_85552_Max,tv_85552,1,TRUE
1399,Game of Thrones,tv,Max,1899,2011,2011-04-17,"[10765, 18, 10759]",Sci-Fi & Fantasy|Drama|Action & Adventure,Sci-Fi & Fantasy,8.461,26785,8.305951439,161.3387,en,"Seven noble families fight for control of the mythical land of Westeros. Friction between the houses leads to full-scale war. All while a very ancient evil awakens in the farthest north. Amidst the war, a neglected military order of misfits, the Night's Watch, is all that stands between the realms of men and icy horrors beyond.",1,tv_1399_Max,tv_1399,1,TRUE
1668,Friends,tv,Max,1899,1994,1994-09-22,[35],Comedy,Comedy,8.417,9058,7.976688219,116.5951,en,"Six young people from New York City, on their own and struggling to survive in the real world, find the companionship, comfort and support they get from each other to be the perfect antidote to the pressures of life.",1,tv_1668_Max,tv_1668,1,TRUE
18165,The Vampire Diaries,tv,Max,1899,2009,2009-09-10,"[18, 10765]",Drama|Sci-Fi & Fantasy,Drama,8.302,9578,7.890112721,105.2299,en,"The story of two vampire brothers obsessed with the same girl, who bears a striking resemblance to the beautiful but ruthless vampire they knew and loved in 1864.",1,tv_18165_Max,tv_18165,2,FALSE
1398,The Sopranos,tv,Max,1899,1999,1999-01-10,"[80, 18]",Crime|Drama,Crime,8.7,3432,7.593692777,87.8231,en,"The story of New Jersey-based Italian-American mobster Tony Soprano and the difficulties he faces as he tries to balance the conflicting requirements of his home life and the criminal organization he heads. Those difficulties are often highlighted through his ongoing professional relationship with psychiatrist Jennifer Melfi. The show features Tony's family members and Mafia associates in prominent roles and story arcs, most notably his wife Carmela and his cousin and protégé Christopher Moltisanti.",1,tv_1398_Max,tv_1398,1,TRUE
60625,Rick and Morty,tv,Max,1899,2013,2013-12-02,"[16, 35, 10765, 10759]",Animation|Comedy|Sci-Fi & Fantasy|Action & Adventure,Animation,8.676,10834,8.293257808,80.4028,en,Follows a sociopathic genius scientist who drags his inherently timid grandson on adventures across the universe.,1,tv_60625_Max,tv_60625,2,FALSE
125282,The Cleaning Lady,tv,Max,1899,2022,2022-01-03,"[80, 18]",Crime|Drama,Crime,7.4,231,2.338440492,75.3449,en,"A whip-smart doctor comes to the U.S. for a medical treatment to save her ailing son. But when the system fails and pushes her into hiding, she refuses to be beaten down and marginalized. Instead, she becomes a cleaning lady for the mob and starts playing the game by her own rules.",1,tv_125282_Max,tv_125282,2,FALSE
71728,Young Sheldon,tv,Max,1899,2017,2017-09-25,"[35, 10751, 18]",Comedy|Family|Drama,Comedy,8.032,2958,6.870635049,72.0932,en,"The early life of child genius Sheldon Cooper, later seen in The Big Bang Theory.",1,tv_71728_Max,tv_71728,2,FALSE
250307,The Pitt,tv,Max,1899,2025,2025-01-09,[18],Drama,Drama,8.73,730,5.181219512,67.721,en,The staff of Pittsburgh's Trauma Medical Center work around the clock to save lives in an overcrowded and underfunded emergency department.,1,tv_250307_Max,tv_250307,1,TRUE
4588,ER,tv,Max,1899,1994,1994-09-19,[18],Drama,Drama,7.832,918,5.070363893,62.0785,en,ER explores the inner workings of an urban teaching hospital and the critical issues faced by the dedicated physicians and staff of its overburdened emergency room.,1,tv_4588_Max,tv_4588,2,FALSE
94997,House of the Dragon,tv,Max,1899,2022,2022-08-21,"[10765, 18, 10759]",Sci-Fi & Fantasy|Drama|Action & Adventure,Sci-Fi & Fantasy,8.29,5905,7.642849336,61.9688,en,"The Targaryen dynasty is at the absolute apex of its power, with more than 15 dragons under their yoke. Most empires crumble from such heights. In the case of the Targaryens, their slow fall begins when King Viserys breaks with a century of tradition by naming his daughter Rhaenyra heir to the Iron Throne. But when Viserys later fathers a son, the court is shocked when Rhaenyra retains her status as his heir, and seeds of division sow friction across the realm.",1,tv_94997_Max,tv_94997,1,TRUE
111803,The White Lotus,tv,Max,1899,2021,2021-07-11,"[35, 18, 9648]",Comedy|Drama|Mystery,Comedy,7.605,1400,5.603684211,58.4222,en,"Follow the exploits of various guests and employees at an exclusive tropical resort over the span of a week as with each passing day, a darker complexity emerges in these picture-perfect travelers, the hotel’s cheerful employees and the idyllic locale itself.",1,tv_111803_Max,tv_111803,1,TRUE
46648,True Detective,tv,Max,1899,2014,2014-01-12,"[18, 9648]",Drama|Mystery,Drama,8.29,4095,7.387932535,53.3747,en,"An American anthology police detective series utilizing multiple timelines in which investigations seem to unearth personal and professional secrets of those involved, both within or outside the law.",1,tv_46648_Max,tv_46648,1,TRUE
15260,Adventure Time,tv,Max,1899,2010,2010-04-05,"[16, 35, 10765]",Animation|Comedy|Sci-Fi & Fantasy,Animation,8.502,3092,7.318536748,52.8013,en,"Unlikely heroes Finn and Jake are buddies who traverse the mystical Land of Ooo. The best of friends, our heroes always find themselves in the middle of escapades. Finn and Jake depend on each other through thick and thin.",1,tv_15260_Max,tv_15260,2,FALSE
41727,Banshee,tv,Max,1899,2013,2013-01-11,"[80, 18]",Crime|Drama,Crime,7.97,1376,5.845799574,48.2738,en,Banshee is an American drama television series set in a small town in Pennsylvania Amish country and features an enigmatic ex-con posing as a murdered sheriff who imposes his own brand of justice while also cooking up plans that serve his own interests.,1,tv_41727_Max,tv_41727,1,TRUE
1418,The Big Bang Theory,tv,Max,1899,2007,2007-09-24,[35],Comedy,Comedy,7.914,12407,7.607422174,47.737,en,Physicists Leonard and Sheldon find their nerd-centric social circle with pals Howard and Raj expanding when aspiring actress Penny moves in next door.,1,tv_1418_Max,tv_1418,1,TRUE
1438,The Wire,tv,Max,1899,2002,2002-06-02,"[80, 18]",Crime|Drama,Crime,8.627,2651,7.258069502,47.5858,en,"Told from the points of view of both the Baltimore homicide and narcotics detectives and their targets, the series captures a universe in which the national war on drugs has become a permanent, self-sustaining bureaucracy, and distinctions between good and evil are routinely obliterated.",1,tv_1438_Max,tv_1438,1,TRUE
4546,Curb Your Enthusiasm,tv,Max,1899,2000,2000-10-15,[35],Comedy,Comedy,8.032,914,5.191830269,46.1343,en,"The off-kilter, unscripted comic vision of Larry David, who plays himself in a parallel universe in which he can't seem to do anything right, and, by his standards, neither can anyone else.",1,tv_4546_Max,tv_4546,1,TRUE
1395,Gossip Girl,tv,Max,1899,2007,2007-09-19,[18],Drama,Drama,8.166,2298,6.706743388,45.7043,en,An exclusive group of privileged teens from a posh prep school on Manhattan's Upper East Side whose lives revolve around the blog of the all-knowing albeit ultra-secretive Gossip Girl.,1,tv_1395_Max,tv_1395,2,FALSE
1104,Mad Men,tv,Max,1899,2007,2007-07-19,[18],Drama,Drama,8.123,1492,6.084094378,45.4345,en,"Set in 1960-1970 New York, this sexy, stylized and provocative drama follows the lives of the ruthlessly competitive men and women of Madison Avenue advertising.",1,tv_1104_Max,tv_1104,1,TRUE
124101,Hacks,tv,Max,1899,2021,2021-05-13,"[35, 18]",Comedy|Drama,Comedy,7.419,340,3.002928571,43.505,en,"Explore a dark mentorship that forms between Deborah Vance, a legendary Las Vegas comedian, and an entitled, outcast 25-year-old.",2,tv_124101_Max,tv_124101,1,TRUE
2098,Batman: The Animated Series,tv,Max,1899,1992,1992-09-05,"[10759, 16, 18, 9648]",Action & Adventure|Animation|Drama|Mystery,Action & Adventure,8.6,1813,6.740942499,42.114,en,"Vowing to avenge the murder of his parents, Bruce Wayne devotes his life to wiping out crime in Gotham City as the masked vigilante ""Batman"".",2,tv_2098_Max,tv_2098,2,FALSE
269,One Tree Hill,tv,Max,1899,2003,2003-09-23,[18],Drama,Drama,7.787,582,4.188571165,41.3172,en,"In Tree Hill, North Carolina two half brothers share a last name and nothing else. Brooding, blue-collar Lucas is a talented street-side basketball player, but his skills are appreciated only by his friends at the river court. Popular, affluent Nathan basks in the hero-worship of the town, as the star of his high school team. And both boys are the son of former college ball player Dan Scott whose long ago choice to abandon Lucas and his mother Karen, will haunt him long into his life with wife Deb and their son Nathan.",2,tv_269_Max,tv_269,2,FALSE
2171,Cold Case,tv,Max,1899,2003,2003-09-28,"[80, 18, 9648]",Crime|Drama|Mystery,Crime,7.765,432,3.599227468,40.0267,en,The Philadelphia homicide squad's lone female detective finds her calling when she is assigned cases that have never been solved. Detective Lilly Rush combines her natural instincts with the updated technology available today to bring about justice for all the victims she can.,2,tv_2171_Max,tv_2171,2,FALSE
100088,The Last of Us,tv,Max,1899,2023,2023-01-15,[18],Drama,Drama,8.434,6974,7.869777362,39.8547,en,"Twenty years after modern civilization has been destroyed, Joel, a hardened survivor, is hired to smuggle Ellie, a 14-year-old girl, out of an oppressive quarantine zone. What starts as a small job soon becomes a brutal, heartbreaking journey, as they both must traverse the United States and depend on each other for survival.",2,tv_100088_Max,tv_100088,1,TRUE
95057,Superman & Lois,tv,Max,1899,2021,2021-02-23,"[18, 10765]",Drama|Sci-Fi & Fantasy,Drama,8.054,2675,6.785653543,39.3034,en,"After years of facing megalomaniacal supervillains, monsters wreaking havoc on Metropolis, and alien invaders intent on wiping out the human race, The Man of Steel aka Clark Kent and Lois Lane come face to face with one of their greatest challenges ever: dealing with all the stress, pressures and complexities that come with being working parents in today's society.",2,tv_95057_Max,tv_95057,1,TRUE
688,The West Wing,tv,Max,1899,1999,1999-09-22,[18],Drama,Drama,8.262,575,4.419209302,38.8822,en,The West Wing provides a glimpse into presidential politics in the nation's capital as it tells the stories of the members of a fictional presidential administration. These interesting characters have humor and dedication that touches the heart while the politics that they discuss touch on everyday life.,2,tv_688_Max,tv_688,2,FALSE
4419,Real Time with Bill Maher,tv,Max,1899,2003,2003-02-21,"[35, 10767]",Comedy|Talk,Comedy,6.069,238,1.957211382,38.4477,en,"Each week Bill Maher surrounds himself with a panel of guests which include politicians, actors, comedians, musicians and the like to discuss what's going on in the world.",2,tv_4419_Max,tv_4419,1,TRUE
45140,Teen Titans Go!,tv,Max,1899,2013,2013-04-23,"[16, 10759, 35, 10751, 10765]",Animation|Action & Adventure|Comedy|Family|Sci-Fi & Fantasy,Animation,6.46,699,3.766088407,37.4283,en,"Robin, Starfire, Raven, Beast Boy and Cyborg return in all-new, comedic adventures. They may be super heroes who save the world every day ... but somebody still has to do the laundry!",2,tv_45140_Max,tv_45140,3,FALSE
10545,True Blood,tv,Max,1899,2008,2008-09-07,"[10765, 18, 9648]",Sci-Fi & Fantasy|Drama|Mystery,Sci-Fi & Fantasy,7.6,2053,6.111555033,36.887,en,"Thanks to a Japanese scientist's invention of synthetic blood, vampires have progressed overnight from legendary monsters to fellow citizens. And while humans have been safely removed from the menu, many remain apprehensive about these creatures ""coming out of the coffin."" Religious leaders, government officials, and vampire fundamentalists around the world have chosen their sides.  But in the small Louisiana town of Bon Temps, the jury is still out.",2,tv_10545_Max,tv_10545,2,FALSE
502,Sesame Street,tv,Max,1899,1969,1969-11-10,"[10762, 35]",Kids|Comedy,Kids,7.1,280,2.548717949,36.6081,en,"On a special inner city street, the inhabitants—human and muppet—teach preschoolers basic educational and social concepts using comedy, cartoons, games, and songs.",2,tv_502_Max,tv_502,2,FALSE
105,Sex and the City,tv,Max,1899,1998,1998-06-06,"[18, 35]",Drama|Comedy,Drama,7.38,2145,5.984914934,35.8583,en,"Based on the bestselling book by Candace Bushnell, Sex and the City tells the story of four best friends, all single and in their late thirties, as they pursue their careers and talk about their sex lives, all while trying to survive the New York social scene. ",2,tv_105_Max,tv_105,2,FALSE
33217,Young Justice,tv,Max,1899,2010,2010-11-26,"[16, 10765, 10759]",Animation|Sci-Fi & Fantasy|Action & Adventure,Animation,8.387,1209,5.933225863,35.7097,en,Teenage superheroes strive to prove themselves as members of the Justice League.,2,tv_33217_Max,tv_33217,1,TRUE
3322,Oz,tv,Max,1899,1997,1997-07-12,"[80, 18]",Crime|Drama,Crime,8.1,834,5.064017991,35.5466,en,"The daily lives of prisoners in Emerald City, an experimental unit of the Oswald Maximum Security Prison where ingroups - Muslims, Latinos, Italians, Aryans - stick close to their mutual friends and terrorize their mutual enemies.",2,tv_3322_Max,tv_3322,1,TRUE
87108,Chernobyl,tv,Max,1899,2019,2019-05-06,[18],Drama,Drama,8.706,7824,8.183054301,33.7222,en,The true story of one of the worst man-made catastrophes in history: the catastrophic nuclear accident at Chernobyl. A tale of the brave men and women who sacrificed to save Europe from unimaginable disaster.,2,tv_87108_Max,tv_87108,1,TRUE
1940,Entourage,tv,Max,1899,2004,2004-07-18,"[35, 18]",Comedy|Drama,Comedy,7.364,643,4.142652668,33.3408,en,Film star Vince Chase navigates the vapid terrain of Los Angeles with a close circle of friends and his trusty agent.,2,tv_1940_Max,tv_1940,1,TRUE
31917,Pretty Little Liars,tv,Max,1899,2010,2010-06-08,"[18, 9648]",Drama|Mystery,Drama,7.968,2780,6.753365854,33.0041,en,"Based on the Pretty Little Liars series of young adult novels by Sara Shepard, the series follows the lives of four girls — Spencer, Hanna, Aria, and Emily — whose clique falls apart after the disappearance of their queen bee, Alison. One year later, they begin receiving messages from someone using the name ""A"" who threatens to expose their secrets — including long-hidden ones they thought only Alison knew.",2,tv_31917_Max,tv_31917,2,FALSE
76331,Succession,tv,Max,1899,2018,2018-06-03,"[18, 35]",Drama|Comedy,Drama,8.3,1607,6.330374941,32.7572,en,Follow the lives of the Roy family as they contemplate their future once their aging father begins to step back from the media and entertainment conglomerate they control.,2,tv_76331_Max,tv_76331,1,TRUE
224372,A Knight of the Seven Kingdoms,tv,Max,1899,2026,2026-01-18,"[18, 10765, 10759]",Drama|Sci-Fi & Fantasy|Action & Adventure,Drama,8.437,858,5.33059352,32.3254,en,"A century before the events of Game of Thrones, two unlikely heroes wandered Westeros: a young, naive but courageous knight, Ser Duncan the Tall, and his diminutive squire, Egg. Set in an age when the Targaryen line still holds the Iron Throne and the last dragon has not yet passed from living memory, great destinies, powerful foes, and dangerous exploits await these improbable and incomparable friends.",2,tv_224372_Max,tv_224372,1,TRUE
75450,Titans,tv,Max,1899,2018,2018-10-12,"[18, 10759, 10765]",Drama|Action & Adventure|Sci-Fi & Fantasy,Drama,7.868,2828,6.685908654,31.8137,en,A team of young superheroes led by Nightwing (formerly Batman's first Robin) form to combat evil and other perils.,2,tv_75450_Max,tv_75450,1,TRUE
200875,IT: Welcome to Derry,tv,Max,1899,2025,2025-10-26,"[18, 9648]",Drama|Mystery,Drama,8.207,1431,6.081935267,31.1123,en,"In 1962, amid a spate of unexplained disappearances of local children, a group of misfit friends begin to suspect a long-buried ancient evil lurking. As the kids set out to determine what's really going on, a rising unease prompts several townspeople to work together to restore peace – all while a U.S. military operation seeks to exploit Derry for its own objectives.",3,tv_200875_Max,tv_200875,1,TRUE
2673,The O.C.,tv,Max,1899,2003,2003-08-05,[18],Drama,Drama,7.729,931,5.02844095,30.591,en,"Ryan Atwood, a teen from the wrong side of the tracks, moves in with a wealthy family willing to give him a chance. But Ryan's arrival disturbs the status quo of the affluent, privileged community of Newport Beach, California.",3,tv_2673_Max,tv_2673,2,FALSE
1274,Six Feet Under,tv,Max,1899,2001,2001-06-03,[18],Drama,Drama,8.103,1103,5.575551466,29.5414,en,"When death is your business, what is your life? For the Fisher family, the world outside of their family-owned funeral home continues to be at least as challenging as—and far less predictable than—the one inside.",3,tv_1274_Max,tv_1274,1,TRUE
112888,True Beauty,tv,Max,1899,2020,2020-12-09,"[35, 18]",Comedy|Drama,Comedy,8.2,2620,6.885897436,29.5215,ko,"After being bullied and discriminated because of her ugly looks, a high school girl transforms herself into a gorgeous ""goddess"" and quickly rises to fame after mastering the art of makeup via online tutorial videos.",3,tv_112888_Max,tv_112888,2,FALSE
110492,Peacemaker,tv,Max,1899,2022,2022-01-13,"[10759, 10765, 18]",Action & Adventure|Sci-Fi & Fantasy|Drama,Action & Adventure,8.196,3349,7.131307872,29.1879,en,"The continuing story of Peacemaker, a vainglorious superhero/supervillain who believes in peace at any cost — no matter how many people he has to kill. After a miraculous recovery from his duel with Bloodsport, Peacemaker soon discovers that his freedom comes at a price.",3,tv_110492_Max,tv_110492,1,TRUE
4613,Band of Brothers,tv,Max,1899,2001,2001-09-09,"[18, 10768]",Drama|War & Politics,Drama,8.584,4149,7.660790708,29.1533,en,"Drawn from interviews with survivors of Easy Company, as well as their journals and letters, Band of Brothers chronicles the experiences of these men from paratrooper training in Georgia through the end of the war. As an elite rifle company parachuting into Normandy early on D-Day morning, participants in the Battle of the Bulge, and witness to the horrors of war, the men of Easy knew extraordinary bravery and extraordinary fear - and became the stuff of legend. Based on Stephen E. Ambrose's acclaimed book of the same name.",3,tv_4613_Max,tv_4613,1,TRUE
1428,MythBusters,tv,Max,1899,2003,2003-01-23,[99],Documentary,Documentary,7.815,617,4.31679051,28.7311,en,"MythBusters is a science entertainment television program created and produced by Australia's Beyond Television Productions for the Discovery Channel. The show's hosts, special effects experts Adam Savage and Jamie Hyneman, use elements of the scientific method to test the validity of rumors, myths, movie scenes, adages, Internet videos, and news stories.",3,tv_1428_Max,tv_1428,2,FALSE
1621,Boardwalk Empire,tv,Max,1899,2010,2010-09-19,"[80, 18]",Crime|Drama,Crime,8.019,1248,5.725235698,28.0655,en,"Atlantic City at the dawn of Prohibition is a place where the rules don't apply. And the man who runs things -- legally and otherwise -- is the town's treasurer, Enoch ""Nucky"" Thompson, who is equal parts politician and gangster.",3,tv_1621_Max,tv_1621,1,TRUE
1948,Degrassi,tv,Max,1899,2001,2001-10-14,"[18, 10766]",Drama|Soap,Drama,7.528,108,1.337210526,27.7858,en,The life of a group of adolescents going through the trials and tribulations of teendom at Degrassi Community School.,3,tv_1948_Max,tv_1948,1,TRUE
301507,Heated Rivalry,tv,Max,1899,2025,2025-11-28,[18],Drama,Drama,8.7,456,4.149790795,27.3342,en,"Two of the biggest stars in Major League Hockey are bound by ambition, rivalry, and a magnetic pull neither of them fully understands. What begins as a secret fling between two fresh faced rookies evolves into a years-long journey of love, denial, and self-discovery. Over the next eight years, as they chase glory on the ice, they struggle to navigate their feelings for each other. Torn between the sport they live for and the love they can’t ignore, they must decide if there’s room in their fiercely competitive world for something as fragile – and powerful – as real love.",3,tv_301507_Max,tv_301507,1,TRUE
14069,In Treatment,tv,Max,1899,2008,2008-01-28,[18],Drama,Drama,7.633,184,2.053321637,26.984,en,The intimate confines of psychotherapy sessions are seen from the perspective of a therapist and individual patients.,3,tv_14069_Max,tv_14069,1,TRUE
18614,Hung,tv,Max,1899,2009,2009-06-28,[35],Comedy,Comedy,6.563,208,1.928112994,26.8488,en,"Desperate times call for desperate measures and Ray Drecker's situation couldn't be much tougher. The former high school sports legend turned middle-aged high school basketball coach is divorced and struggling to provide for his kids when his already run-down house catches fire. Looking to take on a second job, Ray decides to exploit his best asset in a last-ditch attempt to change his fortunes.",3,tv_18614_Max,tv_18614,1,TRUE
2947,Veep,tv,Max,1899,2012,2012-04-22,"[35, 10768]",Comedy|War & Politics,Comedy,7.481,518,3.806638507,26.787,en,"A look into American politics, revolving around former Senator Selina Meyer who finds being Vice President of the United States is nothing like she expected and everything everyone ever warned her about.",3,tv_2947_Max,tv_2947,1,TRUE
61662,Schitt's Creek,tv,Max,1899,2015,2015-01-13,[35],Comedy,Comedy,7.776,685,4.494987342,25.9717,en,"Formerly filthy rich video store magnate Johnny Rose, his soap star wife Moira, and their two kids, über-hipster son David and socialite daughter Alexis, suddenly find themselves broke and forced to live in Schitt's Creek, a small depressing town they once bought as a joke.",3,tv_61662_Max,tv_61662,2,FALSE
254953,Rooster,tv,Max,1899,2026,2026-03-08,[35],Comedy,Comedy,7.611,63,0.851674956,25.3957,en,"On a college campus, an author navigates a complicated relationship with his daughter.",3,tv_254953_Max,tv_254953,1,TRUE
709,Robot Chicken,tv,Max,1899,2005,2005-02-20,"[35, 16]",Comedy|Animation,Comedy,7.664,559,4.045491974,24.9527,en,"A series of pop-culture parodies using stop-motion animation of toys, action figures and dolls. The title character was an ordinary chicken until he was run down by a car and subsequently brought back to life in cyborg form by mad scientist Fritz Huhnmorder, who tortures Robot Chicken by forcing him to watch a random selection of TV shows, the sketches that make up the body of each episode.",3,tv_709_Max,tv_709,1,TRUE
54344,The Leftovers,tv,Max,1899,2014,2014-06-29,"[10765, 18]",Sci-Fi & Fantasy|Drama,Sci-Fi & Fantasy,7.661,1197,5.403781379,23.2885,en,"When 2% of the world's population abruptly disappears without explanation, the world struggles to understand just what they're supposed to do about it. This is the story of the people who didn't make the cut.",3,tv_54344_Max,tv_54344,1,TRUE
60694,Last Week Tonight with John Oliver,tv,Max,1899,2014,2014-04-27,"[10767, 35, 10763]",Talk|Comedy|News,Talk,7.81,800,4.806153846,23.2685,en,"A half-hour satirical look at the week in news, politics and current events.",3,tv_60694_Max,tv_60694,1,TRUE
131378,Adventure Time: Fionna and Cake,tv,Max,1899,2023,2023-08-31,"[16, 10759, 35, 10765]",Animation|Action & Adventure|Comedy|Sci-Fi & Fantasy,Animation,8.7,317,3.375642595,22.8779,en,"Fionna and Cake – with the help of the former Ice King, Simon Petrikov - embark on a multiverse-hopping adventure and journey of self-discovery. All the while a powerful new antagonist determined to track them down and erase them from existence, lurks in the shadows.",3,tv_131378_Max,tv_131378,1,TRUE
125935,Abbott Elementary,tv,Max,1899,2021,2021-12-07,[35],Comedy,Comedy,7.441,282,2.683327366,22.821,en,"In this workplace comedy, a group of dedicated, passionate teachers — and a slightly tone-deaf principal — are brought together in a Philadelphia public school where, despite the odds stacked against them, they are determined to help their students succeed in life. Though these incredible public servants may be outnumbered and underfunded, they love what they do — even if they don’t love the school district’s less-than-stellar attitude toward educating children.",3,tv_125935_Max,tv_125935,2,FALSE
257994,Half Man,tv,Max,1899,2026,2026-04-28,"[18, 9648]",Drama|Mystery,Drama,8.4,24,0.384732824,22.3042,en,"When Niall's estranged 'brother' Ruben shows up at his wedding, it leads to an explosion of violence that catapults us back through their lives.",4,tv_257994_Max,tv_257994,1,TRUE
2808,Totally Spies!,tv,Max,1899,2002,2002-04-03,"[16, 10762, 35, 10759]",Animation|Kids|Comedy|Action & Adventure,Animation,7.244,270,2.540103896,21.8347,fr,"Totally Spies! depicts three girlfriends 'with an attitude' who have to cope with their daily lives at high school as well as the unpredictable pressures of international espionage. They confront the most intimidating - and demented - of villains, each with their own special agenda for demonic, global rude behavior.",4,tv_2808_Max,tv_2808,2,FALSE
34634,Gold Rush,tv,Max,1899,2010,2010-12-03,[10764],Reality,Reality,7.071,183,1.894572474,21.6489,en,"Follow the lives of ambitious miners as they head north in pursuit of gold. With new miners, new claims, new machines and new ways to pull gold out of the ground, the stakes are higher than ever. But will big risks lead to an even bigger pay out?",4,tv_34634_Max,tv_34634,1,TRUE
79501,Doom Patrol,tv,Max,1899,2019,2019-02-15,"[10765, 18]",Sci-Fi & Fantasy|Drama,Sci-Fi & Fantasy,7.5,1441,5.568006182,21.2213,en,"The Doom Patrol’s members each suffered horrible accidents that gave them superhuman abilities — but also left them scarred and disfigured. Traumatized and downtrodden, the team found purpose through The Chief, who brought them together to investigate the weirdest phenomena in existence — and to protect Earth from what they find.",4,tv_79501_Max,tv_79501,1,TRUE
73544,Warrior,tv,Max,1899,2019,2019-04-05,"[80, 18, 10759, 37]",Crime|Drama|Action & Adventure|Western,Crime,7.971,649,4.502331593,21.1039,en,"A gritty, action-packed crime drama set during the brutal Tong Wars of San Francisco’s Chinatown in the second half of the 19th century. The series follows Ah Sahm, a martial arts prodigy who immigrates from China to San Francisco under mysterious circumstances, and becomes a hatchet man for one of Chinatown’s most powerful tongs.",4,tv_73544_Max,tv_73544,1,TRUE
74440,Harley Quinn,tv,Max,1899,2019,2019-11-29,"[10759, 16, 35, 10765]",Action & Adventure|Animation|Comedy|Sci-Fi & Fantasy,Action & Adventure,8.301,1143,5.774828363,21.1005,en,"Harley Quinn has finally broken things off once and for all with the Joker. Now, she's trying to make it on her own as the criminal Queenpin of Gotham City, with help from Poison Ivy and a ragtag crew of DC castoffs.",4,tv_74440_Max,tv_74440,1,TRUE
1406,Deadwood,tv,Max,1899,2004,2004-03-21,"[37, 80, 18]",Western|Crime|Drama,Western,8.112,940,5.295333333,20.6799,en,"The story of the early days of Deadwood, South Dakota; woven around actual historic events with most of the main characters based on real people. Deadwood starts as a gold mining camp and gradually turns from a lawless wild-west community into an organized wild-west civilized town. The story focuses on the real-life characters Seth Bullock and Al Swearengen.",4,tv_1406_Max,tv_1406,1,TRUE
60573,Silicon Valley,tv,Max,1899,2014,2014-04-06,[35],Comedy,Comedy,8.142,1914,6.455587407,20.545,en,"In the high-tech gold rush of modern Silicon Valley, the people most qualified to succeed are the least capable of handling success. Partially inspired by Mike Judge’s own experiences as a Silicon Valley engineer in the late ‘80s, Silicon Valley is an American sitcom that centers around six programmers who are living together and trying to make it big in the Silicon Valley.",4,tv_60573_Max,tv_60573,1,TRUE
1891,Rome,tv,Max,1899,2005,2005-08-28,"[10759, 18]",Action & Adventure|Drama,Action & Adventure,8.234,1476,6.150497976,20.2874,en,A down-to-earth account of the lives of both illustrious and ordinary Romans set in the last days of the Roman Republic.,4,tv_1891_Max,tv_1891,1,TRUE
15621,The Newsroom,tv,Max,1899,2012,2012-06-24,[18],Drama,Drama,8.073,723,4.772509403,20.1905,en,"A behind-the-scenes look at the people who make a nightly cable-news program. Focusing on a network anchor, his new executive producer, the newsroom staff and their boss, the series tracks their quixotic mission to do the news well in the face of corporate and commercial obstacles-not to mention their own personal entanglements.",4,tv_15621_Max,tv_15621,1,TRUE
79061,Craig of the Creek,tv,Max,1899,2018,2018-03-30,"[16, 10759, 35, 10762]",Animation|Action & Adventure|Comedy|Kids,Animation,8.116,262,2.790540682,20.1268,en,"Craig and his two friends, Kelsey and JP, embark on adventures in the untamed wilderness of the Creek, a place where children can run wild and free. The group of friends solve mysteries, fulfil quests and compete in battles against the other kids.",4,tv_79061_Max,tv_79061,2,FALSE
117030,We Baby Bears,tv,Max,1899,2022,2022-01-01,"[16, 10751, 35, 10762]",Animation|Family|Comedy|Kids,Animation,7.3,276,2.596391753,19.6106,en,"Follow Grizz, Panda and Ice Bear – as their younger baby selves – traveling in a magical box to fantastic new worlds searching for a place to call home. Along the way, they meet new friends, learn a few lessons and discover that “home” can mean wherever they are, as long as they’re together.",4,tv_117030_Max,tv_117030,1,TRUE
42282,Girls,tv,Max,1899,2012,2012-04-15,"[18, 35]",Drama|Comedy,Drama,6.388,434,2.968299786,19.44,en,"The assorted humiliations, disasters and rare triumphs of four very different twenty-something girls: Hannah, an aspiring writer; Marnie, an art gallery assistant and cousins Jessa and Shoshanna.",4,tv_42282_Max,tv_42282,1,TRUE
4303,Superman: The Animated Series,tv,Max,1899,1996,1996-09-06,"[16, 10759, 10765, 10762]",Animation|Action & Adventure|Sci-Fi & Fantasy|Kids,Animation,7.7,372,3.284862385,19.2699,en,"Superman, an incredibly powerful alien from the planet Krypton, defends Metropolis from supercriminals. Superman hides his identity behind the glasses of Clark Kent; a mild-mannered reporter for the newspaper the Daily Planet. At the Daily Planet Superman works with fellow reporter Lois Lane and photographer Jimmy Olsen.",4,tv_4303_Max,tv_4303,1,TRUE
61068,Gomorrah,tv,Max,1899,2014,2014-05-06,"[80, 18]",Crime|Drama,Crime,8.044,565,4.267474178,19.1465,it,"Based on Robert Saviano's bestselling book, this gritty Italian crime drama paints a portrait of the brutal Neapolitan crime organisation the Camorra, as seen through the eyes of Ciro Di Marzo, the obedient and self- confident right-hand man of the clan's godfather, Pietro Savastano.",4,tv_61068_Max,tv_61068,1,TRUE
62704,Ballers,tv,Max,1899,2015,2015-06-21,"[18, 35]",Drama|Comedy,Drama,6.79,804,4.186472393,18.7028,en,"Looking at the lives of former and current football players, the show follows former superstar Spencer Strasmore as he gets his life on track in retirement while mentoring other current and former players through the daily grind of the business of football.",4,tv_62704_Max,tv_62704,1,TRUE
2604,The Boondocks,tv,Max,1899,2005,2005-11-06,"[10759, 35, 16]",Action & Adventure|Comedy|Animation,Action & Adventure,8.195,433,3.803252947,18.2033,en,"When Robert “Granddad” Freeman becomes legal guardian to his two grandsons, he moves from the tough south side of Chicago to the upscale neighborhood of Woodcrest (a.k.a. ""The Boondocks"") so he can enjoy his golden years in safety and comfort. But with Huey, a 10-year-old leftist revolutionary, and his eight-year-old misfit brother, Riley, suburbia is about to be shaken up.",4,tv_2604_Max,tv_2604,1,TRUE
90812,Industry,tv,Max,1899,2020,2020-11-09,[18],Drama,Drama,6.8,263,2.343905636,17.7979,en,"In the cutthroat world of international finance, a group of young graduates compete for a limited set of permanent positions at a top investment bank in London. The boundaries between colleague, friend, lover, and enemy soon blur as they immerse themselves in a company culture defined as much by sex, drugs and ego as it is by deals and dividends.",4,tv_90812_Max,tv_90812,1,TRUE
4392,Big Love,tv,Max,1899,2006,2006-03-12,[18],Drama,Drama,6.893,145,1.549589147,17.4342,en,"The story of Bill Henrickson and his life in suburban Salt Lake City, balancing the needs of his three wives -- Barb, Nicki and Margene-- their seven kids, three new houses and the opening of his newest hardware store. When disturbing news arrives about Bill's father, he is forced to reconnect with his polygamist parents who live on a fundamentalist compound in rural Utah.",4,tv_4392_Max,tv_4392,1,TRUE
82782,The Righteous Gemstones,tv,Max,1899,2019,2019-08-18,"[35, 18]",Comedy|Drama,Comedy,7.426,284,2.690030612,17.3949,en,"The story of a world-famous televangelist family with a history of deviance, greed and, yes, charitable work, all in the name of Jesus.",4,tv_82782_Max,tv_82782,1,TRUE
17404,Chopped,tv,Max,1899,2009,2009-01-13,[10764],Reality,Reality,6.4,62,0.706049822,17.3634,en,"A high energy, fast paced cooking competition that challenges four up-and-coming chefs to turn a selection of everyday ingredients into an extraordinary three-course meal. After each course, a contestant gets “chopped” by our panel of esteemed culinary luminaries until the last man or woman left standing claims victory.",5,tv_17404_Max,tv_17404,1,TRUE
73107,Barry,tv,Max,1899,2018,2018-03-25,"[35, 80, 18]",Comedy|Crime|Drama,Comedy,7.906,1133,5.485301898,17.0087,en,A hit man from the Midwest moves to Los Angeles and gets caught up in the city's theatre arts scene.,5,tv_73107_Max,tv_73107,1,TRUE
68507,His Dark Materials,tv,Max,1899,2019,2019-11-03,"[10765, 18, 10759]",Sci-Fi & Fantasy|Drama|Action & Adventure,Sci-Fi & Fantasy,7.831,1874,6.181673968,17.0079,en,"Lyra is an orphan who lives in a parallel universe in which science, theology and magic are entwined. Her search for a kidnapped friend uncovers a sinister plot involving stolen children and turns into a quest to understand a mysterious phenomenon called Dust. She is later joined on her journey by Will, a boy who possesses a knife that can cut windows between worlds. As she learns the truth about her parents and her prophesied destiny, the two young people are caught up in a war against celestial powers that ranges across many worlds.",5,tv_68507_Max,tv_68507,1,TRUE
283393,Paul American,tv,Max,1899,2025,2025-03-26,[10764],Reality,Reality,5.1,6,0.060474308,16.9861,en,Global sports and entertainment superstars Jake and Logan Paul are pulling back the curtain for their latest venture: a family reality TV show.,5,tv_283393_Max,tv_283393,1,TRUE
16997,The Pacific,tv,Max,1899,2010,2010-03-14,"[18, 10759, 10768]",Drama|Action & Adventure|War & Politics,Drama,7.788,2513,6.495600398,16.5343,en,"Track the intertwined real-life stories of three U.S. Marines – Robert Leckie, John Basilone, and Eugene Sledge – across the vast canvas of the Pacific Theater during World War II. A companion piece to the 2001 miniseries Band of Brothers.",5,tv_16997_Max,tv_16997,1,TRUE
15804,Batman: The Brave and the Bold,tv,Max,1899,2008,2008-11-14,"[16, 10759, 10765, 10762]",Animation|Action & Adventure|Sci-Fi & Fantasy|Kids,Animation,7.612,278,2.719969152,16.3097,en,"The Caped Crusader is teamed up with Blue Beetle, Green Arrow, Aquaman and countless others in his quest to uphold justice.",5,tv_15804_Max,tv_15804,1,TRUE
2022,The Batman,tv,Max,1899,2004,2004-09-11,"[16, 10765, 10759, 10762]",Animation|Sci-Fi & Fantasy|Action & Adventure|Kids,Animation,8.037,500,4.0185,16.088,en,"A young billionaire Bruce Wayne fights crime and evil as the mysterious vigilante, The Batman.",5,tv_2022_Max,tv_2022,1,TRUE
67883,Insecure,tv,Max,1899,2016,2016-10-09,"[35, 18]",Comedy|Drama,Comedy,7.125,220,2.177083333,16.0861,en,Follows the awkward experiences and racy tribulations of a modern-day African-American woman.,5,tv_67883_Max,tv_67883,1,TRUE
84200,Justice League Unlimited,tv,Max,1899,2004,2004-07-31,"[16, 10759, 10765, 10762]",Animation|Action & Adventure|Sci-Fi & Fantasy|Kids,Animation,8.287,865,5.251468864,16.0739,en,The galaxy's most powerful superheroes return to battle the allied villains and criminal plots that endanger the universe.,5,tv_84200_Max,tv_84200,1,TRUE
155780,Batwheels,tv,Max,1899,2022,2022-10-15,"[10762, 16, 35]",Kids|Animation|Comedy,Kids,7,22,0.295019157,15.8117,en,"The Batwheels are a team of sentient super-powered crimefighting vehicles that help Batman, Robin and Batgirl—as well as a host of additional DC Super Heroes—keep Gotham City safe. Created only recently by the Batcomputer, our mechanized heroes must navigate the growing pains of being a newly formed super-team as well as the growing pains that come with just being a kid.",5,tv_155780_Max,tv_155780,1,TRUE
99121,Walker,tv,Max,1899,2021,2021-01-21,"[80, 18, 10759]",Crime|Drama|Action & Adventure,Crime,7.1,390,3.111235955,15.7379,en,"Cordell Walker, a widower and father of two with his own moral code, returns home to Austin after being undercover for two years, only to discover there's harder work to be done at home.",5,tv_99121_Max,tv_99121,1,TRUE
2723,Samurai Jack,tv,Max,1899,2001,2001-08-10,"[10765, 10759, 16]",Sci-Fi & Fantasy|Action & Adventure|Animation,Sci-Fi & Fantasy,8.422,887,5.385950973,15.533,en,"A great warrior is displaced to the distant future by the evil shape-shifting wizard Aku. The world has become a bleak place under the rule of Aku, segregated into fantastic tribes and ruled by Aku's evil robot warlords. Jack travels this foreign landscape in search of a time portal that can return him to his home time so he can ""undo the future that is Aku!"".",5,tv_2723_Max,tv_2723,1,TRUE
513,Batman Beyond,tv,Max,1899,1999,1999-01-10,"[16, 10759, 10765]",Animation|Action & Adventure|Sci-Fi & Fantasy,Animation,8.2,605,4.48959276,15.079,en,"As new villains overrun Gotham City of the future, the aging Bruce Wayne hangs up the cape of the once invincible Batman. But when troubled teenager Terry McGinnis stumbles upon the Dark Knight's secret, a new alliance is forged. And a triumphant new Batman is born.",5,tv_513_Max,tv_513,1,TRUE
58832,Naked and Afraid,tv,Max,1899,2013,2013-06-23,[10764],Reality,Reality,6.808,107,1.200092257,15.0248,en,"What happens when you put two complete strangers - sans clothes - in some of the most extreme environments on Earth? Each male-female duo is left with no food, no water, no clothes, and only one survival item each as they attempt to survive on their own.",5,tv_58832_Max,tv_58832,1,TRUE
91875,Prodigal Son,tv,Max,1899,2019,2019-09-23,"[80, 18, 9648]",Crime|Drama|Mystery,Crime,8.087,454,3.848530398,15.0157,en,The son of a notorious serial killer becomes an acclaimed criminal psychologist who uses his unique insight into how killers think to help the NYPD.,5,tv_91875_Max,tv_91875,1,TRUE
125928,My Adventures with Superman,tv,Max,1899,2023,2023-07-07,"[16, 10759, 10765, 35]",Animation|Action & Adventure|Sci-Fi & Fantasy|Comedy,Animation,8.141,205,2.367241135,15.0046,en,"Twenty-somethings Clark Kent, the bright and driven Lois Lane, and their best friend Jimmy Olsen begin to discover who they are and everything they can accomplish together as an investigative reporting team at the Daily Planet.",5,tv_125928_Max,tv_125928,1,TRUE
116450,And Just Like That…,tv,Max,1899,2021,2021-12-09,"[35, 18]",Comedy|Drama,Comedy,7.3,533,3.76660213,14.9042,en,"This new chapter of “Sex and the City” follows Carrie, Miranda and Charlotte as they navigate the journey from the complicated reality of life and friendship in their 30s to the even more complicated reality of life and friendship in their 50s.",5,tv_116450_Max,tv_116450,1,TRUE
245328,Margarita: Make Your Story Count,tv,Max,1899,2024,2024-09-02,"[35, 18, 10751, 10766]",Comedy|Drama|Family|Soap,Comedy,8.85,60,0.948214286,14.5989,es,"Margarita tells the story of an orphaned teenager with a life like a movie, with many doubts and almost no certainty about her story, who, following her wish, will arrive at a very magical place where she can live and fulfill her dreams, without knowing that this house was the place where she was born and that the perfidious Delfina usurped it to build her empire.",5,tv_245328_Max,tv_245328,1,TRUE
126506,Smiling Friends,tv,Max,1899,2020,2020-04-01,"[16, 35, 10765]",Animation|Comedy|Sci-Fi & Fantasy,Animation,8.529,413,3.858134721,14.4918,en,"Smiling Friends Inc. is a small company whose main purpose is to bring happiness and make people smile. The series follows the day-to-day lives and misadventures of its representatives, the lazy, cynical Charlie, and the cheerful, optimistic Pim, as they try to cheer up and comfort the troubled people who call their company's hotline. They receive seemingly simple requests but the jobs turn out to be more complicated than they seem, making it difficult to bring happiness to the world.",5,tv_126506_Max,tv_126506,1,TRUE
92461,Bob Hearts Abishola,tv,Max,1899,2019,2019-09-23,[35],Comedy,Comedy,7.5,68,0.897887324,14.4475,en,"A love story about a middle-aged compression sock businessman from Detroit who unexpectedly falls for his cardiac nurse, a Nigerian immigrant, while recovering from a heart attack and sets his sights on winning her over.",5,tv_92461_Max,tv_92461,1,TRUE
194764,The Penguin,tv,Max,1899,2024,2024-09-19,"[18, 80]",Drama|Crime,Drama,8.365,1311,6.055502485,14.3655,en,"With the city in peril following the seawall's collapse, Oswald ""Oz"" Cobb seeks to fill the power vacuum left by the death of Carmine Falcone and finally give his mother Francis the life he's always promised. But first, Oz must confront his enemies and his own demoralizing reputation as ""the Penguin.""",6,tv_194764_Max,tv_194764,1,TRUE
89247,Batwoman,tv,Max,1899,2019,2019-10-06,"[10765, 10759]",Sci-Fi & Fantasy|Action & Adventure,Sci-Fi & Fantasy,6.857,1575,5.204710843,14.3473,en,"Kate Kane, armed with a passion for social justice and a flair for speaking her mind, soars onto the streets of Gotham as Batwoman, an out lesbian and highly trained street fighter primed to snuff out the failing city's criminal resurgence. But don't call her a hero yet. In a city desperate for a savior, Kate must overcome her own demons before embracing the call to be Gotham's symbol of hope",6,tv_89247_Max,tv_89247,1,TRUE
134373,The Sex Lives of College Girls,tv,Max,1899,2021,2021-11-18,"[35, 18]",Comedy|Drama,Comedy,7.197,373,3.075006873,14.2441,en,"Follow four college roommates as they arrive at New England's prestigious Essex College. A bundle of contradictions and hormones, these girls are equal parts lovable and infuriating as they live out their new, free lives on campus.",6,tv_134373_Max,tv_134373,1,TRUE
80986,DC's Stargirl,tv,Max,1899,2020,2020-05-18,"[10765, 10759, 18]",Sci-Fi & Fantasy|Action & Adventure|Drama,Sci-Fi & Fantasy,7.679,1158,5.363258142,14.2182,en,"Courtney Whitmore, a smart, athletic and above all else kind girl, discovers her step-father has a secret: he used to be the sidekick to a superhero. ""Borrowing"" the long-lost hero’s cosmic staff, she becomes the unlikely inspiration for an entirely new generation of superheroes.",6,tv_80986_Max,tv_80986,1,TRUE
4086,"Diners, Drive-Ins and Dives",tv,Max,1899,2007,2007-04-23,"[99, 10764]",Documentary|Reality,Documentary,6.8,69,0.824604569,14.2106,en,"Host Guy Fieri takes a cross-country road trip to visit some of America's classic ""greasy spoon"" restaurants — diners, drive-ins and dives — that have been doing it right for decades.",6,tv_4086_Max,tv_4086,1,TRUE
81723,The Gilded Age,tv,Max,1899,2022,2022-01-24,[18],Drama,Drama,7.629,256,2.583365079,14.0181,en,"It’s 1882 and the Gilded Age is in full swing when Marian Brook, a young orphaned daughter of a Southern general, moves in with her rigidly conventional aunts in New York City. With the help of Peggy Scott, an African-American woman masquerading as her maid, Marian gets caught up in the dazzling lives of her rich neighbors as she struggles to decide between adhering to the rules or forging her own path.",6,tv_81723_Max,tv_81723,1,TRUE
85853,Perry Mason,tv,Max,1899,2020,2020-06-21,"[18, 9648, 80]",Drama|Mystery|Crime,Drama,7.227,370,3.073551724,13.6654,en,"Set in 1932 Los Angeles, the series focuses on the origin story of famed defense lawyer Perry Mason. Living check-to-check as a low-rent private investigator, Mason is haunted by his wartime experiences in France and suffering the effects of a broken marriage. L.A. is booming while the rest of the country recovers from the Great Depression — but a kidnapping gone very wrong leads to Mason exposing a fractured city as he uncovers the truth of the crime.",6,tv_85853_Max,tv_85853,1,TRUE
79788,Watchmen,tv,Max,1899,2019,2019-10-20,"[18, 80, 10765, 9648, 10759]",Drama|Crime|Sci-Fi & Fantasy|Mystery|Action & Adventure,Drama,7.632,1588,5.804413793,13.4733,en,"Set in an alternate history where “superheroes” are treated as outlaws, “Watchmen” embraces the nostalgia of the original groundbreaking graphic novel while attempting to break new ground of its own.",6,tv_79788_Max,tv_79788,1,TRUE
172,Arli$$,tv,Max,1899,1996,1996-08-10,[35],Comedy,Comedy,6.769,13,0.171534113,13.3628,en,"A behind-the-scenes look at the glitzy, big-money world of professional sports following the eternally optimistic and endlessly resourceful L.A. sports agent Arliss Michaels whose Achilles' heel is his inability to say “no” to clients and employees.",6,tv_172_Max,tv_172,1,TRUE
231003,Lazarus,tv,Max,1899,2025,2025-04-06,"[10765, 10759, 16]",Sci-Fi & Fantasy|Action & Adventure|Animation,Sci-Fi & Fantasy,7.657,115,1.431796748,13.1083,en,"In 2052, a Nobel Prize-winning neuroscientist develops a drug called Hapna — a cure-all that has the unexpected side-effect of causing death three years later. In response to this threat, a special force of agents—nicknamed ""Lazarus""— is assembled to take on the malevolent Skinner.",6,tv_231003_Max,tv_231003,1,TRUE
89456,Primal,tv,Max,1899,2019,2019-10-08,"[10759, 16]",Action & Adventure|Animation,Action & Adventure,8.644,1561,6.546959728,13.0422,en,A caveman forms a bond with a dinosaur as they struggle to survive in a hostile world.,6,tv_89456_Max,tv_89456,1,TRUE
78154,My Brilliant Friend,tv,Max,1899,2018,2018-11-27,[18],Drama,Drama,8.1,230,2.552054795,12.9118,it,"When the most important friend in her life seems to have disappeared without a trace, Elena Greco, a now-elderly woman immersed in a house full of books, turns on her computer and starts writing the story of their friendship.",6,tv_78154_Max,tv_78154,1,TRUE
90872,All Rise,tv,Max,1899,2019,2019-09-23,"[18, 80]",Drama|Crime,Drama,7.4,122,1.451446945,12.6595,en,"A look at the personal and professional lives of the judges, lawyers, clerks, bailiffs and cops who work at an L.A. County courthouse.",6,tv_90872_Max,tv_90872,1,TRUE
228305,Task,tv,Max,1899,2025,2025-09-07,"[80, 18]",Crime|Drama,Crime,6.877,313,2.647602706,12.4867,en,"In the working-class suburbs of Philadelphia, an FBI agent heads a task force assembled to put an end to a string of violent robberies led by an unsuspecting family man.",6,tv_228305_Max,tv_228305,1,TRUE
89572,Nancy Drew,tv,Max,1899,2019,2019-10-09,"[9648, 18, 10765]",Mystery|Drama|Sci-Fi & Fantasy,Mystery,7.726,302,2.909291771,12.4188,en,"Nancy Drew makes plans to leave her hometown for college, but finds herself drawn into a supernatural murder mystery instead.",6,tv_89572_Max,tv_89572,1,TRUE
66292,Big Little Lies,tv,Max,1899,2017,2017-02-19,[18],Drama,Drama,7.878,1670,6.062792627,12.409,en,The tale of three mothers of first graders whose apparently perfect lives unravel to the point of murder.,6,tv_66292_Max,tv_66292,1,TRUE
72748,Strike,tv,Max,1899,2017,2017-08-27,"[80, 18, 9648]",Crime|Drama|Mystery,Crime,7.179,246,2.367337802,12.3947,en,"A war veteran turned private detective operates out of a tiny office in London’s Denmark Street. Although wounded both physically and psychologically, his unique insight and background as a military police investigator prove crucial in solving complex crimes that have baffled the police. Based on the bestselling novels written by J.K. Rowling under the pseudonym Robert Galbraith.",6,tv_72748_Max,tv_72748,1,TRUE
84661,The Outsider,tv,Max,1899,2020,2020-01-12,"[18, 9648, 80]",Drama|Mystery|Crime,Drama,7.363,1663,5.660965788,12.2356,en,"When an insidious supernatural force edges its way into a seemingly straightforward investigation into the gruesome murder of a young boy, it leads a seasoned cop and an unorthodox investigator to question everything they believe in.",6,tv_84661_Max,tv_84661,1,TRUE
102321,Looney Tunes Cartoons,tv,Max,1899,2020,2020-05-27,"[16, 35, 10751]",Animation|Comedy|Family,Animation,7.771,279,2.783195122,12.2101,en,"A series of short form cartoons starring the iconic and beloved Looney Tunes characters. Bugs Bunny, Daffy Duck, Porky Pig and other marquee Looney Tunes characters are featured in their classic pairings in simple, gag-driven and visually vibrant stories.",6,tv_102321_Max,tv_102321,1,TRUE
59186,Impractical Jokers,tv,Max,1899,2011,2011-12-15,[35],Comedy,Comedy,7.937,404,3.547066372,11.9976,en,"This hidden-camera series follows four lifelong friends -- Brian ""Q""' Quinn, James ""Murr""' Murray, Joe Gatto and Sal Vulcano -- who take dares to an outrageous level. To find out who is best under pressure, the guys compete in awkward and outrageous hidden-camera hijinks with the loser performing what is deemed to be the most-mortifying challenge yet.",6,tv_59186_Max,tv_59186,1,TRUE
251,Aqua Teen Hunger Force,tv,Max,1899,2000,2000-12-30,"[16, 35]",Animation|Comedy,Animation,7.51,246,2.476487936,11.9335,en,"The surreal adventures of three anthropomorphic fast food items: Master Shake, Frylock and Meatwad, and their human nextdoor neighbor, Carl Brutananadilewski.",7,tv_251_Max,tv_251,1,TRUE
70453,Sharp Objects,tv,Max,1899,2018,2018-07-08,"[80, 18, 9648]",Crime|Drama|Mystery,Crime,7.761,1056,5.267105398,11.7218,en,Reporter Camille Preaker confronts the psychological demons from her past when she returns to her hometown to investigate the murders of two young girls.,7,tv_70453_Max,tv_70453,1,TRUE
90228,Dune: Prophecy,tv,Max,1899,2024,2024-11-17,"[10765, 18, 10759]",Sci-Fi & Fantasy|Drama|Action & Adventure,Sci-Fi & Fantasy,7.264,566,3.856870544,11.708,en,"Ten thousand years before the ascension of Paul Atreides, sisters Valya and Tula Harkonnen establish the fabled sect and female order that would become known as the Bene Gesserit to control the future of humankind.",7,tv_90228_Max,tv_90228,1,TRUE
93287,The Flight Attendant,tv,Max,1899,2020,2020-11-26,"[18, 9648, 35]",Drama|Mystery|Comedy,Drama,7.096,619,3.925311886,11.5276,en,"Flight attendant Cassandra Bowden wakes in her hotel room hungover from the night before in Dubai with a dead body lying next to her. Afraid to call the police, she continues her morning as if nothing happened. In New York, she is met by FBI agents who question her about her recent layover in Bangkok. Still unable to piece the night together, she begins to wonder if she could be the killer.",7,tv_93287_Max,tv_93287,1,TRUE
115004,Mare of Easttown,tv,Max,1899,2021,2021-04-18,"[18, 80, 9648]",Drama|Crime|Mystery,Drama,8.191,1655,6.290535963,11.4258,en,A detective in a small Pennsylvania town investigates a local murder while trying to keep her life from falling apart.,7,tv_115004_Max,tv_115004,1,TRUE
8624,Eastbound & Down,tv,Max,1899,2009,2009-02-15,"[35, 18]",Comedy|Drama,Comedy,7.423,349,3.051386337,11.0432,en,"Years after he turned his back on his hometown, a burned-out major league ballplayer returns to teach phys ed at his old middle school.",7,tv_8624_Max,tv_8624,1,TRUE
67385,Naked Attraction,tv,Max,1899,2016,2016-07-25,[10764],Reality,Reality,6,41,0.454713494,10.9617,en,"The show looks at whether a partner can be found based solely on the naked body and animal magnetism. Two singletons join host Anna Richardson as they seek to choose a date from a selection of six naked people, who will be revealed to them one body part at a time. They then get dressed and head off on a date, to see if there is any chemistry when the clothes come on.",7,tv_67385_Max,tv_67385,1,TRUE
219543,Creature Commandos,tv,Max,1899,2024,2024-12-05,"[16, 10765, 10759]",Animation|Sci-Fi & Fantasy|Action & Adventure,Animation,7.75,314,2.98955774,10.9341,en,"Follow the exploits of the Creature Commandos, a secret team of incarcerated monsters recruited for missions deemed too dangerous for humans. When all else fails... they're your last, worst option.",7,tv_219543_Max,tv_219543,1,TRUE
1999,The Comeback,tv,Max,1899,2005,2005-06-05,"[35, 18]",Comedy|Drama,Comedy,7.425,67,0.877380952,10.8232,en,"For Valerie Cherish, no price is too high to pay for clinging to the spotlight. Desperate to revive her career, she agrees to star in a reality TV series, allowing cameras to follow her every move as she lands a part on a new network sitcom.",7,tv_1999_Max,tv_1999,1,TRUE
62481,Beat Bobby Flay,tv,Max,1899,2013,2013-08-24,[10764],Reality,Reality,6.1,27,0.312523719,10.677,en,"Two talented chefs go head-to-head for the chance to Beat Bobby Flay. To get to Bobby the chefs must first face off against each other, creating a spectacular dish with a secret ingredient of Bobby's choice. Judges Alex Guarnaschelli and Jeff Mauro know Bobby's strengths and his weaknesses. Their goal: Pick the chef who has the skills to take down Bobby Flay in his own arena. The winning chef gets to challenge Bobby with his or her surprise signature dish. If Bobby goes down, the winner can tell the world, ""I beat Bobby Flay!""",7,tv_62481_Max,tv_62481,1,TRUE
65817,The Deuce,tv,Max,1899,2017,2017-09-10,"[18, 80]",Drama|Crime,Drama,7.58,407,3.401389195,10.3017,en,"The story of the legalization and subsequent rise of the porn industry in New York’s Times Square from the early ’70s through the mid ’80s, exploring the rough-and-tumble world that existed there until the rise of HIV, the violence of the cocaine epidemic and the renewed real estate market ended the bawdy turbulence of the area.",7,tv_65817_Max,tv_65817,1,TRUE
66276,The Night Of,tv,Max,1899,2016,2016-07-10,"[80, 18, 9648]",Crime|Drama|Mystery,Crime,7.976,1293,5.751794757,9.9214,en,"After a night of partying with a female stranger, a man wakes up to find her stabbed to death and is charged with her murder.",7,tv_66276_Max,tv_66276,1,TRUE
62128,The Kitchen,tv,Max,1899,2014,2014-01-04,"[10764, 10751, 10767, 18]",Reality|Family|Talk|Drama,Reality,4.844,16,0.15020155,9.656,en,"Spend a fun and food-filled morning in The Kitchen with hosts Sunny Anderson, Katie Lee, Jeff Mauro, Marcela Valladolid, and Geoffrey Zakarian. From simple supper ideas, food trend discussions, and family meal tips to trivia games and viewer questions, they'll cover all things fun in food.",7,tv_62128_Max,tv_62128,1,TRUE
61969,Angie Tribeca,tv,Max,1899,2016,2016-01-17,"[35, 10759, 80]",Comedy|Action & Adventure|Crime,Comedy,6.385,143,1.419992224,9.6366,en,"Lone-wolf detective Angie Tribeca and a squad of committed LAPD detectives investigate the most serious cases, from the murder of a ventriloquist to a rash of baker suicides.",7,tv_61969_Max,tv_61969,1,TRUE
206828,DTF St. Louis,tv,Max,1899,2026,2026-03-01,"[35, 18]",Comedy|Drama,Comedy,6.493,69,0.787376098,9.6212,en,A love triangle among three adults experiencing middle-age malaise leads to one of them ending up dead.,7,tv_206828_Max,tv_206828,1,TRUE
271053,I Love LA,tv,Max,1899,2025,2025-11-02,[35],Comedy,Comedy,6.847,36,0.459873134,9.3569,en,"A codependent friend group navigates life and love in Los Angeles. With aspirations of becoming a talent manager, Maia is stalled out as an assistant while living with her boyfriend...until her longtime best friend and frenzied influencer Tallulah returns.",7,tv_271053_Max,tv_271053,1,TRUE
79588,Pennyworth: The Origin of Batman's Butler,tv,Max,1899,2019,2019-07-28,"[18, 80]",Drama|Crime,Drama,7.861,370,3.343183908,9.3345,en,"The origin story of Bruce Wayne's legendary butler, Alfred Pennyworth, a former British SAS soldier who forms a security company in 1960s London and goes to work with young billionaire Thomas Wayne and his wife Martha, before they become Bruce Wayne’s parents.",7,tv_79588_Max,tv_79588,1,TRUE
109939,Our Flag Means Death,tv,Max,1899,2022,2022-03-03,"[35, 10759, 18]",Comedy|Action & Adventure|Drama,Comedy,7.56,336,3.0384689,9.3013,en,"After trading in the seemingly charmed life of a gentleman for one of a swashbuckling buccaneer, Stede Bonnet becomes captain of the pirate ship Revenge. Struggling to earn the respect of his potentially mutinous crew, Stede’s fortunes change after a fateful run-in with the infamous Captain Blackbeard. Stede and crew attempt to get their ship together and survive life on the high seas.",7,tv_109939_Max,tv_109939,1,TRUE
1915,The Larry Sanders Show,tv,Max,1899,1992,1992-08-15,[35],Comedy,Comedy,7.6,89,1.148387097,9.2901,en,"Comic Garry Shandling draws upon his own talk show experiences to create the character of Larry Sanders, a paranoid, insecure host of a late night talk show. Larry, along with his obsequious TV sidekick Hank Kingsley and his fiercely protective producer Artie, allows Garry Shandling and his talented writers to look behind the scenes and to show us a convincing slice of behind the camera life.",7,tv_1915_Max,tv_1915,1,TRUE
3556,From the Earth to the Moon,tv,Max,1899,1998,1998-04-05,"[10759, 18]",Action & Adventure|Drama,Action & Adventure,8.104,130,1.672253968,9.2634,en,"The story of the United States' space program, from its beginnings in 1961 to the final moon mission in 1972.",7,tv_3556_Max,tv_3556,1,TRUE
202284,Ninja Kamui,tv,Max,1899,2024,2024-02-11,"[16, 10759]",Animation|Action & Adventure,Animation,8.219,343,3.34414828,8.9941,en,"A team of assassins exacts a bloody retribution on Joe Logan – a former ninja who escaped his clan – and his family for betraying their ancient code. Rising from his seeming ""death,"" Joe will re-emerge as his former self – Ninja Kamui – to avenge his family and friends and bring down the very clan that made him.",8,tv_202284_Max,tv_202284,1,TRUE
1044,Planet Earth,tv,Max,1899,2006,2006-03-05,[99],Documentary,Documentary,8.621,1235,6.13656196,8.9744,en,"David Attenborough celebrates the amazing variety of the natural world in this epic documentary series, filmed over four years across 64 different countries.",8,tv_1044_Max,tv_1044,1,TRUE
1618,Justice League,tv,Max,1899,2001,2001-11-17,"[10759, 16, 10765]",Action & Adventure|Animation|Sci-Fi & Fantasy,Action & Adventure,8.208,588,4.435941176,8.7109,en,"The long-awaited rebirth of the greatest superhero team of all time: Batman, Superman, Wonder Woman, The Flash, Hawkgirl, Green Lantern, and Martian Manhunter.",8,tv_1618_Max,tv_1618,1,TRUE
203687,Bugs Bunny Builders,tv,Max,1899,2022,2022-07-25,"[16, 10762, 35, 10765]",Animation|Kids|Comedy|Sci-Fi & Fantasy,Animation,6.6,14,0.179766537,8.5059,en,"At ACME Construction Company, Bugs Bunny and Lola Bunny manage an inept crew of builders. By working together as a team, Daffy Duck, Porky Pig, Tweety, and others use their tools and wild vehicles to pull off some of the looniest construction jobs ever.",8,tv_203687_Max,tv_203687,1,TRUE
228853,The Prince,tv,Max,1899,2023,2023-06-16,[35],Comedy,Comedy,8.321,53,0.797491863,8.4364,tr,"Following the death of the king, the youngest and least loved royal son -- known simply as “Prince” -- assumes the throne in the Kingdom of Bongomia.",8,tv_228853_Max,tv_228853,1,TRUE
10710,Wheeler Dealers,tv,Max,1899,2003,2003-10-05,"[10764, 99]",Reality|Documentary,Reality,7.151,63,0.80020071,8.4202,en,"Experienced car dealer Mike Brewer is joined by multi-talented mechanics in a monumental motoring mission: to find and restore iconic cars to later sell for a profit at their LA-based shop. In the series, Mike has the challenging job of finding vehicles that have money-making potential. He then hands them over to a mechanic, who tackles everything from bare metal re-sprays to gearbox swaps to bring them back to their former glory.",8,tv_10710_Max,tv_10710,1,TRUE
128071,Jellystone!,tv,Max,1899,2021,2021-07-29,"[16, 35, 10751]",Animation|Comedy|Family,Animation,7,50,0.636363636,8.4051,en,"Welcome to Jellystone! Travel to a magical town where you’ll meet new and old friends, including Yogi Bear, Cindy Bear, Boo Boo, and Huckleberry Hound…and Jabberjaw and Top Cat and Snagglepuss and El Kabong and Wally Gator and Johnny Quest and Hadji and Shag Rugg and Captain Caveman and a whole lot more.",8,tv_128071_Max,tv_128071,1,TRUE
221486,Bookie,tv,Max,1899,2023,2023-11-30,[35],Comedy,Comedy,6.857,56,0.690633094,8.4026,en,"A veteran bookie struggles to survive the impending legalization of sports gambling, increasingly unstable clients, family, co-workers, and a lifestyle that bounces him around every corner of Los Angeles, high and low.",8,tv_221486_Max,tv_221486,1,TRUE
61833,Expedition Unknown,tv,Max,1899,2015,2015-01-08,"[99, 10764, 10759]",Documentary|Reality|Action & Adventure,Documentary,7.993,71,0.993875657,8.1886,en,The adventures of Josh Gates as he investigates unsolved iconic stories across the globe.,8,tv_61833_Max,tv_61833,1,TRUE
5895,FLCL,tv,Max,1899,2000,2000-04-26,"[16, 35, 10759, 10765]",Animation|Comedy|Action & Adventure|Sci-Fi & Fantasy,Animation,7.9,420,3.606521739,8.1836,ja,"Naota is a normal boy who kills some time with a normal girl by a stream that flows underneath a bridge. Nothing unusual happens in this town. The fact that Haruhara Haruko crashes into the main character with her Vespa a short while later and subsequently hits him over the head with her Rickenbacker 4003 bass guitar doesn’t really make any difference to any other day here. The at first glance unconnected, bizarre events that don’t seem to follow any pattern whatsoever don’t change anything about Naota’s boring life, either – because nothing incredible ever happens in this town.",8,tv_5895_Max,tv_5895,1,TRUE
95249,Gossip Girl,tv,Max,1899,2021,2021-07-08,"[18, 9648]",Drama|Mystery,Drama,7.282,316,2.819990196,8.1758,en,"Eight years after the original website went dark, a new generation of New York private school teens are introduced to the social surveillance of Gossip Girl.",8,tv_95249_Max,tv_95249,1,TRUE
69630,The Bold Type,tv,Max,1899,2017,2017-06-20,"[18, 35]",Drama|Comedy,Drama,7.695,197,2.174913917,8.1254,en,"A glimpse into the outrageous lives of Jane, Kat and Sutton, who are working at the nation's top women's magazine, Scarlet, while navigating their careers, identities and individual voices.",8,tv_69630_Max,tv_69630,1,TRUE
416,"Harvey Birdman, Attorney at Law",tv,Max,1899,2000,2000-12-30,"[10765, 16, 35, 10759, 80]",Sci-Fi & Fantasy|Animation|Comedy|Action & Adventure|Crime,Sci-Fi & Fantasy,7.947,122,1.558736334,7.933,en,"Harvey Birdman, Attorney at Law features ex-superhero Harvey T. Birdman of Birdman and the Galaxy Trio as an attorney working for a law firm alongside other cartoon stars from 1960s and 1970s Hanna-Barbera cartoon series. Similarly, Harvey's clients are also primarily composed of characters taken from Hanna-Barbera cartoon series of the same era. Many of Birdman's nemeses featured in his former cartoon series also became attorneys, often representing the opposing side of a given case.",8,tv_416_Max,tv_416,1,TRUE
283853,Privileges,tv,Max,1899,2026,2026-03-27,"[18, 9648]",Drama|Mystery,Drama,4.2,24,0.192366412,7.9279,fr,"Hoping for a last chance at redemption, a young inmate takes a job inside a luxury Parisian hotel rife with ruthless ambition and betrayal.",8,tv_283853_Max,tv_283853,1,TRUE
330,"Little People, Big World",tv,Max,1899,2006,2006-03-04,[10764],Reality,Reality,6.4,26,0.31634981,7.9052,en,"Matt &amp; Amy Roloff enlist the help of their four children Jeremy, Zack, Molly &amp; Jacob to help expand the business of Roloff farms. As the kids grow older, the family grows larger and the Roloffs learn how to keep their family relationships strong.",8,tv_330_Max,tv_330,1,TRUE
901,The Sarah Silverman Program.,tv,Max,1899,2007,2007-02-01,[35],Comedy,Comedy,6.3,74,0.812195122,7.7668,en,"Sarah Silverman plays a character named Sarah Silverman, whose absurd daily life unfolds in scripted scenes and songs. With her sister and her gay neighbors by her side, Sarah always manages to fall into unique, unsettling and downright weird predicaments.",8,tv_901_Max,tv_901,1,TRUE
10906,Happily Ever After: Fairy Tales for Every Child,tv,Max,1899,1995,1995-03-12,[16],Animation,Animation,6.273,11,0.135035225,7.7159,en,Happily Ever After: Fairy Tales for Every Child is an American anthology animated television series.,8,tv_10906_Max,tv_10906,1,TRUE
61014,The Knick,tv,Max,1899,2014,2014-08-08,[18],Drama,Drama,7.848,511,3.966694362,7.6627,en,"Set in downtown New York in 1900, 'The Knick' is centered on the Knickerbocker Hospital and its staff, notably Dr. John Thackery, the hospital's brilliant chief surgeon who pushes medicine's boundaries, pioneering new procedures despite a severe drug addiction.",8,tv_61014_Max,tv_61014,1,TRUE
122196,The Staircase,tv,Max,1899,2022,2022-05-05,"[18, 80]",Drama|Crime,Drama,6.908,260,2.363263158,7.652,en,"An exploration of the life of Michael Peterson, his sprawling North Carolina family, and the suspicious death of his wife, Kathleen Peterson.",8,tv_122196_Max,tv_122196,1,TRUE
83851,The Undoing,tv,Max,1899,2020,2020-10-25,"[18, 80, 9648]",Drama|Crime|Mystery,Drama,7.356,843,4.617355175,7.6153,en,"Grace and Jonathan Fraser are living the only lives they ever wanted. Overnight a chasm opens in their lives: a violent death and a chain of terrible revelations. Left behind in the wake of a spreading and very public disaster, Grace must dismantle one life and create another for her child and her family.",8,tv_83851_Max,tv_83851,1,TRUE
89844,30 Coins,tv,Max,1899,2020,2020-11-29,"[80, 9648, 18]",Crime|Mystery|Drama,Crime,7.243,644,4.077353147,7.6058,es,"Father Vergara—an exorcist, boxer and ex-convict—lives in a remote village in Spain. Hoping to be lost and forgotten, Vergara’s demons catch up to him.",9,tv_89844_Max,tv_89844,1,TRUE
56305,Anthony Bourdain: Parts Unknown,tv,Max,1899,2013,2013-04-14,[99],Documentary,Documentary,7.73,89,1.16803056,7.5895,en,"Bourdain travels across the globe to uncover little-known areas of the world and celebrate diverse cultures by exploring food and dining rituals. Known for his curiosity, candor, and acerbic wit, Bourdain takes viewers off the beaten path of tourist destinations – including some war-torn parts of the world – and meets with a variety of local citizens to offer a window into their lifestyles, and occasionally communes with an internationally lauded chef on his journeys.",9,tv_56305_Max,tv_56305,1,TRUE
246461,Sherlock & Daughter,tv,Max,1899,2025,2025-04-16,"[18, 9648]",Drama|Mystery,Drama,6.673,52,0.628615942,7.5122,en,"Sherlock Holmes faces a sinister case risking friends' lives. American Amelia joins, seeking her father after her mother's murder. Despite differences, they solve a conspiracy and her mother's case.",9,tv_246461_Max,tv_246461,1,TRUE
65150,Vice Principals,tv,Max,1899,2016,2016-07-17,[35],Comedy,Comedy,7.176,270,2.51625974,7.485,en,"After North Jackson High's long-time principal steps down to tend to his ailing wife, Neal Gamby and Lee Russell, the school's vice principals, are forced to put their mutual disdain aside and form an unholy alliance in order to sabotage the newly appointed principal, Dr. Belinda Brown.",9,tv_65150_Max,tv_65150,1,TRUE
113959,Duster,tv,Max,1899,2025,2025-05-15,"[80, 18]",Crime|Drama,Crime,6.276,76,0.828083333,7.4731,en,"In 1972, the first Black female FBI agent heads to the Southwest and recruits a gutsy getaway driver in a bold effort to take down a growing crime syndicate.",9,tv_113959_Max,tv_113959,1,TRUE
69880,My Big Fat Fabulous Life,tv,Max,1899,2015,2015-01-13,"[10764, 18]",Reality|Drama,Reality,7.3,16,0.226356589,7.4589,en,"Dancing her way through the haters, Whitney Way Thore is embracing her body in a world that judges people by their size. She navigates both career challenges and relationship snafus with her vivacious personality, a sense of humor and an abundance of courage.

This series follows Whitney who was diagnosed with an endocrine system disorder called polyscystic ovary syndrome (PCOS) which caused her, a slender dancer at the time, to gain more than 200 pounds in one year at college. Feeling trapped in a big body, she struggled with self-doubt and negative stereotypes. Now 380 pounds and eager to continue sharing her passion for dance, Whitney has learned to embrace her body and love herself again.",9,tv_69880_Max,tv_69880,1,TRUE
88408,The New Pope,tv,Max,1899,2020,2020-01-10,[18],Drama,Drama,7.616,303,2.873783313,7.4368,it,"As Pope Pius XIII hangs between life and death in a coma, charming and sophisticated moderate English aristocrat Sir John Brannox is placed on the papal throne and adopts the name John Paul III. A sequel series to “The Young Pope.”",9,tv_88408_Max,tv_88408,1,TRUE
135251,The Idol,tv,Max,1899,2023,2023-06-04,[18],Drama,Drama,5.334,316,2.065617647,7.3645,en,"After a nervous breakdown derailed Jocelyn's last tour, she’s determined to claim her rightful status as the greatest and sexiest pop star in America. Her passions are reignited by Tedros, a nightclub impresario with a sordid past. Will her romantic awakening take her to glorious new heights or the deepest and darkest depths of her soul?",9,tv_135251_Max,tv_135251,1,TRUE
90808,Gremlins: Secrets of the Mogwai,tv,Max,1899,2023,2023-05-23,"[10765, 35, 16, 10751]",Sci-Fi & Fantasy|Comedy|Animation|Family,Sci-Fi & Fantasy,8.333,36,0.559679104,7.2824,en,"Set in 1920s Shanghai, ten-year-old Sam and 12-year-old Elle return the Mogwai Gizmo back home to the lush and perilous Valley of Jade.",9,tv_90808_Max,tv_90808,1,TRUE
131906,Deeply,tv,Max,1899,2021,2021-08-25,[18],Drama,Drama,6.9,10,0.135294118,7.2814,tr,"The stories of love – and heartbreak – of various couples, from their memorable beginnings to their inevitable ends.",9,tv_131906_Max,tv_131906,1,TRUE
229926,Suicide Squad Isekai,tv,Max,1899,2024,2024-06-27,"[16, 10759, 10765]",Animation|Action & Adventure|Sci-Fi & Fantasy,Animation,7.277,103,1.243003317,7.2709,en,"In the crime-ridden city of Gotham, Amanda Waller, the head of A.R.G.U.S., assembles a group of notorious criminals—Harley Quinn, Deadshot, Peacemaker, Clayface and King Shark—for a mission into an otherworldly realm that's connected to this world through a gate. It's a realm of swords and magic where orcs rampage and dragons rule the skies. Can Harley Quinn and her crew conquer this perilous realm?",9,tv_229926_Max,tv_229926,1,TRUE
90296,Tokyo Vice,tv,Max,1899,2022,2022-04-07,"[80, 18]",Crime|Drama,Crime,7.849,384,3.409520362,7.2394,en,"A first-hand account of the Tokyo Metropolitan Police beat following Jake Adelstein, an American journalist who embeds himself into the Tokyo Vice police squad to reveal corruption. Based on Jake Adelstein’s non-fiction book of the same name.",9,tv_90296_Max,tv_90296,1,TRUE
124067,Winning Time: The Rise of the Lakers Dynasty,tv,Max,1899,2022,2022-03-06,"[18, 35]",Drama|Comedy,Drama,7.619,177,1.991968981,7.2379,en,"A fast-break series chronicling the professional and personal lives of the 1980s Los Angeles Lakers, one of sports’ most revered and dominant dynasties — a team that defined an era, both on and off the court.",9,tv_124067_Max,tv_124067,1,TRUE
72581,Room 104,tv,Max,1899,2017,2017-07-28,"[9648, 18, 35]",Mystery|Drama|Comedy,Mystery,5.708,149,1.310465331,7.1887,en,"An anthology series set in a single hotel room, where every guest who comes to stay reveals a unique set of circumstances and quirks.",9,tv_72581_Max,tv_72581,1,TRUE
2742,Flight of the Conchords,tv,Max,1899,2007,2007-06-17,[35],Comedy,Comedy,7.941,390,3.479764045,7.1873,en,"The trials and tribulations of a two man, digi-folk band who have moved from New Zealand to New York City in the hope of forging a successful music career. So far they've managed to find a manager (whose ""other"" job is at the New Zealand Consulate), one fan (a married obsessive) and one friend (who owns the local pawn shop) -- but not much else.",9,tv_2742_Max,tv_2742,1,TRUE
124800,Love & Death,tv,Max,1899,2023,2023-04-27,"[80, 18]",Crime|Drama,Crime,7.8,460,3.7375,7.1857,en,Candy and Pat Montgomery and Betty and Allan Gore — two churchgoing couples — enjoy their small town Texas life... until an extramarital affair leads somebody to pick up an axe.,9,tv_124800_Max,tv_124800,1,TRUE
302162,Song of the Samurai - Chapter: Youthful Days in Edo,tv,Max,1899,2026,2026-03-26,[10759],Action & Adventure,Action & Adventure,10,4,0.079365079,7.1509,ja,"A live-action adaptation that translates this deep legacy to the screen. Set in Kyoto at the end of the Edo period, the story depicts the intense and passionate lives of the Shinsengumi - the iconic samurai force that defended Kyoto in the final years of Japan's shogunate - through spectacular action and a bold interpretation based on historical facts. The story follows street brawler Toshizo Hijikata (Yuki Yamada), who finds a new kind of family in Isami Kondo and Soji Okita. Hijikata and his comrades in the Shinsengumi forge a bond of loyalty - tested by betrayal, illness, and war - as they fight not only their enemies but their own ideals.",9,tv_302162_Max,tv_302162,1,TRUE
152401,Madam Beja,tv,Max,1899,2026,2026-02-02,"[18, 10766]",Drama|Soap,Drama,6.971,17,0.229220503,7.0937,pt,"In imperial Brazil, a young woman stripped of her reputation is forced into exile from polite society. Recasting herself as Madam Beja, she builds an elite pleasure house that becomes a hub of political intrigue, economic power, and forbidden desire, using charm, intelligence, and ruthless strategy to bend the same men and institutions that once destroyed her.",9,tv_152401_Max,tv_152401,1,TRUE
85519,The Other Two,tv,Max,1899,2019,2019-01-24,[35],Comedy,Comedy,6.962,66,0.811823322,7.0838,en,"A former professional dancer, Brooke, and her brother Cary, an aspiring actor, try to find their place in the world while wrestling with their feelings about their 13-year-old brother Chase's sudden rise to internet fame.",9,tv_85519_Max,tv_85519,1,TRUE
125949,We Own This City,tv,Max,1899,2022,2022-04-25,"[80, 18]",Crime|Drama,Crime,7.142,265,2.474026144,7.0573,en,The story of the rise and fall of the Baltimore Police Department's Gun Trace Task Force — and the corruption and moral collapse that befell an American city in which the policies of drug prohibition and mass arrest were championed at the expense of actual police work.,9,tv_125949_Max,tv_125949,1,TRUE
17967,Treme,tv,Max,1899,2010,2010-04-11,[18],Drama,Drama,7.603,151,1.763522273,7.0571,en,"Tremé takes its name from a neighborhood of New Orleans and portrays life in the aftermath of the 2005 hurricane. Beginning three months after Hurricane Katrina, the residents of New Orleans, including musicians, chefs, Mardi Gras Indians, and other New Orleanians struggle to rebuild their lives, their homes and their unique culture.",10,tv_17967_Max,tv_17967,1,TRUE
4360,Iron Chef America,tv,Max,1899,2005,2005-01-16,[10764],Reality,Reality,6.5,19,0.237957611,6.9916,en,"Iron Chef America: The Series is an American cooking show based on Fuji Television's Iron Chef, and is the second American adaptation of the series, following the failed Iron Chef USA. The show is produced by Food Network, which also carried a dubbed version of the original Iron Chef. Like the original Japanese program, the program is a culinary game show. In each episode, a new challenger chef competes against one of the resident ""Iron Chefs"" in a one-hour cooking competition based on a secret ingredient or ingredients, and sometimes theme.

The show is presented as a successor to the original Iron Chef, as opposed to being a remake. The Chairman is portrayed by actor and martial artist Mark Dacascos, who is introduced as the nephew of the original Japanese chairman Takeshi Kaga. The commentary is provided solely by Alton Brown, & Kevin Brauch is the floor reporter. The music is written by composer Craig Marks, who released the soundtrack titled ""Iron Chef America & The Next Iron Chef"" by the end of 2010. In addition, regular ICA judge and Chopped host Ted Allen provided additional floor commentary for two special battles: Battle First Thanksgiving and Battle White House Produce.",10,tv_4360_Max,tv_4360,1,TRUE
15871,Shark Week,tv,Max,1899,1988,1988-07-17,[99],Documentary,Documentary,7.6,17,0.249903288,6.9778,en,"The Discovery Channel's Shark Week, first broadcast on July 17, 1987, is a weeklong series of feature television programs dedicated to sharks. Held annually, normally in July or August, Shark Week was originally developed to raise awareness and respect for sharks. It is the longest-running cable television programming event in history. Now broadcast in over 72 countries, Shark Week is promoted heavily via social networks like Facebook and Twitter.",10,tv_15871_Max,tv_15871,1,TRUE
90972,Station Eleven,tv,Max,1899,2021,2021-12-16,"[18, 9648]",Drama|Mystery,Drama,7.044,406,3.156582781,6.828,en,The survivors of a devastating flu attempt to rebuild and reimagine the world anew – while holding on to the best of what’s been lost.,10,tv_90972_Max,tv_90972,1,TRUE
17035,Generation Kill,tv,Max,1899,2008,2008-07-13,"[10768, 18, 10759]",War & Politics|Drama|Action & Adventure,War & Politics,7.921,503,3.972345962,6.8192,en,The first 40 days of the war in Iraq as seen through the eyes of an elite group of U.S. Marines who spearheaded the invasion along with an embedded Rolling Stone reporter. A vivid account of the soldiers and of the forces that guided them in an often-improvised initiative.,10,tv_17035_Max,tv_17035,1,TRUE
129398,The Sympathizer,tv,Max,1899,2024,2024-04-14,"[18, 10768]",Drama|War & Politics,Drama,6.829,123,1.348261637,6.6745,en,"Near the end of the Vietnam War, a spy who was embedded in the South Vietnam army flees to the United States and takes up residence in a refugee community, where he continues to gather intelligence and report back to the Viet Cong.",10,tv_129398_Max,tv_129398,1,TRUE
100347,Celebrity IOU,tv,Max,1899,2020,2020-04-13,[10764],Reality,Reality,6.6,14,0.179766537,6.6624,en,"Twin brothers Drew and Jonathan Scott help Hollywood A-listers express their deep gratitude to the individuals who have had a major impact on their lives by surprising them with big, heartwarming home renovations that bring everyone to tears.",10,tv_100347_Max,tv_100347,1,TRUE
4709,Man vs. Wild,tv,Max,1899,2006,2006-10-27,"[10759, 99]",Action & Adventure|Documentary,Action & Adventure,7.013,188,1.916343023,6.6335,en,Bear strands himself in popular wilderness destinations where tourists often find themselves lost or in danger.,10,tv_4709_Max,tv_4709,1,TRUE
86163,Gentleman Jack,tv,Max,1899,2019,2019-04-22,[18],Drama,Drama,7.8,206,2.27592068,6.6172,en,"Halifax, West Yorkshire, England, 1832. Anne Lister attempts to revitalize her inherited home, Shibden Hall. Most notably for the time period, a part of her plan is to help the fate of her own family - by taking a wife.",10,tv_86163_Max,tv_86163,1,TRUE
236809,Scent of Time,tv,Max,1899,2023,2023-10-13,[18],Drama,Drama,6.8,13,0.172319688,6.5991,zh,A young woman's plan to marry the heir to a Chinese incense empire leads to her family's ruin...until she gets a second chance to right her wrongs.,10,tv_236809_Max,tv_236809,1,TRUE
228878,Common Side Effects,tv,Max,1899,2025,2025-02-02,"[16, 18, 35, 10765]",Animation|Drama|Comedy|Sci-Fi & Fantasy,Animation,8.401,273,2.966976714,6.5795,en,Former high school lab partners Marshall and Frances begin to unravel a conspiracy involving big pharma and the federal government to suppress knowledge of a rare mushroom that may hold the key to curing all the world’s diseases.,10,tv_228878_Max,tv_228878,1,TRUE
68595,Planet Earth II,tv,Max,1899,2016,2016-11-06,"[99, 10751]",Documentary|Family,Documentary,8.634,920,5.593859155,6.5758,en,David Attenborough presents a documentary series exploring how animals meet the challenges of surviving in the most iconic habitats on earth.,10,tv_68595_Max,tv_68595,1,TRUE
200753,Kite Man: Hell Yeah!,tv,Max,1899,2024,2024-07-18,"[16, 35]",Animation|Comedy,Animation,6.792,36,0.456179104,6.5637,en,"Lovable loser Kite Man and his new squeeze Golden Glider moonlight as criminals to support their foolish purchase of Noonan's, Gotham's seediest dive bar, where everybody knows your name, but not necessarily your secret identity!",10,tv_200753_Max,tv_200753,1,TRUE
31783,Worst Cooks in America,tv,Max,1899,2010,2010-01-03,"[10764, 35]",Reality|Comedy,Reality,6.6,29,0.361814745,6.5041,en,"12 to 16 contestants with poor cooking skills are taken through an eight-week culinary boot camp, to earn a cash prize of $25,000. The recruits are trained on the various basic cooking techniques including: baking, knife skills, temperature, seasoning and preparation. The final challenge is to cook a restaurant quality three-course meal for three food critics.",10,tv_31783_Max,tv_31783,1,TRUE
155779,Tiny Toons Looniversity,tv,Max,1899,2023,2023-09-09,"[16, 35]",Animation|Comedy,Animation,8.1,28,0.429545455,6.4892,en,"Follow Babs and Buster Bunny, Sweetie Bird, Hamton J. Pig, and Plucky Duck as they learn what it takes to be a professional toon.",10,tv_155779_Max,tv_155779,1,TRUE
102434,The Head,tv,Max,1899,2020,2020-06-12,"[9648, 18]",Mystery|Drama,Mystery,7.069,181,1.878838473,6.4635,en,"In an isolated and inaccessible Antarctic research station in which winter has fallen on the South Pole and the sun will soon disappear for the next six months, a small team, known as the Winterers, remain at the Polaris VI Antarctic Research Station to continue their innovative research. Renowned biologist Arthur Wilde is determined to find a solution to climate change, but his quest turns into a nightmare when several of his esteemed scientists suddenly begin to die.",10,tv_102434_Max,tv_102434,1,TRUE
17638,Falling Angel,tv,Max,1899,2009,2009-05-25,"[18, 10766]",Drama|Soap,Drama,8.178,214,2.451109244,6.3266,es,"Set in New York, the serial features the street-wise Ángel, who treats life as a game he plays to win. He tangles with the power-hungry Martín, who is engaged to a stunning, feisty lawyer named Manuela. She decides to defend Ángel, even though Martín wants to destroy him. Neither of the men know that Ángel is Martín's own son. Our hero learns that love is the only key to survival.",10,tv_17638_Max,tv_17638,1,TRUE
185,Carnivàle,tv,Max,1899,2003,2003-09-14,"[10765, 9648, 18]",Sci-Fi & Fantasy|Mystery|Drama,Sci-Fi & Fantasy,7.9,455,3.763874346,6.3027,en,"Carnivàle is an American television series set in the United States during the Great Depression and Dust Bowl. In tracing the lives of two disparate groups of people, its overarching story depicts the battle between good and evil and the struggle between free will and destiny; the storyline mixes Christian theology with gnosticism and Masonic lore, particularly that of the Knights Templar.",10,tv_185_Max,tv_185,1,TRUE
610,Mr. Show with Bob and David,tv,Max,1899,1995,1995-11-03,[35],Comedy,Comedy,7.6,92,1.181081081,6.2728,en,A sketch comedy series starring and hosted by Bob Odenkirk and David Cross. The pair introduce most episodes as heightened versions of themselves before transitioning to a mixture of live sketches and pre-taped segments.,10,tv_610_Max,tv_610,1,TRUE
94810,Adventure Time: Distant Lands,tv,Max,1899,2020,2020-06-25,"[16, 10759, 35, 10765, 10751]",Animation|Action & Adventure|Comedy|Sci-Fi & Fantasy|Family,Animation,8.149,542,4.238731286,6.2527,en,"Based on the animated series Adventure Time, these four specials explore the unseen corners of the world with both familiar and exciting brand-new characters.",10,tv_94810_Max,tv_94810,1,TRUE
1579,Apocalypto,movie,Peacock,386,2006,2006-12-07,"[28, 18, 36]",Action|Drama|History,Action,7.611,6272,7.049053751,66.7061,en,"Set in the Mayan civilization, when a man's idyllic presence is brutally disrupted by a violent invading force, he is taken on a perilous journey to a world ruled by fear and oppression where a harrowing end awaits him. Through a twist of fate and spurred by the power of his love for his woman and his family he will make a desperate break to return home and to ultimately save his way of life.",1,movie_1579_Peacock,movie_1579,2,FALSE
502356,The Super Mario Bros. Movie,movie,Peacock,386,2023,2023-04-05,"[10751, 35, 12, 14, 16]",Family|Comedy|Adventure|Fantasy|Animation,Family,7.595,10641,7.254141908,44.7111,en,"While working underground to fix a water main, Brooklyn plumbers—and brothers—Mario and Luigi are transported down a mysterious pipe and wander into a magical new world. But when the brothers are separated, Mario embarks on an epic quest to find Luigi.",1,movie_502356_Peacock,movie_502356,1,TRUE
680,Pulp Fiction,movie,Peacock,386,1994,1994-09-10,"[53, 80, 35]",Thriller|Crime|Comedy,Thriller,8.484,30135,8.345530929,36.6646,en,"A burger-loving hit man, his philosophical partner, a drug-addled gangster's moll and a washed-up boxer converge in this sprawling, comedic crime caper. Their adventures unfurl in three stories that ingeniously trip back and forth in time.",1,movie_680_Peacock,movie_680,1,TRUE
808,Shrek,movie,Peacock,386,2001,2001-05-18,"[16, 35, 14, 12, 10751]",Animation|Comedy|Fantasy|Adventure|Family,Animation,7.8,18694,7.596811504,30.5813,en,"It ain't easy bein' green -- especially if you're a likable (albeit smelly) ogre named Shrek. On a mission to retrieve a gorgeous princess from the clutches of a fire-breathing dragon, Shrek teams up with an unlikely compatriot -- a wisecracking donkey.",1,movie_808_Peacock,movie_808,2,FALSE
671,Harry Potter and the Philosopher's Stone,movie,Peacock,386,2001,2001-11-16,"[12, 14]",Adventure|Fantasy,Adventure,7.898,29495,7.766344724,30.3279,en,"Harry Potter has lived under the stairs at his aunt and uncle's house his whole life. But on his 11th birthday, he learns he's a powerful wizard—with a place waiting for him at the Hogwarts School of Witchcraft and Wizardry. As he learns to harness his newfound powers with the help of the school's kindly headmaster, Harry uncovers the truth about his parents' deaths—and about the villain who's to blame.",1,movie_671_Peacock,movie_671,2,FALSE
1184918,The Wild Robot,movie,Peacock,386,2024,2024-09-12,"[10751, 16, 878, 12]",Family|Animation|Science Fiction|Adventure,Family,8.308,6025,7.671371648,25.4273,en,"After a shipwreck, an intelligent robot called Roz is stranded on an uninhabited island. To survive the harsh environment, Roz bonds with the island's animals and cares for an orphaned baby goose.",1,movie_1184918_Peacock,movie_1184918,1,TRUE
1228246,Five Nights at Freddy's 2,movie,Peacock,386,2025,2025-12-03,"[27, 53]",Horror|Thriller,Horror,6.674,924,4.330601124,21.6373,en,"One year since the supernatural nightmare at Freddy Fazbear's Pizza, the stories about what transpired there have been twisted into a campy local legend, inspiring the town's first ever Fazfest. With the truth kept from her, Abby sneaks out to reconnect with Freddy, Bonnie, Chica, and Foxy, setting into motion a terrifying series of events that will reveal dark secrets about the real origin of Freddy's, and unleash a decades-hidden horror.",1,movie_1228246_Peacock,movie_1228246,1,TRUE
385687,Fast X,movie,Peacock,386,2023,2023-05-17,"[28, 80, 53]",Action|Crime|Thriller,Action,6.998,6295,6.483062546,21.325,en,"Over many missions and against impossible odds, Dom Toretto and his family have outsmarted, out-nerved and outdriven every foe in their path. Now, they confront the most lethal opponent they've ever faced: A terrifying threat emerging from the shadows of the past who's fueled by blood revenge, and who is determined to shatter this family and destroy everything—and everyone—that Dom loves, forever.",1,movie_385687_Peacock,movie_385687,1,TRUE
673,Harry Potter and the Prisoner of Azkaban,movie,Peacock,386,2004,2004-05-31,"[12, 14]",Adventure|Fantasy,Adventure,8.008,23089,7.838259867,21.2486,en,"Year three at Hogwarts means new fun and challenges as Harry learns the delicate art of approaching a Hippogriff, transforming shape-shifting Boggarts into hilarity and even turning back time. But the term also brings danger: soul-sucking Dementors hover over the school, an ally of the accursed He-Who-Cannot-Be-Named lurks within the castle walls, and fearsome wizard Sirius Black escapes Azkaban. And Harry will confront them all.",1,movie_673_Peacock,movie_673,2,FALSE
564,The Mummy,movie,Peacock,386,1999,1999-04-16,"[12, 28, 14]",Adventure|Action|Fantasy,Adventure,6.969,9953,6.635650722,20.8901,en,Dashing legionnaire Rick O'Connell stumbles upon the hidden ruins of Hamunaptra while in the midst of a battle to claim the area in 1920s Egypt. It has been over three thousand years since former High Priest Imhotep suffered a fate worse than death as a punishment for a forbidden love—along with a curse that guarantees eternal doom upon the world if he is ever awoken.,1,movie_564_Peacock,movie_564,2,FALSE
11324,Shutter Island,movie,Peacock,386,2010,2010-02-14,"[18, 53, 9648]",Drama|Thriller|Mystery,Drama,8.198,25774,8.041990257,20.8225,en,"World War II soldier-turned-U.S. Marshal Teddy Daniels investigates the disappearance of a patient from a hospital for the criminally insane, but his efforts are compromised by troubling visions and a mysterious doctor.",1,movie_11324_Peacock,movie_11324,1,TRUE
674,Harry Potter and the Goblet of Fire,movie,Peacock,386,2005,2005-11-16,"[12, 14]",Adventure|Fantasy,Adventure,7.801,22099,7.628403867,20.8212,en,"When his name emerges from the Goblet of Fire, Harry Potter becomes a competitor in a grueling battle for glory among three wizarding schools—the Triwizard Tournament. But since Harry never submitted his name for the Tournament, who did? Now Harry must confront a deadly dragon, fierce water demons, and an enchanted maze only to find himself in the cruel grasp of He Who Must Not Be Named.",1,movie_674_Peacock,movie_674,2,FALSE
675,Harry Potter and the Order of the Phoenix,movie,Peacock,386,2007,2007-07-08,"[12, 14]",Adventure|Fantasy,Adventure,7.672,20747,7.491456864,20.6307,en,"Returning for his fifth year at Hogwarts, Harry is stunned to find that his warnings about the return of Lord Voldemort have been ignored. Left with no choice, Harry takes matters into his own hands, training a small group of motivated students to defend themselves against the Dark Arts.",1,movie_675_Peacock,movie_675,2,FALSE
858024,Hamnet,movie,Peacock,386,2025,2025-11-26,"[18, 10749, 36]",Drama|Romance|History,Drama,7.7,1317,5.58112273,20.143,en,"The powerful story of love and loss that inspired the creation of Shakespeare's timeless masterpiece, Hamlet.",1,movie_858024_Peacock,movie_858024,1,TRUE
12445,Harry Potter and the Deathly Hallows: Part 2,movie,Peacock,386,2011,2011-07-12,"[12, 14]",Adventure|Fantasy,Adventure,8.079,21924,7.898858188,19.9575,en,"Harry, Ron and Hermione continue their quest to vanquish the evil Voldemort once and for all. Just as things begin to look hopeless for the young wizards, Harry discovers a trio of magical objects that endow him with powers to rival Voldemort's formidable skills.",1,movie_12445_Peacock,movie_12445,2,FALSE
672,Harry Potter and the Chamber of Secrets,movie,Peacock,386,2002,2002-11-13,"[12, 14]",Adventure|Fantasy,Adventure,7.702,23519,7.541668596,19.7922,en,"Cars fly, trees fight back, and a mysterious house-elf comes to warn Harry Potter at the start of his second year at Hogwarts. Adventure and danger await when bloody writing on a wall announces: The Chamber Of Secrets Has Been Opened. To save Hogwarts will require all of Harry, Ron and Hermione's magical abilities and courage.",1,movie_672_Peacock,movie_672,1,TRUE
767,Harry Potter and the Half-Blood Prince,movie,Peacock,386,2009,2009-07-15,"[12, 14]",Adventure|Fantasy,Adventure,7.68,20724,7.499072748,19.1774,en,"As Lord Voldemort tightens his grip on both the Muggle and wizarding worlds, Hogwarts is no longer a safe haven. Harry suspects perils may even lie within the castle, but Dumbledore is more intent upon preparing him for the final battle fast approaching. Together they work to find the key to unlock Voldemorts defenses and to this end, Dumbledore recruits his old friend and colleague Horace Slughorn, whom he believes holds crucial information. Even as the decisive showdown looms, romance blossoms for Harry, Ron, Hermione and their classmates. Love is in the air, but danger lies ahead and Hogwarts may never be the same again.",1,movie_767_Peacock,movie_767,2,FALSE
315162,Puss in Boots: The Last Wish,movie,Peacock,386,2022,2022-12-07,"[16, 12, 14, 35, 10751]",Animation|Adventure|Fantasy|Comedy|Family,Animation,8.203,8789,7.761456239,19.1009,en,"Puss in Boots discovers that his passion for adventure has taken its toll: He has burned through eight of his nine lives, leaving him with only one life left. Puss sets out on an epic journey to find the mythical Last Wish and restore his nine lives.",1,movie_315162_Peacock,movie_315162,1,TRUE
77,Memento,movie,Peacock,386,2000,2000-10-11,"[9648, 53]",Mystery|Thriller,Mystery,8.178,16177,7.932812017,17.6174,en,"Leonard Shelby is tracking down the man who raped and murdered his wife. The difficulty of locating his wife's killer, however, is compounded by the fact that he suffers from a rare, untreatable form of short-term memory loss. Although he can recall details of life before his accident, Leonard cannot remember what happened fifteen minutes ago, where he's going, or why.",1,movie_77_Peacock,movie_77,3,FALSE
12444,Harry Potter and the Deathly Hallows: Part 1,movie,Peacock,386,2010,2010-11-17,"[12, 14]",Adventure|Fantasy,Adventure,7.734,20318,7.548247286,17.5888,en,"Harry, Ron and Hermione walk away from their last year at Hogwarts to find and destroy the remaining Horcruxes, putting an end to Voldemort's bid for immortality. But with Harry's beloved Dumbledore dead and Voldemort's unscrupulous Death Eaters on the loose, the world is more dangerous than ever.",1,movie_12444_Peacock,movie_12444,2,FALSE
286217,The Martian,movie,Peacock,386,2015,2015-09-30,"[878, 18, 12]",Science Fiction|Drama|Adventure,Science Fiction,7.696,21150,7.518263279,16.6213,en,"During a manned mission to Mars, Astronaut Mark Watney is presumed dead after a fierce storm and left behind by his crew. But Watney has survived and finds himself stranded and alone on the hostile planet. With only meager supplies, he must draw upon his ingenuity, wit and spirit to subsist and find a way to signal to Earth that he is alive.",2,movie_286217_Peacock,movie_286217,1,TRUE
1734,The Mummy Returns,movie,Peacock,386,2001,2001-05-04,"[12, 28, 14]",Adventure|Action|Fantasy,Adventure,6.399,7641,6.005989313,13.4319,en,"Rick and Evelyn O’Connell, along with their 8-year-old son Alex, discover the key to the legendary Scorpion King’s might: the fabled Bracelet of Anubis. Unfortunately, a newly resurrected Imhotep has designs on the bracelet as well, and isn’t above kidnapping its new bearer, Alex, to gain control of Anubis’s otherworldly army.",2,movie_1734_Peacock,movie_1734,2,FALSE
1197137,Black Phone 2,movie,Peacock,386,2025,2025-10-15,"[27, 53]",Horror|Thriller,Horror,6.69,1064,4.551253197,11.7439,en,"Four years after defeating The Grabber, Finney Blake is struggling with life after captivity. When his younger sister Gwen begins receiving calls in her dreams from the Black Phone and seeing disturbing visions of three boys being stalked at a winter camp, the siblings become determined to solve the mystery and confront a killer who has grown more powerful in death and more significant to them than either could imagine.",2,movie_1197137_Peacock,movie_1197137,1,TRUE
974576,Conclave,movie,Peacock,386,2024,2024-10-25,"[18, 53]",Drama|Thriller,Drama,7.189,3371,6.260428571,13.4493,en,"After the unexpected death of the Pope, Cardinal Lawrence is tasked with managing the covert and ancient ritual of electing a new one. Sequestered in the Vatican with the Catholic Church’s most powerful leaders until the process is complete, Lawrence finds himself at the center of a conspiracy that could lead to its downfall.",2,movie_974576_Peacock,movie_974576,1,TRUE
809,Shrek 2,movie,Peacock,386,2004,2004-05-19,"[16, 10751, 35, 14, 10749]",Animation|Family|Comedy|Fantasy|Romance,Animation,7.313,13383,7.049620327,13.4113,en,"Happily ever after never seemed so far far away when a trip to meet the in-laws turns into a hilariously twisted adventure for Shrek and Fiona. With the help of his faithful Donkey, Shrek takes on a potion-brewing Fairy Godmother, the pompous Prince Charming, and the ogre-killer, Puss In Boots.",2,movie_809_Peacock,movie_809,2,FALSE
93456,Despicable Me 2,movie,Peacock,386,2013,2013-06-26,"[16, 35, 10751]",Animation|Comedy|Family,Animation,6.945,11977,6.666687906,11.076,en,Gru is recruited by the Anti-Villain League to help deal with a powerful new super criminal.,2,movie_93456_Peacock,movie_93456,1,TRUE
967941,Wicked: For Good,movie,Peacock,386,2025,2025-11-19,"[14, 12, 10749]",Fantasy|Adventure|Romance,Fantasy,6.6,971,4.356628144,11.2685,en,"As an angry mob rises against the Wicked Witch, Glinda and Elphaba will need to come together one final time. With their singular friendship now the fulcrum of their futures, they will need to truly see each other, with honesty and empathy, if they are to change themselves, and all of Oz, for good.",2,movie_967941_Peacock,movie_967941,1,TRUE
1735,The Mummy: Tomb of the Dragon Emperor,movie,Peacock,386,2008,2008-07-01,"[12, 28, 14]",Adventure|Action|Fantasy,Adventure,5.516,4797,4.995327921,11.5522,en,"Archaeologist Rick O'Connell travels to China, pitting him against an emperor from the 2,000-year-old Han dynasty who's returned from the dead to pursue a quest for world domination. This time, O'Connell enlists the help of his wife and son to quash the so-called 'Dragon Emperor' and his abuse of supernatural power.",2,movie_1735_Peacock,movie_1735,2,FALSE
374720,Dunkirk,movie,Peacock,386,2017,2017-07-19,"[10752, 28, 18]",War|Action|Drama,War,7.452,17528,7.2453215,11.3581,en,"The story of the miraculous evacuation of Allied soldiers from Belgium, Britain, Canada and France, who were cut off and surrounded by the German army from the beaches and harbour of Dunkirk between May 26th and June 4th 1940 during World War II.",2,movie_374720_Peacock,movie_374720,1,TRUE
51876,Limitless,movie,Peacock,386,2011,2011-03-17,"[53, 9648, 878]",Thriller|Mystery|Science Fiction,Thriller,7.199,11437,6.897458574,10.506,en,The life of an unsuccessful writer is transformed by a top-secret 'smart drug' that allows him to use 100% of his brain and become a perfect version of himself. His enhanced abilities soon attract shadowy forces that threaten his new life.,2,movie_51876_Peacock,movie_51876,2,FALSE
507089,Five Nights at Freddy's,movie,Peacock,386,2023,2023-10-25,"[27, 53]",Horror|Thriller,Horror,7.326,4996,6.659515284,9.9423,en,"Recently fired and desperate for work, a troubled young man named Mike agrees to take a position as a night security guard at an abandoned theme restaurant: Freddy Fazbear's Pizzeria. But he soon discovers that nothing at Freddy's is what it seems.",2,movie_507089_Peacock,movie_507089,1,TRUE
10192,Shrek Forever After,movie,Peacock,386,2010,2010-05-20,"[35, 12, 14, 16, 10751]",Comedy|Adventure|Fantasy|Animation|Family,Comedy,6.395,7923,6.015384661,10.6324,en,"A midlife-crisis burdened Shrek, longing for the days when he felt like a real ogre, makes a pact with magic deal-maker Rumpelstiltskin. But when he's duped and sent to a twisted version of Far Far Away—where Rumpelstiltskin is king, ogres are hunted, and he and Fiona have never met—he sets out to restore his world and reclaim his true love.",2,movie_10192_Peacock,movie_10192,2,FALSE
5559,Bee Movie,movie,Peacock,386,2007,2007-10-28,"[10751, 16, 12, 35]",Family|Animation|Adventure|Comedy,Family,6.04,5250,5.514782609,10.6847,en,"Barry B. Benson, a recent college graduate who wants more out of his life than making honey, decides to sue the human race after learning about the exploitation of bees at the hands of mankind. What will happen next?",2,movie_5559_Peacock,movie_5559,1,TRUE
26466,Triangle,movie,Peacock,386,2009,2009-10-16,[27],Horror,Horror,6.922,2948,5.918229698,9.6266,en,"When Jess sets sail on a yacht with a group of friends, she cannot shake the feeling that there is something wrong.",2,movie_26466_Peacock,movie_26466,2,FALSE
426063,Nosferatu,movie,Peacock,386,2024,2024-12-25,"[27, 14]",Horror|Fantasy,Horror,6.705,3620,5.891286408,9.8618,en,"A gothic tale of obsession between a haunted young woman and the terrifying vampire infatuated with her, causing untold horror in its wake.",2,movie_426063_Peacock,movie_426063,1,TRUE
810,Shrek the Third,movie,Peacock,386,2007,2007-05-17,"[14, 12, 16, 35, 10751]",Fantasy|Adventure|Animation|Comedy|Family,Fantasy,6.307,9750,5.999341463,10.6133,en,"The King of Far Far Away has died and Shrek and Fiona are to become King & Queen. However, Shrek wants to return to his cozy swamp and live in peace and quiet, so when he finds out there is another heir to the throne, they set off to bring him back to rule the kingdom.",2,movie_810_Peacock,movie_810,2,FALSE
449985,Triple Threat,movie,Peacock,386,2019,2019-03-19,"[53, 28]",Thriller|Action,Thriller,6.422,643,3.612726159,7.1771,en,"A crime syndicate places a hit on a billionaire's daughter, making her the target of an elite assassin squad. A small band of down-and-out mercenaries protects her, fighting tooth and nail to stop the assassins from reaching their target.",2,movie_449985_Peacock,movie_449985,2,FALSE
788,Mrs. Doubtfire,movie,Peacock,386,1993,1993-11-24,"[35, 18, 10751]",Comedy|Drama|Family,Comedy,7.197,6601,6.690240389,9.0669,en,"Loving but irresponsible dad Daniel Hillard, estranged from his exasperated spouse, is crushed by a court order allowing only weekly visits with his kids. When Daniel learns his ex needs a housekeeper, he gets the job -- disguised as a British nanny. Soon he becomes not only his children's best pal but the kind of parent he should have been from the start.",2,movie_788_Peacock,movie_788,2,FALSE
55721,Bridesmaids,movie,Peacock,386,2011,2011-05-13,"[35, 10749]",Comedy|Romance,Comedy,6.508,4662,5.877624177,8.6133,en,"Annie's life is a mess. But when she finds out her lifetime best friend is engaged, she simply must serve as Lillian's maid of honor. Though lovelorn and broke, Annie bluffs her way through the expensive and bizarre rituals. With one chance to get it perfect, she’ll show Lillian and her bridesmaids just how far you’ll go for someone you love.",2,movie_55721_Peacock,movie_55721,1,TRUE
581528,"The Gangster, the Cop, the Devil",movie,Peacock,386,2019,2019-05-15,"[28, 80, 53]",Action|Crime|Thriller,Action,7.85,1449,5.836146742,8.9751,ko,"After barely surviving a brutal attack by a sadistic serial killer, crime boss Jang Dong-su is left humiliated. Determined to catch the killer known as K, he forms an uneasy alliance with Jung Tae-seok, a relentless and incorruptible detective who often disrupts his illegal business. However, while Jang Dong-su wants K dead, Jung Tae-suk is determined to bring him to justice. With a deal in place—whoever finds K first will decide his fate—the hunt begins, blurring the lines between crime and law.",2,movie_581528_Peacock,movie_581528,3,FALSE
459151,The Boss Baby: Family Business,movie,Peacock,386,2021,2021-07-01,"[16, 35, 12, 10751]",Animation|Comedy|Adventure|Family,Animation,7.331,2681,6.178689406,8.8992,en,The Templeton brothers — Tim and his Boss Baby little bro Ted — have become adults and drifted away from each other. But a new boss baby with a cutting-edge approach and a can-do attitude is about to bring them together again … and inspire a new family business.,3,movie_459151_Peacock,movie_459151,1,TRUE
55721,Bridesmaids,movie,Peacock,386,2011,2011-05-13,"[35, 10749]",Comedy|Romance,Comedy,6.508,4662,5.877624177,8.6133,en,"Annie's life is a mess. But when she finds out her lifetime best friend is engaged, she simply must serve as Lillian's maid of honor. Though lovelorn and broke, Annie bluffs her way through the expensive and bizarre rituals. With one chance to get it perfect, she’ll show Lillian and her bridesmaids just how far you’ll go for someone you love.",3,movie_55721_Peacock,movie_55721,1,TRUE
435,The Day After Tomorrow,movie,Peacock,386,2004,2004-05-26,"[878, 53, 12]",Science Fiction|Thriller|Adventure,Science Fiction,6.555,8832,6.203789113,8.4834,en,"After paleoclimatologist Jack Hall is largely ignored by UN officials when presenting his environmental concerns about the beginning of a new Ice Age, his research proves true when a superstorm develops, setting off catastrophic natural disasters throughout the world. Trying to get to his son, Sam, who is trapped in New York City with his friend Laura and others, Jack and his crew must travel to get to Sam before it's too late.",3,movie_435_Peacock,movie_435,2,FALSE
8009,Highlander,movie,Peacock,386,1986,1986-03-07,"[12, 28, 14]",Adventure|Action|Fantasy,Adventure,6.862,2897,5.851991169,8.338,en,He fought his first battle on the Scottish Highlands in 1536. He will fight his greatest battle on the streets of New York City in 1986. His name is Connor MacLeod. He is immortal.,3,movie_8009_Peacock,movie_8009,2,FALSE
615453,Ne Zha,movie,Peacock,386,2019,2019-07-26,"[16, 14, 12]",Animation|Fantasy|Adventure,Animation,7.9,853,4.980561715,8.1918,zh,"A young boy is born as the reincarnation of a demonic power, into a society that hates and fears him. Destined by prophecy to bring destruction to the world, Nezha must choose between good and evil to see if he can change his fate.",3,movie_615453_Peacock,movie_615453,3,FALSE
88,Dirty Dancing,movie,Peacock,386,1987,1987-08-21,"[18, 10402, 10749]",Drama|Music|Romance,Drama,7.327,6495,6.803268763,8.1826,en,"Expecting the usual tedium that accompanies a summer in the Catskills with her family, 17-year-old Frances 'Baby' Houseman is surprised to find herself stepping into the shoes of a professional hoofer—and unexpectedly falling in love.",3,movie_88_Peacock,movie_88,1,TRUE
9023,Spirit: Stallion of the Cimarron,movie,Peacock,386,2002,2002-05-24,"[16, 12, 10751, 18, 37]",Animation|Adventure|Family|Drama|Western,Animation,7.688,4876,6.972970238,8.1364,en,A captured mustang remains determined to return to his herd no matter what.,3,movie_9023_Peacock,movie_9023,1,TRUE
7549,Fearless,movie,Peacock,386,2006,2006-01-26,"[18, 28]",Drama|Action,Drama,7.514,1400,5.536631579,8.0374,zh,"After going through a series of tragic events in his life, martial arts master Huo Yuanjia returns to Tianjin and must fight four international soldiers, in order to safeguard his nation's pride.",3,movie_7549_Peacock,movie_7549,2,FALSE
1280282,Gabby's Dollhouse: The Movie,movie,Peacock,386,2025,2025-09-13,"[10751, 35, 12, 16]",Family|Comedy|Adventure|Animation,Family,6.7,71,0.833099825,7.8452,en,"Gabby heads out on a road trip with her Grandma Gigi to the urban wonderland of Cat Francisco. But when Gabby's dollhouse, her most prized possession, ends up in the hands of an eccentric cat lady named Vera, Gabby sets off on an adventure through the real world to get the Gabby Cats back together and save the dollhouse before it's too late.",3,movie_1280282_Peacock,movie_1280282,1,TRUE
515001,Jojo Rabbit,movie,Peacock,386,2019,2019-10-18,"[35, 10752, 18]",Comedy|War|Drama,Comedy,7.986,10372,7.618726269,7.6816,en,"Jojo, a lonely German boy during World War II has his world shaken when he learns that his single mother is hiding a Jewish girl in their home. Influenced by a buffoonish imaginary version of Adolf Hitler, he begins to question his beliefs and confront the conflict between propaganda and his own humanity.",3,movie_515001_Peacock,movie_515001,1,TRUE
1824,50 First Dates,movie,Peacock,386,2004,2004-02-13,"[35, 10749]",Comedy|Romance,Comedy,6.871,7694,6.451729802,7.6116,en,"Henry is a player skilled at seducing women. But when this veterinarian meets Lucy, a girl with a quirky problem when it comes to total recall, he realizes it's possible to fall in love all over again…and again, and again. That's because the delightful Lucy has no short-term memory, so Henry must woo her day after day until he finally sweeps her off her feet.",3,movie_1824_Peacock,movie_1824,2,FALSE
2270,Stardust,movie,Peacock,386,2007,2007-08-10,"[12, 14, 10749, 10751]",Adventure|Fantasy|Romance|Family,Adventure,7.289,4431,6.549900426,7.5902,en,"In a countryside town bordering on a magical land, a young man makes a promise to his beloved that he'll retrieve a fallen star by venturing into the magical realm. His journey takes him into a world beyond his wildest dreams and reveals his true identity.",3,movie_2270_Peacock,movie_2270,1,TRUE
1948,Crank,movie,Peacock,386,2006,2006-08-31,"[28, 53, 80]",Action|Thriller|Crime,Action,6.653,4192,5.94402728,7.4662,en,"Chev Chelios, a hit man wanting to go straight, lets his latest target slip away. Then he awakes the next morning to a phone call that informs him he has been poisoned and has only an hour to live unless he keeps adrenaline coursing through his body while he searches for an antidote.",3,movie_1948_Peacock,movie_1948,1,TRUE
278924,Mechanic: Resurrection,movie,Peacock,386,2016,2016-08-25,"[28, 80, 53, 12]",Action|Crime|Thriller|Adventure,Action,6.046,3640,5.315806763,7.4612,en,"Arthur Bishop thought he had put his murderous past behind him when his most formidable foe kidnaps the love of his life. Now he is forced to travel the globe to complete three impossible assassinations, and do what he does best, make them look like accidents.",3,movie_278924_Peacock,movie_278924,2,FALSE
762504,Nope,movie,Peacock,386,2022,2022-07-20,"[27, 878]",Horror|Science Fiction,Horror,6.821,4846,6.18304639,7.3324,en,"Residents in a lonely gulch of inland California bear witness to an uncanny, chilling discovery.",3,movie_762504_Peacock,movie_762504,1,TRUE
449985,Triple Threat,movie,Peacock,386,2019,2019-03-19,"[53, 28]",Thriller|Action,Thriller,6.422,643,3.612726159,7.1771,en,"A crime syndicate places a hit on a billionaire's daughter, making her the target of an elite assassin squad. A small band of down-and-out mercenaries protects her, fighting tooth and nail to stop the assassins from reaching their target.",3,movie_449985_Peacock,movie_449985,2,FALSE
399402,Hunter Killer,movie,Peacock,386,2018,2018-10-19,"[28, 12, 53]",Action|Adventure|Thriller,Action,6.905,2391,5.710776548,7.0271,en,"Captain Glass of the USS Arkansas discovers that a coup d'état is taking place in Russia, so he and his crew join an elite group working on the ground to prevent a war.",3,movie_399402_Peacock,movie_399402,2,FALSE
71859,We Need to Talk About Kevin,movie,Peacock,386,2011,2011-09-28,"[18, 53]",Drama|Thriller,Drama,7.546,3083,6.492971811,6.992,en,"After her son Kevin commits a horrific act, troubled mother Eva reflects on her complicated relationship with her disturbed son as he grew from a toddler into a teenager.",3,movie_71859_Peacock,movie_71859,2,FALSE
10196,The Last Airbender,movie,Peacock,386,2010,2010-06-30,"[28, 12, 14]",Action|Adventure|Fantasy,Action,4.649,4251,4.159734582,6.9874,en,"A century has passed since the Fire Nation declared war on the other three nations of air, water, and earth in its attempt for global domination. Aang, the long-lost Avatar, is found by Water Tribe siblings Katara and Sokka and must learn to master water, earth, and fire bending to defeat the Fire Nation and restore balance to the world.",3,movie_10196_Peacock,movie_10196,1,TRUE
36669,Die Another Day,movie,Peacock,386,2002,2002-11-17,"[12, 28, 53]",Adventure|Action|Thriller,Adventure,5.997,3873,5.311315115,6.9737,en,"James Bond is sent to investigate the connection between a North Korean terrorist and a diamond mogul, who is funding the development of an international space weapon.",3,movie_36669_Peacock,movie_36669,1,TRUE
80278,The Impossible,movie,Peacock,386,2012,2012-09-09,"[18, 53, 36]",Drama|Thriller|History,Drama,7.369,6656,6.854117384,6.9623,en,"In December 2004, close-knit family Maria, Henry and their three sons begin their winter vacation in Thailand. But the day after Christmas, the idyllic holiday turns into an incomprehensible nightmare when a terrifying roar rises from the depths of the sea, followed by a wall of black water that devours everything in its path. Though Maria and her family face their darkest hour, unexpected displays of kindness and courage ameliorate their terror.",4,movie_80278_Peacock,movie_80278,1,TRUE
1089,Point Break,movie,Peacock,386,1991,1991-07-12,"[28, 53, 80]",Action|Thriller|Crime,Action,7.157,3961,6.3548256,6.8642,en,"In Los Angeles, a gang of bank robbers who call themselves The Ex-Presidents commit their crimes while wearing masks of Reagan, Carter, Nixon and Johnson. Believing that the members of the gang could be surfers, the F.B.I. sends young agent Johnny Utah to the beach undercover to mix with the surfers and gather information.",4,movie_1089_Peacock,movie_1089,2,FALSE
508,Love Actually,movie,Peacock,386,2003,2003-09-07,"[35, 10749, 18]",Comedy|Romance|Drama,Comedy,7.098,7372,6.647161585,6.8434,en,Eight very different couples deal with their love lives in various loosely interrelated tales all set during a frantic month before Christmas in London.,4,movie_508_Peacock,movie_508,1,TRUE
44826,Hugo,movie,Peacock,386,2011,2011-11-22,"[12, 18, 10751]",Adventure|Drama|Family,Adventure,7.175,7647,6.73465386,6.8247,en,"Orphaned and alone except for an uncle, Hugo Cabret lives in the walls of a train station in 1930s Paris. Hugo's job is to oil and maintain the station's clocks, but to him, his more important task is to protect a broken automaton and notebook left to him by his late father. Accompanied by the goddaughter of an embittered toy merchant, Hugo embarks on a quest to solve the mystery of the automaton and find a place he can call home.",4,movie_44826_Peacock,movie_44826,1,TRUE
49849,Cowboys & Aliens,movie,Peacock,386,2011,2011-07-29,"[28, 878, 53, 37]",Action|Science Fiction|Thriller|Western,Action,5.651,5394,5.171614184,6.8022,en,"A stranger stumbles into the desert town of Absolution with no memory of his past and a futuristic shackle around his wrist. With the help of mysterious beauty Ella and the iron-fisted Colonel Dolarhyde, he finds himself leading an unlikely posse of cowboys, outlaws, and Apache warriors against a common enemy from beyond this world in an epic showdown for survival.",4,movie_49849_Peacock,movie_49849,1,TRUE
747188,Asteroid City,movie,Peacock,386,2023,2023-06-08,"[35, 18]",Comedy|Drama,Comedy,6.452,2472,5.366535666,6.7612,en,"In an American desert town circa 1955, the itinerary of a Junior Stargazer/Space Cadet convention is spectacularly disrupted by world-changing events.",4,movie_747188_Peacock,movie_747188,1,TRUE
536554,M3GAN,movie,Peacock,386,2022,2022-12-28,"[878, 27]",Science Fiction|Horror,Science Fiction,7.024,4787,6.359729147,6.6121,en,"A brilliant toy company roboticist uses artificial intelligence to develop M3GAN, a life-like doll programmed to emotionally bond with her newly orphaned niece. But when the doll's programming works too well, she becomes overprotective of her new friend with terrifying results.",4,movie_536554_Peacock,movie_536554,1,TRUE
84892,The Perks of Being a Wallflower,movie,Peacock,386,2012,2012-09-20,[18],Drama,Drama,7.802,11169,7.467695432,6.4121,en,"Pittsburgh, Pennsylvania, 1991. High school freshman Charlie is a wallflower, always watching life from the sidelines, until two senior students, Sam and her stepbrother Patrick, become his mentors, helping him discover the joys of friendship, music and love.",4,movie_84892_Peacock,movie_84892,1,TRUE
379149,The Foreigner,movie,Peacock,386,2017,2017-09-28,"[28, 53, 80]",Action|Thriller|Crime,Action,6.971,2916,5.950654567,6.3543,en,Quan is a humble London businessman whose long-buried past erupts in a revenge-fueled vendetta when the only person left for him to love – his teenage daughter – dies in an Irish Republican Army car bombing. His relentless search to find the terrorists leads to a cat-and-mouse conflict with a British government official whose own past may hold the clues to the identities of the elusive killers.,4,movie_379149_Peacock,movie_379149,2,FALSE
211672,Minions,movie,Peacock,386,2015,2015-06-17,"[10751, 16, 12, 35]",Family|Animation|Adventure|Comedy,Family,6.419,11077,6.141769284,6.3323,en,"Minions Stuart, Kevin and Bob are recruited by Scarlet Overkill, a super-villain who, alongside her inventor husband Herb, hatches a plot to take over the world.",4,movie_211672_Peacock,movie_211672,1,TRUE
529203,The Croods: A New Age,movie,Peacock,386,2020,2020-11-25,"[16, 10751, 12, 14, 35]",Animation|Family|Adventure|Fantasy|Comedy,Animation,7.442,4126,6.637633377,6.3301,en,"Searching for a safer habitat, the prehistoric Crood family discovers an idyllic, walled-in paradise that meets all of its needs. Unfortunately, they must also learn to live with the Bettermans -- a family that's a couple of steps above the Croods on the evolutionary ladder. As tensions between the new neighbors start to rise, a new threat soon propels both clans on an epic adventure that forces them to embrace their differences, draw strength from one another, and survive together.",4,movie_529203_Peacock,movie_529203,1,TRUE
931102,Ride On,movie,Peacock,386,2023,2023-04-07,"[28, 35, 18]",Action|Comedy|Drama,Action,7.205,409,3.241853685,6.2144,zh,A washed-up stuntman and his stunt horse become an overnight social media sensation when their real-life fight with debt collectors goes viral.,4,movie_931102_Peacock,movie_931102,2,FALSE
205584,Gods of Egypt,movie,Peacock,386,2016,2016-02-25,"[28, 12, 14]",Action|Adventure|Fantasy,Action,5.692,4343,5.104347718,6.1769,en,A common thief joins a mythical god on a quest through Egypt.,4,movie_205584_Peacock,movie_205584,2,FALSE
51608,The Man from Nowhere,movie,Peacock,386,2010,2010-08-04,"[28, 53, 80]",Action|Thriller|Crime,Action,7.686,1481,5.746070671,6.1289,ko,A reclusive pawnshop owner goes on a brutal rampage to rescue a young girl kidnapped by a criminal organization.,4,movie_51608_Peacock,movie_51608,2,FALSE
762,Monty Python and the Holy Grail,movie,Peacock,386,1975,1975-04-03,"[12, 35, 14]",Adventure|Comedy|Fantasy,Adventure,7.803,6387,7.236497895,6.0843,en,"King Arthur, accompanied by his squire, recruits his Knights of the Round Table, including Sir Bedevere the Wise, Sir Lancelot the Brave, Sir Robin the Not-Quite-So-Brave-As-Sir-Lancelot and Sir Galahad the Pure. On the way, Arthur battles the Black Knight who, despite having had all his limbs chopped off, insists he can still fight. They reach Camelot, but Arthur decides not  to enter, as ""it is a silly place"".",4,movie_762_Peacock,movie_762,2,FALSE
1114513,Speak No Evil,movie,Peacock,386,2024,2024-09-11,"[27, 53]",Horror|Thriller,Horror,7.1,2082,5.725096824,6.0701,en,"When an American family is invited to spend the weekend at the idyllic country estate of a charming British family they befriended on vacation, what begins as a dream holiday soon warps into a snarled psychological nightmare.",4,movie_1114513_Peacock,movie_1114513,1,TRUE
13597,Labyrinth,movie,Peacock,386,1986,1986-06-27,"[12, 10751, 14]",Adventure|Family|Fantasy,Adventure,7.279,2729,6.151870858,6.0395,en,"Frustrated with babysitting on yet another weekend night, Sarah, a teenager with an active imagination, summons the Goblins to take her baby stepbrother away. When little Toby actually disappears, Sarah must follow him into a fantastical world to rescue him from the Goblin King. Guarding his castle is the labyrinth itself, a twisted maze of deception, populated with outrageous characters and unknown dangers.",4,movie_13597_Peacock,movie_13597,2,FALSE
525,The Blues Brothers,movie,Peacock,386,1980,1980-06-16,"[10402, 35, 28, 80]",Music|Comedy|Action|Crime,Music,7.717,4551,6.953091863,5.9802,en,"Jake Blues, just released from prison, puts his old band back together to save the Catholic home where he and his brother Elwood were raised.",4,movie_525_Peacock,movie_525,1,TRUE
1040148,"Ruby Gillman, Teenage Kraken",movie,Peacock,386,2023,2023-06-28,"[16, 10751, 14, 35]",Animation|Family|Fantasy|Comedy,Animation,7.166,1102,4.929420724,5.8456,en,"Ruby Gillman, a sweet and awkward high school student, discovers she's a direct descendant of the warrior kraken queens. The kraken are sworn to protect the oceans of the world against the vain, power-hungry mermaids. Destined to inherit the throne from her commanding grandmother, Ruby must use her newfound powers to protect those she loves most.",4,movie_1040148_Peacock,movie_1040148,1,TRUE
220289,Coherence,movie,Peacock,386,2014,2014-04-06,"[53, 878]",Thriller|Science Fiction,Thriller,7.213,3376,6.282530444,5.7343,en,Four couples gather for dinner the night a mysterious and powerful comet passes overhead.,4,movie_220289_Peacock,movie_220289,1,TRUE
30497,The Texas Chain Saw Massacre,movie,Peacock,386,1974,1974-10-11,[27],Horror,Horror,7.28,3784,6.430326797,5.6592,en,"Five friends head out to rural Texas to visit the grave of a grandfather. On the way, they stumble across what appears to be a deserted house, only to discover something sinister within. Something armed with a chainsaw.",5,movie_30497_Peacock,movie_30497,1,TRUE
2112,Payback,movie,Peacock,386,1999,1999-02-05,"[28, 18, 80, 53]",Action|Drama|Crime|Thriller,Action,6.821,1991,5.451871136,5.5998,en,"With friends like these, who needs enemies? That's the question bad guy Porter is left asking after his wife and partner steal his heist money and leave him for dead -- or so they think. Five months and an endless reservoir of bitterness later, Porter's partners and the crooked cops on his tail learn how bad payback can be.",5,movie_2112_Peacock,movie_2112,1,TRUE
641,Requiem for a Dream,movie,Peacock,386,2000,2000-10-06,"[80, 18]",Crime|Drama,Crime,8,10931,7.650074359,5.5634,en,The drug-induced utopias of four Coney Island residents are shattered when their addictions run deep.,5,movie_641_Peacock,movie_641,1,TRUE
376570,Hush,movie,Peacock,386,2016,2016-03-12,"[27, 53]",Horror|Thriller,Horror,6.7,4825,6.070892019,5.4389,en,A deaf woman is stalked by a psychotic killer in her secluded home.,5,movie_376570_Peacock,movie_376570,1,TRUE
888,The Flintstones,movie,Peacock,386,1994,1994-05-27,"[14, 35, 10751]",Fantasy|Comedy|Family,Fantasy,5.371,2614,4.508604367,5.3798,en,Modern Stone Age family the Flintstones hit the big screen in this live-action version of the classic cartoon. Fred helps Barney adopt a child. Barney sees an opportunity to repay him when Slate Mining tests its employees to find a new executive. But no good deed goes unpunished.,5,movie_888_Peacock,movie_888,1,TRUE
540901,Hustlers,movie,Peacock,386,2019,2019-09-12,"[18, 35, 80]",Drama|Comedy|Crime,Drama,6.47,3084,5.567377232,5.3032,en,A crew of savvy former strip club employees band together to turn the tables on their Wall Street clients.,5,movie_540901_Peacock,movie_540901,2,FALSE
10398,Double Jeopardy,movie,Peacock,386,1999,1999-09-24,"[53, 80, 9648]",Thriller|Crime|Mystery,Thriller,6.627,1480,4.953515152,5.2562,en,"Libby Parsons, wrongly convicted of her husband Nick's murder, thinks he is still alive. She survives the long years in prison with two burning desires sustaining her -- finding her son and solving the mystery that destroyed her once-happy life. Standing between her and her quest, however, is her parole officer, Travis Lehman. Libby poses a challenge to the cynical officer, one that forces him to face up to his own failings while pitting him against his superior and law enforcement colleagues, as she plunges into a desperate fight for justice, survival, and revenge.",5,movie_10398_Peacock,movie_10398,1,TRUE
97630,Zero Dark Thirty,movie,Peacock,386,2012,2012-12-19,"[53, 18]",Thriller|Drama,Thriller,7,4874,6.34871604,5.2073,en,"A chronicle of the decade-long hunt for al-Qaeda terrorist leader Osama bin Laden after the September 2001 attacks, and his death at the hands of the Navy S.E.A.L. Team 6 in May, 2011.",5,movie_97630_Peacock,movie_97630,1,TRUE
618588,Arthur the King,movie,Peacock,386,2024,2024-02-22,"[12, 18]",Adventure|Drama,Adventure,7.541,930,4.904286713,5.196,en,"Over the course of ten days and 435 miles, an unbreakable bond is forged between pro adventure racer Michael Light and a scrappy street dog companion dubbed Arthur. As the team is pushed to their outer limits of endurance in the race, Arthur redefines what victory, loyalty and friendship truly mean.",5,movie_618588_Peacock,movie_618588,1,TRUE
1213,The Talented Mr. Ripley,movie,Peacock,386,1999,1999-12-25,"[53, 80, 18]",Thriller|Crime|Drama,Thriller,7.196,4132,6.419229706,5.1778,en,"Tom Ripley is a calculating young man who believes it's better to be a fake somebody than a real nobody. Opportunity knocks in the form of a wealthy U.S. shipbuilder who hires Tom to travel to Italy to bring back his playboy son, Dickie. Ripley worms his way into the idyllic lives of Dickie and his girlfriend, plunging into a daring scheme of duplicity, lies and murder.",5,movie_1213_Peacock,movie_1213,1,TRUE
10331,Night of the Living Dead,movie,Peacock,386,1968,1968-10-04,"[27, 53, 878]",Horror|Thriller|Science Fiction,Horror,7.61,2721,6.428689848,5.0181,en,A ragtag group barricade themselves in an old Pennsylvania farmhouse to remain safe from a horde of flesh-eating ghouls ravaging the Northeast.,5,movie_10331_Peacock,movie_10331,1,TRUE
8292,Four Brothers,movie,Peacock,386,2005,2005-08-11,"[28, 80]",Action|Crime,Action,6.799,2390,5.622702422,5.0145,en,Four adopted brothers return to their Detroit hometown when their mother is murdered and vow to exact revenge on the killers.,5,movie_8292_Peacock,movie_8292,1,TRUE
612,Munich,movie,Peacock,386,2005,2005-12-23,"[18, 28, 36, 53]",Drama|Action|History|Thriller,Drama,7.134,2985,6.110470588,4.9675,en,"During the 1972 Olympic Games in Munich, eleven Israeli athletes are taken hostage and murdered by a Palestinian terrorist group known as Black September. In retaliation, the Israeli government recruits a group of Mossad agents to track down and execute those responsible for the attack.",5,movie_612_Peacock,movie_612,1,TRUE
645788,The Protégé,movie,Peacock,386,2021,2021-08-19,"[28, 53, 80]",Action|Thriller|Crime,Action,6.558,1141,4.559828154,4.9582,en,"Rescued as a child by the legendary assassin Moody and trained in the family business, Anna is the world’s most skilled contract killer. When Moody, the man who was like a father to her and taught her everything she needs to know about trust and survival, is brutally killed, Anna vows revenge. As she becomes entangled with an enigmatic killer whose attraction to her goes way beyond cat and mouse, their confrontation turns deadly and the loose ends of a life spent killing will weave themselves ever tighter.",5,movie_645788_Peacock,movie_645788,1,TRUE
82703,Mr. Peabody & Sherman,movie,Peacock,386,2014,2014-02-07,"[16, 878, 35, 12, 10751]",Animation|Science Fiction|Comedy|Adventure|Family,Animation,6.725,2529,5.614897656,4.9582,en,"A young boy and his dog, who happens to have a genius-level IQ, spring into action when their time-machine is stolen and moments in history begin to be changed.",5,movie_82703_Peacock,movie_82703,1,TRUE
583,Life of Brian,movie,Peacock,386,1979,1979-08-17,[35],Comedy,Comedy,7.762,4905,7.043961147,4.9176,en,"Brian Cohen is an average young Jewish man, but through a series of ridiculous events, he gains a reputation as the Messiah. When he's not dodging his followers or being scolded by his shrill mother, the hapless Brian has to contend with the pompous Pontius Pilate and acronym-obsessed members of a separatist movement. Rife with Monty Python's signature absurdity, the tale finds Brian's life paralleling Biblical lore, albeit with many more laughs.",5,movie_583_Peacock,movie_583,1,TRUE
17809,Fist of Legend,movie,Peacock,386,1994,1994-12-22,[28],Action,Action,7.5,604,4.10326087,4.8398,zh,"Chen returns to his school when he finds out that his martial arts teacher has died. When he learns that his school students are harassed by some hooligans, he gears himself up to save them.",5,movie_17809_Peacock,movie_17809,1,TRUE
431580,Abominable,movie,Peacock,386,2019,2019-09-19,"[10751, 16, 12, 35, 14]",Family|Animation|Adventure|Comedy|Fantasy,Family,7.45,2169,6.054346197,4.8322,en,"A group of misfits encounter a young Yeti named Everest, and they set off to reunite the magical creature with his family on the mountain of his namesake.",5,movie_431580_Peacock,movie_431580,1,TRUE
536437,Hypnotic,movie,Peacock,386,2023,2023-05-11,"[9648, 878, 53]",Mystery|Science Fiction|Thriller,Mystery,6.206,1465,4.62686514,4.7778,en,A detective becomes entangled in a mystery involving his missing daughter and a secret government program while investigating a string of reality-bending crimes.,5,movie_536437_Peacock,movie_536437,1,TRUE
4148,Revolutionary Road,movie,Peacock,386,2008,2008-12-19,"[18, 10749]",Drama|Romance,Drama,6.983,4105,6.224802389,4.6332,en,A young couple living in a Connecticut suburb during the mid-1950s struggle to come to terms with their personal problems while trying to raise their two children. Based on a novel by Richard Yates.,5,movie_4148_Peacock,movie_4148,1,TRUE
990140,Sakra,movie,Peacock,386,2023,2023-01-16,[28],Action,Action,6.472,199,1.842529328,4.5938,cn,"Qiao Feng is the respected leader of a roving band of martial artists. After he is wrongfully accused of murder and subsequently exiled, Qiao Feng goes on the run in search of answers about his own mysterious origin story—and the unknown enemies working to destroy him from the shadows.",6,movie_990140_Peacock,movie_990140,1,TRUE
804095,The Fabelmans,movie,Peacock,386,2022,2022-11-11,[18],Drama,Drama,7.572,2752,6.407793358,4.5809,en,"Growing up in post-World War II era Arizona, young Sammy Fabelman aspires to become a filmmaker as he reaches adolescence, but soon discovers a shattering family secret and explores how the power of films can help him see the truth.",6,movie_804095_Peacock,movie_804095,1,TRUE
539885,Ava,movie,Peacock,386,2020,2020-07-02,"[28, 53, 80]",Action|Thriller|Crime,Action,5.825,2746,4.927741836,4.575,en,A black ops assassin is forced to fight for her own survival after a job goes dangerously wrong.,6,movie_539885_Peacock,movie_539885,1,TRUE
44943,Battle: Los Angeles,movie,Peacock,386,2011,2011-03-08,"[878, 28]",Science Fiction|Action,Science Fiction,5.816,3712,5.125591643,4.5738,en,"When once distant UFOs become a terrifying threat and an alien invasion force begins attacking Earths major costal and riverside cities, a U.S Marine staff sergeant and his team are sent into battle only to find they must take it upon themselves to defeat an unknown enemy and protect what remains of Los Angeles.",6,movie_44943_Peacock,movie_44943,1,TRUE
1371185,Song Sung Blue,movie,Peacock,386,2025,2025-12-25,"[10402, 10749, 18]",Music|Romance|Drama,Music,7.4,233,2.352251023,4.4916,en,"Based on a true story, two down-on-their-luck musicians form a joyous Neil Diamond tribute band, proving it's never too late to find love and follow your dreams.",6,movie_1371185_Peacock,movie_1371185,1,TRUE
926,Galaxy Quest,movie,Peacock,386,1999,1999-12-25,"[35, 878, 12]",Comedy|Science Fiction|Adventure,Comedy,7.082,2508,5.904805851,4.4855,en,"For four years, the courageous crew of the NSEA Protector —  Commander Peter Quincy Taggart, Lieutenant Tawny Madison, and Doctor Lazarus — set off on a thrilling and often dangerous mission in space... until their series was cancelled! Now, twenty years later, aliens under attack have mistaken the Galaxy Quest television transmissions for ""historical documents"" and beam up the crew of has-been actors to save the universe. With no script, no director, and no clue, the actors must turn in the performances of their lives.",6,movie_926_Peacock,movie_926,1,TRUE
11009,Saturday Night Fever,movie,Peacock,386,1977,1977-12-16,[18],Drama,Drama,6.732,2072,5.423290824,4.4586,en,Tony spends his Saturdays at a disco where his stylish moves raise his popularity among the patrons. But his life outside the disco is not easy and things change when he gets attracted to Stephanie.,6,movie_11009_Peacock,movie_11009,1,TRUE
26022,My Name Is Khan,movie,Peacock,386,2010,2010-02-10,"[18, 10749]",Drama|Romance,Drama,8.025,1438,5.954566563,4.421,hi,"Rizwan Khan, a Muslim from the Borivali section of Mumbai, has Asperger's syndrome. He marries a Hindu single mother, Mandira, in San Francisco. After 9/11, Rizwan is detained by authorities at LAX who treat him as a terrorist because of his condition and his race.",6,movie_26022_Peacock,movie_26022,1,TRUE
582014,Promising Young Woman,movie,Peacock,386,2020,2020-12-13,"[53, 80, 18]",Thriller|Crime|Drama,Thriller,7.392,3686,6.509056856,4.4058,en,"A young woman, traumatized by a tragic event in her past, seeks out vengeance against those who crossed her path.",6,movie_582014_Peacock,movie_582014,1,TRUE
1013482,Borderline,movie,Peacock,386,2025,2025-03-14,"[35, 27, 53]",Comedy|Horror|Thriller,Comedy,5.726,157,1.368313546,4.4046,en,"After escaping from a mental hospital, a violent sociopath named Paul begins a dangerous rampage targeting Sofia, a world-famous pop star. Obsessed with her, he takes Sofia hostage in her own home, acting under the delusional belief that they are getting married. Paul is desperate to prove his devotion, leading to a tense and unpredictable situation.",6,movie_1013482_Peacock,movie_1013482,1,TRUE
970347,The Killer,movie,Peacock,386,2024,2024-08-22,"[28, 53, 80]",Action|Thriller|Crime,Action,6.25,541,3.24807877,4.4044,en,"Zee is a feared contract killer known as ""the Queen of the Dead,"" but when she refuses to murder a young blind woman, she finds herself hunted both by criminal colleagues and a determined police detective.",6,movie_970347_Peacock,movie_970347,1,TRUE
804150,Cocaine Bear,movie,Peacock,386,2023,2023-02-22,"[53, 35, 80]",Thriller|Comedy|Crime,Thriller,5.994,2431,4.971482088,4.3967,en,"Inspired by a true story, an oddball group of cops, criminals, tourists and teens converge in a Georgia forest where a 500-pound black bear goes on a murderous rampage after unintentionally ingesting cocaine.",6,movie_804150_Peacock,movie_804150,1,TRUE
1574,Chicago,movie,Peacock,386,2002,2002-12-10,"[35, 80, 18]",Comedy|Crime|Drama,Comedy,7.129,2898,6.080000589,4.3918,en,Murderesses Velma Kelly and Roxie Hart find themselves on death row together and fight for the fame that will keep them from the gallows in 1920s Chicago.,6,movie_1574_Peacock,movie_1574,1,TRUE
8374,The Boondock Saints,movie,Peacock,386,1999,1999-01-22,"[28, 53, 80]",Action|Thriller|Crime,Action,7.253,2682,6.113307982,4.2946,en,"Tired of the crime overrunning the streets of Boston, Irish Catholic twin brothers Conner and Murphy are inspired by their faith to cleanse their hometown of evil with their own brand of zealous vigilante justice. As they hunt down and kill one notorious gangster after another, they become controversial folk heroes in the community. But Paul Smecker, an eccentric FBI agent, is fast closing in on their blood-soaked trail.",6,movie_8374_Peacock,movie_8374,1,TRUE
1272149,Bridget Jones: Mad About the Boy,movie,Peacock,386,2025,2025-02-12,"[10749, 35, 18]",Romance|Comedy|Drama,Romance,6.385,525,3.270365854,4.2854,en,"Bridget Jones navigates life as a widow and single mum with the help of her family, friends, and former lover, Daniel. Back to work and on the apps, she's pursued by a younger man and maybe – just maybe – her son's science teacher.",6,movie_1272149_Peacock,movie_1272149,1,TRUE
49021,Killer Elite,movie,Peacock,386,2011,2011-09-22,"[28, 12, 53]",Action|Adventure|Thriller,Action,6.268,2307,5.151505522,4.2043,en,"Based on a shocking true story, Killer Elite pits two of the world’s most elite operatives—Danny, an ex-special ops agent and Hunter, his longtime mentor—against the cunning leader of a secret military society. Covering the globe from Australia to Paris, London and the Middle East, Danny and Hunter are plunged into a highly dangerous game of cat and mouse—where the predators become the prey.",6,movie_49021_Peacock,movie_49021,1,TRUE
899112,Violent Night,movie,Peacock,386,2022,2022-11-30,"[28, 35, 14, 53]",Action|Comedy|Fantasy|Thriller,Action,7.226,2536,6.035947299,4.1582,en,"When a team of mercenaries breaks into a wealthy family compound on Christmas Eve, taking everyone inside hostage, the team isn’t prepared for a surprise combatant: Santa Claus is on the grounds, and he’s about to show why this Nick is no saint.",6,movie_899112_Peacock,movie_899112,1,TRUE
338766,Hell or High Water,movie,Peacock,386,2016,2016-08-11,"[37, 80, 18]",Western|Crime|Drama,Western,7.3,4843,6.616863185,4.1238,en,A divorced dad and his ex-con brother resort to a desperate scheme in order to save their family's farm in West Texas.,6,movie_338766_Peacock,movie_338766,1,TRUE
10159,The Rundown,movie,Peacock,386,2003,2003-09-26,"[12, 28, 35, 53]",Adventure|Action|Comedy|Thriller,Adventure,6.446,2166,5.237072768,4.1088,en,"When Travis, the mouthy son of a criminal, disappears in the Amazon in search of a treasured artifact, his father sends in Beck, who becomes Travis's rival for the affections of Mariana, a mysterious Brazilian woman. With his steely disposition, Beck is a man of few words -- but it takes him all the discipline he can muster to work with Travis to nab a tyrant who's after the same treasure.",6,movie_10159_Peacock,movie_10159,1,TRUE
817758,TÁR,movie,Peacock,386,2022,2022-10-07,"[10402, 18]",Music|Drama,Music,7.102,1513,5.33796622,4.1085,en,"As celebrated conductor Lydia Tár starts rehearsals for a career-defining symphony, the consequences of her past choices begin to echo in the present.",6,movie_817758_Peacock,movie_817758,1,TRUE
450001,Master Z: Ip Man Legacy,movie,Peacock,386,2018,2018-12-20,"[28, 80, 18]",Action|Crime|Drama,Action,6.513,588,3.519893382,4.0826,cn,"Following his defeat by Master Ip, Cheung Tin Chi tries to make a life with his young son in Hong Kong, waiting tables at a bar that caters to expats. But it's not long before the mix of foreigners, money, and triad leaders draw him once again to the fight.",7,movie_450001_Peacock,movie_450001,1,TRUE
489999,Searching,movie,Peacock,386,2018,2018-08-24,"[18, 9648, 53]",Drama|Mystery|Thriller,Drama,7.569,4215,6.766348887,4.0698,en,"After David Kim's 16-year-old daughter goes missing, a local investigation is opened and a detective is assigned to the case. But 37 hours later and without a single lead, David decides to search the one place no one has looked yet, where all secrets are kept today: his daughter's laptop.",7,movie_489999_Peacock,movie_489999,1,TRUE
14756,Ip Man,movie,Peacock,386,2008,2008-12-12,"[18, 28, 36]",Drama|Action|History,Drama,7.759,4088,6.913424586,4.0418,cn,"A semi-biographical account of Yip Man, the first martial arts master to teach the Chinese martial art of Wing Chun. The film focuses on events surrounding Ip that took place in the city of Foshan between the 1930s to 1940s during the Second Sino-Japanese War. Directed by Wilson Yip, the film stars Donnie Yen in the lead role, and features fight choreography by Sammo Hung.",7,movie_14756_Peacock,movie_14756,1,TRUE
2140,Kiss of the Dragon,movie,Peacock,386,2001,2001-07-06,"[28, 80, 53]",Action|Crime|Thriller,Action,6.9,1326,5.010624315,3.9289,en,"Liu Jian, an elite Chinese police officer, comes to Paris to arrest a Chinese drug lord. When Jian is betrayed by a French officer and framed for murder, he must go into hiding and find new allies.",7,movie_2140_Peacock,movie_2140,1,TRUE
1079485,Winnie-the-Pooh: Blood and Honey 2,movie,Peacock,386,2024,2024-03-26,"[27, 53]",Horror|Thriller,Horror,5.8,468,2.804132231,3.8823,en,"Five months following the murders, Christopher Robin struggles to maintain a regular life while dealing with PTSD. However, deep within the 100-Acre-Wood, a destructive rage grows as Pooh, Piglet, Owl, and Tigger find their home and their lives endangered after their existence is revealed.",7,movie_1079485_Peacock,movie_1079485,1,TRUE
912908,Strays,movie,Peacock,386,2023,2023-08-17,"[35, 12]",Comedy|Adventure,Comedy,7.173,1001,4.783592938,3.8785,en,"When Reggie is abandoned on the mean city streets by his lowlife owner, Doug, Reggie is certain that his beloved owner would never leave him on purpose. But once Reggie falls in with Bug, a fast-talking, foul-mouthed stray who loves his freedom and believes that owners are for suckers, Reggie finally realizes he was in a toxic relationship and begins to see Doug for the heartless sleazeball that he is.",7,movie_912908_Peacock,movie_912908,1,TRUE
9437,Kiss the Girls,movie,Peacock,386,1997,1997-09-29,"[53, 80, 9648, 18]",Thriller|Crime|Mystery|Drama,Thriller,6.532,1879,5.159154266,3.8289,en,"Forensic psychologist and detective Alex Cross travels to North Carolina and teams with escaped kidnap victim Kate McTiernan to hunt down ""Casanova,"" a serial killer who abducts strong-willed women and forces them to submit to his demands. The trail leads to Los Angeles, where the duo discovers that the psychopath may not be working alone.",7,movie_9437_Peacock,movie_9437,1,TRUE
111969,Stuck in Love,movie,Peacock,386,2013,2013-06-14,"[18, 35, 10749]",Drama|Comedy|Romance,Drama,7.375,2005,5.902944112,3.7947,en,"An acclaimed writer, his ex-wife, and their teenaged children come to terms with the complexities of love in all its forms over the course of one tumultuous year.",7,movie_111969_Peacock,movie_111969,1,TRUE
11587,The Exorcist III,movie,Peacock,386,1990,1990-08-17,"[27, 9648]",Horror|Mystery,Horror,6.268,850,3.946518519,3.703,en,"On the fifteenth anniversary of the exorcism that claimed Father Damien Karras' life, Police Lieutenant Kinderman's world is once again shattered when a boy is found decapitated and savagely crucified.",7,movie_11587_Peacock,movie_11587,1,TRUE
1239251,Megamind vs. the Doom Syndicate,movie,Peacock,386,2024,2024-03-01,"[16, 35, 878]",Animation|Comedy|Science Fiction,Animation,5.088,331,2.026628159,3.7005,en,"Megamind's former villain team, The Doom Syndicate, has returned. Our newly crowned blue hero must now keep up evil appearances until he can assemble his friends (Roxanne, Ol' Chum and Keiko) to stop his former evil teammates from launching Metro City to the Moon.",7,movie_1239251_Peacock,movie_1239251,1,TRUE
1049942,Bambi: The Reckoning,movie,Peacock,386,2025,2025-07-11,"[27, 53]",Horror|Thriller,Horror,5.6,149,1.285670262,3.6533,en,"After a mother and son get in a car wreck, they soon become hunted by Bambi, a mutated grief-stricken deer on a deadly rampage seeking revenge for the death of his mother and wife.",7,movie_1049942_Peacock,movie_1049942,1,TRUE
631842,Knock at the Cabin,movie,Peacock,386,2023,2023-02-01,"[27, 9648, 53]",Horror|Mystery|Thriller,Horror,6.248,3070,5.372929972,3.6278,en,"While vacationing at a remote cabin, a young girl and her two fathers are taken hostage by four armed strangers who demand that the family make an unthinkable choice to avert the apocalypse. With limited access to the outside world, the family must decide what they believe before all is lost.",7,movie_631842_Peacock,movie_631842,1,TRUE
8346,My Big Fat Greek Wedding,movie,Peacock,386,2002,2002-04-19,"[35, 18, 10749]",Comedy|Drama|Romance,Comedy,6.501,2288,5.335110473,3.5822,en,A young Greek woman falls in love with a non-Greek and struggles to get her family to accept him while she comes to terms with her heritage and cultural identity.,7,movie_8346_Peacock,movie_8346,1,TRUE
9986,Charlotte's Web,movie,Peacock,386,2006,2006-12-07,"[35, 10751, 14]",Comedy|Family|Fantasy,Comedy,6.232,1453,4.636505888,3.498,en,"Wilbur the pig is scared of the end of the season, because he knows that come that time, he will end up on the dinner table. He hatches a plan with Charlotte, a spider that lives in his pen, to ensure that this will never happen.",7,movie_9986_Peacock,movie_9986,1,TRUE
328111,The Secret Life of Pets,movie,Peacock,386,2016,2016-06-18,"[10751, 35, 12, 16]",Family|Comedy|Adventure|Animation,Family,6.317,8491,5.96570426,3.4821,en,"The quiet life of a terrier named Max is upended when his owner takes in Duke, a stray whom Max instantly dislikes.",7,movie_328111_Peacock,movie_328111,1,TRUE
11017,Billy Madison,movie,Peacock,386,1995,1995-02-10,[35],Comedy,Comedy,6.194,1793,4.843367641,3.4031,en,"Billy Madison is the 27 year-old son of Bryan Madison, a very rich man who has made his living in the hotel industry. Billy stands to inherit his father's empire, but only if he can make it through all 12 grades, 2 weeks per grade, to prove that he has what it takes to run the family business.",7,movie_11017_Peacock,movie_11017,1,TRUE
59468,The Way,movie,Peacock,386,2010,2010-09-10,"[12, 35, 18]",Adventure|Comedy|Drama,Adventure,7.113,648,4.015003484,3.3819,en,"When his son dies while hiking the famed Camino de Santiago pilgrimage route in the Pyrenees, Tom flies to France to claim the remains. Looking for insights into his estranged child’s life, he decides to complete the 500-mile mountain trek to Spain. Tom soon joins up with other travelers and realizes they’re all searching for something.",7,movie_59468_Peacock,movie_59468,1,TRUE
430447,Mary and The Witch's Flower,movie,Peacock,386,2017,2017-07-08,"[16, 12, 10751, 14]",Animation|Adventure|Family|Fantasy,Animation,7.144,897,4.587092341,3.3263,ja,"Mary Smith, a young girl who lives with her great-aunt in the countryside, follows a mysterious cat into the nearby forest where she finds a strange flower and an old broom, none of which is as ordinary as it seems.",7,movie_430447_Peacock,movie_430447,1,TRUE
649609,Renfield,movie,Peacock,386,2023,2023-04-07,"[35, 14, 27]",Comedy|Fantasy|Horror,Comedy,6.449,2117,5.216863966,3.2682,en,"Having grown sick and tired of his centuries as Dracula's lackey, Renfield finds a new lease on life — and maybe even redemption — when he falls for feisty, perennially angry traffic cop Rebecca Quincy.",7,movie_649609_Peacock,movie_649609,1,TRUE
596161,Let Him Go,movie,Peacock,386,2020,2020-11-05,"[53, 80, 37]",Thriller|Crime|Western,Thriller,6.834,806,4.217614089,3.2598,en,"Following the loss of their son, a retired sheriff and his wife leave their Montana ranch to rescue their young grandson from the clutches of a dangerous family living off the grid in the Dakotas.",7,movie_596161_Peacock,movie_596161,1,TRUE
549294,Synchronic,movie,Peacock,386,2020,2020-10-23,"[27, 878, 53]",Horror|Science Fiction|Thriller,Horror,6.338,1083,4.336104864,3.2542,en,"Two New Orleans paramedics' lives are ripped apart after encountering a series of horrific deaths linked to a designer drug with bizarre, otherworldly effects.",8,movie_549294_Peacock,movie_549294,1,TRUE
15764,Sophie's Choice,movie,Peacock,386,1982,1982-12-08,"[18, 10749, 10752]",Drama|Romance|War,Drama,7.3,933,4.752896022,3.2282,en,"Stingo, a young writer, moves to Brooklyn in 1947 to begin work on his first novel. As he becomes friendly with Sophie and her lover Nathan, he learns that she is a Holocaust survivor. Flashbacks reveal her harrowing story, from pre-war prosperity to Auschwitz. In the present, Sophie and Nathan's relationship increasingly unravels as Stingo grows closer to Sophie and Nathan's fragile mental state becomes ever more apparent.",8,movie_15764_Peacock,movie_15764,1,TRUE
455236,Accident Man,movie,Peacock,386,2018,2018-02-06,"[28, 80, 53, 12, 35]",Action|Crime|Thriller|Adventure|Comedy,Action,6.3,578,3.377922078,3.2234,en,"Mike Fallon, the Accident Man, is a stone cold killer.  When a loved one is murdered by his own crew, Fallon is forced to avenge the one person who actually meant something to him.",8,movie_455236_Peacock,movie_455236,1,TRUE
10423,Dragon: The Bruce Lee Story,movie,Peacock,386,1993,1993-05-07,"[18, 36, 28]",Drama|History|Action,Drama,6.896,796,4.235506173,3.1997,en,"This film is a glimpse into the life, love and the unconquerable spirit of the legendary Bruce Lee. From a childhood of rigorous martial arts training, Lee realizes his dream of opening his own kung-fu school in America. Before long, he is discovered by a Hollywood producer and begins a meteoric rise to fame and an all too short reign as one the most charismatic action heroes in cinema history.",8,movie_10423_Peacock,movie_10423,1,TRUE
551804,Freaky,movie,Peacock,386,2020,2020-11-12,"[27, 35]",Horror|Comedy,Horror,6.562,1833,5.155656237,3.1736,en,"A mystical, ancient dagger causes a notorious serial killer to magically switch bodies with a 17-year-old girl.",8,movie_551804_Peacock,movie_551804,1,TRUE
579583,The King of Staten Island,movie,Peacock,386,2020,2020-07-22,"[35, 18]",Comedy|Drama,Comedy,6.998,1120,4.838123457,3.0667,en,"Scott has been a case of arrested development ever since his firefighter father died when he was seven. He's now reached his mid-20s having achieved little, chasing a dream of becoming a tattoo artist that seems far out of reach. As his ambitious younger sister heads off to college, Scott is still living with his exhausted ER nurse mother and spends his days smoking weed, hanging with the guys — Oscar, Igor and Richie — and secretly hooking up with his childhood friend Kelsey. But when his mother starts dating a loudmouth firefighter named Ray, it sets off a chain of events that will force Scott to grapple with his grief and take his first tentative steps toward moving forward in life.",8,movie_579583_Peacock,movie_579583,1,TRUE
1076487,Warhorse One,movie,Peacock,386,2023,2023-06-30,"[28, 10752, 18]",Action|War|Drama,Action,7.196,331,2.866276775,2.9673,en,A gunned down Navy SEAL Master Chief must guide a child to safety through a gauntlet of hostile Taliban insurgents and survive the brutal Afghanistan wilderness.,8,movie_1076487_Peacock,movie_1076487,1,TRUE
8665,K-19: The Widowmaker,movie,Peacock,386,2002,2002-07-19,"[18, 36, 53, 9648, 10752]",Drama|History|Thriller|Mystery|War,Drama,6.546,1164,4.579052885,2.9214,en,"When Russia's first nuclear submarine malfunctions on its maiden voyage, the crew must race to save the ship and prevent a nuclear disaster.",8,movie_8665_Peacock,movie_8665,1,TRUE
837881,She Said,movie,Peacock,386,2022,2022-11-17,"[18, 36]",Drama|History,Drama,7.187,711,4.219617671,2.9174,en,New York Times reporters Megan Twohey and Jodi Kantor break one of the most important stories in a generation — a story that helped launch the #MeToo movement and shattered decades of silence around the subject of sexual assault in Hollywood.,8,movie_837881_Peacock,movie_837881,1,TRUE
377823,The Final Master,movie,Peacock,386,2015,2015-12-10,"[28, 18]",Action|Drama,Action,6.995,102,1.185199336,2.9144,zh,"Determined to pass down his art, the Final Master of Wing Chun is caught in a power struggle with malicious local officials and ultimately must choose between personal honor and his master’s dying wish.",8,movie_377823_Peacock,movie_377823,1,TRUE
1262,Stranger Than Fiction,movie,Peacock,386,2006,2006-11-10,"[18, 35, 10749, 14]",Drama|Comedy|Romance|Fantasy,Drama,7.29,2524,6.084642857,2.9121,en,Harold Crick is a lonely IRS agent whose mundane existence is transformed when he hears a mysterious voice narrating his life.,8,movie_1262_Peacock,movie_1262,1,TRUE
974036,Ordinary Angels,movie,Peacock,386,2024,2024-02-22,[18],Drama,Drama,7.679,380,3.315931818,2.8605,en,Inspired by the incredible true story of a hairdresser who single-handedly rallies an entire community to help a widowed father save the life of his critically ill young daughter.,8,movie_974036_Peacock,movie_974036,1,TRUE
295693,The Boss Baby,movie,Peacock,386,2017,2017-03-23,"[16, 35, 10751]",Animation|Comedy|Family,Animation,6.454,7451,6.048139102,2.8535,en,"A story about how a new baby's arrival impacts a family, told from the point of view of a delightfully unreliable narrator, a wildly imaginative 7 year old named Tim.",8,movie_295693_Peacock,movie_295693,1,TRUE
205321,Sharknado,movie,Peacock,386,2013,2013-07-11,"[28, 35, 27, 878, 10770]",Action|Comedy|Horror|Science Fiction|TV Movie,Action,3.918,1685,3.021432494,2.8368,en,"A freak hurricane hits Los Angeles, causing man-eating sharks to be scooped up in tornadoes and flooding the city with shark-infested seawater. Surfer and bar-owner Fin sets out with his friends Baz and Nova to rescue his estranged wife April and teenage daughter Claudia.",8,movie_205321_Peacock,movie_205321,1,TRUE
958196,Inside,movie,Peacock,386,2023,2023-03-09,"[53, 18]",Thriller|Drama,Thriller,5.654,520,2.882431373,2.7999,en,"An art thief trapped in a New York penthouse after his heist doesn't go as planned. Locked inside with nothing but priceless works of art, he must use all his cunning and invention to survive.",8,movie_958196_Peacock,movie_958196,1,TRUE
970284,Shooting Stars,movie,Peacock,386,2023,2023-06-02,[18],Drama,Drama,7.75,162,1.89652568,2.7922,en,"The inspiring origin story of a basketball superhero, revealing how LeBron James and his childhood friends become the #1 high school team in the country, launching James's breathtaking career as a four-time NBA Champion, two-time Olympic Gold Medalist and the NBA's all-time leading scorer.",8,movie_970284_Peacock,movie_970284,1,TRUE
374052,The Love Witch,movie,Peacock,386,2016,2016-11-11,"[27, 35, 10749, 14]",Horror|Comedy|Romance|Fantasy,Horror,6.421,621,3.557039251,2.7502,en,"A modern-day witch uses spells and magic to get men to fall in love with her, with deadly consequences.",8,movie_374052_Peacock,movie_374052,1,TRUE
9981,Kicking & Screaming,movie,Peacock,386,2005,2005-05-13,"[10751, 35]",Family|Comedy,Family,5.812,684,3.357608108,2.749,en,"Phil Weston has been unathletic his entire life. In college he failed at every sport that he tried out for. It looks like his 10-year old son, Sam, is following in his footsteps. But when Phil's hyper-competitive dad benches Sam, Phil decides to transfer his son to a new team which needs a coach. Phil steps in to be the temporary coach and immediately begins to butt heads with his dad over this new competition in their lives.",8,movie_9981_Peacock,movie_9981,1,TRUE
800939,Ticket to Paradise,movie,Peacock,386,2022,2022-09-08,"[18, 35, 10749]",Drama|Comedy|Romance,Drama,6.424,1384,4.719116773,2.738,en,Divorced couple Georgia and David find themselves on a shared mission: they team up and travel to Bali to stop their daughter Lily from making the same mistake they once made 25 years ago.,8,movie_800939_Peacock,movie_800939,1,TRUE
13967,Miss Potter,movie,Peacock,386,2006,2006-12-03,"[18, 10751, 10749]",Drama|Family|Romance,Drama,6.646,548,3.475198473,2.6972,en,"Beatrix Potter, the author of the beloved children's book ""The Tale of Peter Rabbit"", struggles for love, happiness and success.",8,movie_13967_Peacock,movie_13967,1,TRUE
11639,The Dark Crystal,movie,Peacock,386,1982,1982-12-17,"[12, 10751, 14]",Adventure|Family|Fantasy,Adventure,7.138,1250,5.098571429,2.6962,en,"On another planet in the distant past, a Gelfling embarks on a quest to find the missing shard of a magical crystal and restore order to his world, before the grotesque race of Skeksis find and use the crystal for evil.",9,movie_11639_Peacock,movie_11639,1,TRUE
6961,The Wedding Date,movie,Peacock,386,2005,2005-02-04,"[10749, 35]",Romance|Comedy,Romance,6.812,1255,4.871259259,2.6871,en,"With the wedding of her younger sister fast approaching, Kat Ellis faces the undesirable prospect of traveling alone to London for the ceremony. While this is bad enough, Jeffrey, the man who left her as they moved closer to marriage, happens to be the groom's best man. Determined to show everyone -- most of all Jeffrey -- that her romantic life is as full and thrilling as ever, Kat hires a charming male escort as her date.",9,movie_6961_Peacock,movie_6961,1,TRUE
22897,It's Complicated,movie,Peacock,386,2009,2009-12-23,"[35, 10749]",Comedy|Romance,Comedy,6.5,1507,4.880667663,2.6716,en,"Ten years after their divorce, Jane and Jake Adler unite for their son's college graduation and unexpectedly end up sleeping together. But Jake is married, and Jane is embarking on a new romance with her architect. Now, she has to sort out her life—just when she thought she had it all figured out.",9,movie_22897_Peacock,movie_22897,1,TRUE
8408,Day of the Dead,movie,Peacock,386,1985,1985-07-03,"[27, 18, 9648]",Horror|Drama|Mystery,Horror,7.026,1378,5.155392971,2.6426,en,"As the world is overrun by zombies, scientists and military personnel in an underground Florida bunker must decide on how they should deal with the undead.",9,movie_8408_Peacock,movie_8408,1,TRUE
345009,Mine,movie,Peacock,386,2016,2016-10-06,"[10752, 53]",War|Thriller,War,6.592,1346,4.806517876,2.6365,en,"After a failed assassination attempt, a soldier finds himself stranded in the desert. Exposed to the elements, he must survive the dangers of the desert and battle the psychological and physical toll of the treacherous conditions.",9,movie_345009_Peacock,movie_345009,1,TRUE
365222,Ip Man 3,movie,Peacock,386,2015,2015-12-24,"[28, 18, 36]",Action|Drama|History,Action,7.035,1919,5.58088673,2.6269,cn,"When a band of brutal gangsters led by a crooked property developer make a play to take over the city, Master Ip is forced to take a stand.",9,movie_365222_Peacock,movie_365222,1,TRUE
11050,Terms of Endearment,movie,Peacock,386,1983,1983-11-20,"[18, 35]",Drama|Comedy,Drama,7.1,822,4.414674735,2.6188,en,"Aurora, a finicky woman, is in search of true love while her daughter faces marital issues. Together, they help each other deal with problems and find reasons to live a joyful life.",9,movie_11050_Peacock,movie_11050,1,TRUE
541305,Kajillionaire,movie,Peacock,386,2020,2020-09-25,"[80, 18, 35]",Crime|Drama|Comedy,Crime,6.287,535,3.249801932,2.6161,en,"Two con artists have spent 26 years training their only daughter to swindle, scam and steal at every turn. During a desperate and hastily conceived heist, they charm a stranger into joining them, only to have their entire world turned upside down.",9,movie_541305_Peacock,movie_541305,1,TRUE
289222,The Zookeeper's Wife,movie,Peacock,386,2017,2017-03-24,"[18, 36, 10752]",Drama|History|War,Drama,7.325,1568,5.553965184,2.5944,en,"The account of keepers of the Warsaw Zoo, Jan and Antonina Zabinski, who helped save hundreds of people and animals during the Nazi invasion.",9,movie_289222_Peacock,movie_289222,1,TRUE
581032,News of the World,movie,Peacock,386,2020,2020-12-25,"[18, 37, 12]",Drama|Western|Adventure,Drama,6.9,1933,5.481997534,2.5788,en,"A Texan traveling across the wild West bringing the news of the world to local townspeople, agrees to help rescue a young girl who was kidnapped.",9,movie_581032_Peacock,movie_581032,1,TRUE
1020414,Peter Pan's Neverland Nightmare,movie,Peacock,386,2025,2025-01-13,"[27, 53, 14]",Horror|Thriller|Fantasy,Horror,5.7,223,1.758091286,2.5619,en,"Wendy Darling strikes out in an attempt to rescue her brother Michael from the clutches of the evil Peter Pan who intends to send him to Neverland. Along the way she meets a twisted Tinkerbell, who is hooked on what she thinks is fairy dust.",9,movie_1020414_Peacock,movie_1020414,1,TRUE
10677,Dirty Dancing: Havana Nights,movie,Peacock,386,2004,2004-02-27,"[10749, 18]",Romance|Drama,Romance,6.422,702,3.750618968,2.5518,en,"In pre-revolution Cuba, Katey Miller is about to defy everyone's expectations. Instead of a parent-approved suitor, Katey is drawn to the sexy waiter, Javier, who spends his nights dancing in Havana's nightclubs. As she secretly learns to dance with Javier, she learns the meanings of love, sensuality and independence.",9,movie_10677_Peacock,movie_10677,1,TRUE
444090,The Ash Lad: In the Hall of the Mountain King,movie,Peacock,386,2017,2017-09-29,"[12, 14]",Adventure|Fantasy,Adventure,6.77,405,3.029668508,2.5478,no,"Espen “Ash Lad”, a poor farmer’s son, embarks on a dangerous quest with his brothers to save the princess from a vile troll known as the Mountain King – in order to collect a reward and save his family’s farm from ruin.",9,movie_444090_Peacock,movie_444090,1,TRUE
606679,The High Note,movie,Peacock,386,2020,2020-06-10,"[10749, 35, 10402, 18]",Romance|Comedy|Music|Drama,Romance,6.979,474,3.396351129,2.5233,en,"Set in the dazzling world of the LA music scene comes the story of Grace Davis, a superstar whose talent, and ego, have reached unbelievable heights. Maggie is Grace’s overworked personal assistant who’s stuck running errands, but still aspires to her childhood dream of becoming a music producer. When Grace’s manager presents her with a choice that could alter the course of her career, Maggie and Grace come up with a plan that could change their lives forever.",9,movie_606679_Peacock,movie_606679,1,TRUE
539892,Freaks,movie,Peacock,386,2019,2019-09-12,"[878, 53]",Science Fiction|Thriller,Science Fiction,6.751,1265,4.838535411,2.5174,en,"Kept locked inside the house by her father, 7-year-old Chloe lives in fear and fascination of the outside world, where Abnormals create a constant threat—or so she believes. When a mysterious stranger offers her a glimpse of what's really happening outside, Chloe soon finds that while the truth isn't so simple, the danger is very real.",9,movie_539892_Peacock,movie_539892,1,TRUE
306947,The Invitation,movie,Peacock,386,2016,2016-04-08,"[53, 27]",Thriller|Horror,Thriller,6.43,2844,5.468576555,2.4845,en,"Will and his new girlfriend Kira are invited to a dinner with old friends at the house of Will’s ex Eden and her new partner David. Although the evening appears to be relaxed, Will soon gets a creeping suspicion that their charming host David is up to something.",9,movie_306947_Peacock,movie_306947,1,TRUE
430231,The Endless,movie,Peacock,386,2017,2017-11-05,"[878, 27, 53]",Science Fiction|Horror|Thriller,Science Fiction,6.33,1277,4.548908272,2.4687,en,Two brothers return to the cult they fled from years ago to discover that the group's beliefs may be more sane than they once thought.,9,movie_430231_Peacock,movie_430231,1,TRUE
447665,Kickboxer: Retaliation,movie,Peacock,386,2018,2018-01-26,"[28, 18]",Action|Drama,Action,5.427,323,2.12991616,2.4492,en,"One year after the events of ""Kickboxer: Vengeance"", Kurt Sloan has vowed never to return to Thailand. However, while gearing up for a MMA title shot, he finds himself sedated and forced back into Thailand, this time in prison. He is there because the ones responsible want him to face a 6'8"" 400 lbs. beast named Mongkut and in return for the fight, Kurt will get two million dollars and his freedom back. Kurt at first refuses, in which a bounty is placed on his head as a way to force him to face Mongkut. Kurt soon learns he will have no other choice and will undergo his most rigorous training yet under some unexpected mentors in order to face Mongkut in hopes to regain his freedom.",9,movie_447665_Peacock,movie_447665,1,TRUE
980078,Winnie the Pooh: Blood and Honey,movie,Peacock,386,2023,2023-01-26,[27],Horror,Horror,4.962,1559,3.757046139,2.427,en,"After Christopher Robin abandons them for college, Pooh and Piglet embark on a bloody rampage as they search for a new source of food.",9,movie_980078_Peacock,movie_980078,1,TRUE
449924,Ip Man 4: The Finale,movie,Peacock,386,2019,2019-12-19,"[28, 36, 18]",Action|History|Drama,Action,7.263,2114,5.873749809,2.4102,cn,"Following the death of his wife, Ip Man travels to San Francisco to ease tensions between the local kung fu masters and his star student, Bruce Lee, while searching for a better future for his son.",9,movie_449924_Peacock,movie_449924,1,TRUE
13401,The Accidental Husband,movie,Peacock,386,2008,2008-02-29,"[35, 10749]",Comedy|Romance,Comedy,5.571,594,3.024839122,2.3626,en,"Emma, a radio host, is about to be married to Richard, her perfect match. But right before her wedding, she learns she's already married to Patrick, a charming but irresponsible fireman. Furthermore, Patrick has a secret: he has arranged this little trick because Emma advised Patrick's ex-fiancée to end their relationship. However, Patrick may find that the trick is on him, for he soon begins to fall in love with his uptight adversary.",10,movie_13401_Peacock,movie_13401,1,TRUE
24831,Piranha,movie,Peacock,386,1978,1978-08-03,"[27, 878]",Horror|Science Fiction,Horror,5.978,736,3.55971521,2.3487,en,"When flesh-eating piranhas are accidentally released into a summer resort's rivers, the guests become their next meal.",10,movie_24831_Peacock,movie_24831,1,TRUE
637693,Spirit Untamed,movie,Peacock,386,2021,2021-05-20,"[12, 16, 10751, 37]",Adventure|Animation|Family|Western,Adventure,7.3,556,3.843560606,2.3452,en,Lucky Prescott's life is changed forever when she moves from her home in the city to a small frontier town and befriends a wild mustang named Spirit.,10,movie_637693_Peacock,movie_637693,1,TRUE
13377,How the Grinch Stole Christmas!,movie,Peacock,386,1966,1966-12-18,"[16, 10751, 35]",Animation|Family|Comedy,Animation,7.505,1133,5.207082058,2.3374,en,"Bitter and hateful, the Grinch is irritated at the thought of a nearby village having a happy time celebrating Christmas. Disguised as Santa Claus, with his dog made to look like a reindeer, he decides to raid the village to steal all the Christmas things.",10,movie_13377_Peacock,movie_13377,1,TRUE
277558,Final Girl,movie,Peacock,386,2015,2015-04-14,"[28, 18, 53]",Action|Drama|Thriller,Action,5.26,736,3.132168285,2.3329,en,"Veronica, the new girl in town, is lured into the woods by a group of senior boys looking to make her a victim. But the boys don't know that Veronica's been trained to handle herself in surprisingly lethal ways.",10,movie_277558_Peacock,movie_277558,1,TRUE
5955,The Pledge,movie,Peacock,386,2001,2001-01-19,"[80, 18, 9648, 53]",Crime|Drama|Mystery|Thriller,Crime,6.573,1213,4.654436077,2.3327,en,"A police chief, about to retire, pledges to help a woman find her daughter's killer.",10,movie_5955_Peacock,movie_5955,1,TRUE
875104,Ip Man: The Awakening,movie,Peacock,386,2021,2021-09-16,"[28, 12, 36, 18]",Action|Adventure|History|Drama,Action,6.813,179,1.796063328,2.3021,zh,"When a young Master Ip stops a kidnapping, he ignites a turf war with a ruthless human-trafficking ring. In retaliation, the gang kidnaps one of Ip Man's close friends, forcing him to face the group's brutal boxing champion head-on.",10,movie_875104_Peacock,movie_875104,1,TRUE
11816,On Golden Pond,movie,Peacock,386,1981,1981-12-04,"[18, 10749]",Drama|Romance,Drama,7.278,512,3.682150198,2.2967,en,"For Norman and Ethel Thayer, this summer on golden pond is filled with conflict and resolution. When their daughter Chelsea arrives, the family is forced to renew the bonds of love and overcome the generational friction that has existed for years.",10,movie_11816_Peacock,movie_11816,1,TRUE
1240928,Stormy,movie,Peacock,386,2024,2024-03-08,[99],Documentary,Documentary,6.714,14,0.182871595,2.2598,en,Delve into the life and times of Stormy Daniels as she shares her story and account of events that have become part of American history.,10,movie_1240928_Peacock,movie_1240928,1,TRUE
36599,Prom Night,movie,Peacock,386,1980,1980-07-18,"[27, 9648]",Horror|Mystery,Horror,5.7,495,2.835678392,2.2545,en,"At a high school senior prom, a masked killer stalks four teenagers who were responsible for the accidental death of a classmate six years prior.",10,movie_36599_Peacock,movie_36599,1,TRUE
1125311,Imaginary,movie,Peacock,386,2024,2024-03-06,"[27, 9648]",Horror|Mystery,Horror,5.905,683,3.409226543,2.241,en,"When Jessica moves back into her childhood home with her family, her youngest stepdaughter Alice develops an eerie attachment to a stuffed bear named Chauncey she finds in the basement. Alice starts playing games with Chauncey that begin playful and become increasingly sinister. As Alice’s behavior becomes more and more concerning, Jessica intervenes only to realize Chauncey is much more than the stuffed toy bear she believed him to be.",10,movie_1125311_Peacock,movie_1125311,1,TRUE
105001,Iceman,movie,Peacock,386,2014,2014-04-17,"[28, 12, 878, 35, 14]",Action|Adventure|Science Fiction|Comedy|Fantasy,Action,5.537,219,1.686513213,2.2295,cn,"An imperial guard and his three traitorous childhood friends ordered to hunt him down get accidentally buried and kept frozen in time. 400 years later, they are defrosted continuing the battle they left behind.",10,movie_105001_Peacock,movie_105001,1,TRUE
80271,LOL,movie,Peacock,386,2012,2012-02-10,"[18, 35, 10749]",Drama|Comedy|Romance,Drama,6.1,2746,5.160382009,2.1999,en,"In a world connected by YouTube, iTunes, and Facebook, Lola and her friends navigate the peer pressures of high school romance and friendship while dodging their sometimes overbearing and confused parents. When Lola's mom, Anne, ""accidentally"" reads her teenage daughter's racy journal, she realizes just how wide their communication gap has grown.",10,movie_80271_Peacock,movie_80271,1,TRUE
16110,Thomas and the Magic Railroad,movie,Peacock,386,2000,2000-07-14,"[10751, 14, 12]",Family|Fantasy|Adventure,Family,5.328,96,0.858201342,2.1969,en,"Mr. Conductor's supply of magic gold dust, which allows him to travel between Shining Time and Thomas's island, is critically low. Unfortunately, he doesn't know how to get more. Meanwhile, Thomas is fending off attacks by the nasty diesel engines. Getting more gold dust will require help from Mr. C's slacker cousin, his new friend Lily and her morose grandfather, plus the secret engine.",10,movie_16110_Peacock,movie_16110,1,TRUE
2331,Jesus,movie,Peacock,386,1999,1999-12-05,"[12, 18, 10770]",Adventure|Drama|TV Movie,Adventure,6.854,82,0.965683849,2.1884,en,"Jesus, a carpenter living a simple life, discovers his destiny as the biblical Messiah.",10,movie_2331_Peacock,movie_2331,1,TRUE
440597,Wish Upon,movie,Peacock,386,2017,2017-07-07,"[27, 53, 14]",Horror|Thriller|Fantasy,Horror,5.745,1457,4.277192131,2.1856,en,"A teenage girl discovers a box with magical powers, but those powers comes with a deadly price.",10,movie_440597_Peacock,movie_440597,1,TRUE
11143,Tai-Chi Master,movie,Peacock,386,1993,1993-11-18,"[28, 35, 18, 53]",Action|Comedy|Drama|Thriller,Action,7.254,276,2.580030928,2.1686,cn,"Falsely accused for cheating in a martial arts competition, two boyhood friends are banished from their Shaolin Temple and go their separate ways. As adults, they join opposing sides in a civil war. When one betrays the other, they settle their differences mano-a-mano.",10,movie_11143_Peacock,movie_11143,1,TRUE
933419,Champions,movie,Peacock,386,2023,2023-03-09,"[35, 18]",Comedy|Drama,Comedy,6.716,498,3.351270541,2.1638,en,A stubborn and hotheaded minor league basketball coach is forced to train a Special Olympics team when he is sentenced to community service.,10,movie_933419_Peacock,movie_933419,1,TRUE
595148,Irresistible,movie,Peacock,386,2020,2020-07-01,"[35, 18]",Comedy|Drama,Comedy,6.032,493,2.994739174,2.1292,en,"A Democratic political consultant helps a retired Marine colonel run for mayor in a small, conservative Wisconsin town.",10,movie_595148_Peacock,movie_595148,1,TRUE
339103,Gotti,movie,Peacock,386,2018,2018-06-14,"[80, 18, 36, 53]",Crime|Drama|History|Thriller,Crime,5.315,639,2.981812994,2.1116,en,"John Gotti rises to the top of the New York underworld to become the boss of the Gambino crime family. His life takes a tumultuous turn as he faces tragedy, multiple trials and a prison sentence.",10,movie_339103_Peacock,movie_339103,1,TRUE
1622,Supernatural,tv,Peacock,386,2005,2005-09-13,"[18, 9648, 10765]",Drama|Mystery|Sci-Fi & Fantasy,Drama,8.3,8399,7.833655467,279.5958,en,"When they were boys, Sam and Dean Winchester lost their mother to a mysterious and demonic supernatural force. Subsequently, their father raised them to be soldiers. He taught them about the paranormal evil that lives in the dark corners and on the back roads of America ... and he taught them how to kill it. Now, the Winchester brothers crisscross the country in their '67 Chevy Impala, battling every kind of supernatural threat they encounter along the way. ",1,tv_1622_Peacock,tv_1622,2,FALSE
2734,Law & Order: Special Victims Unit,tv,Peacock,386,1999,1999-09-20,"[80, 18, 9648]",Crime|Drama|Mystery,Crime,7.9,4187,7.057243439,208.9439,en,"In the criminal justice system, sexually-based offenses are considered especially heinous. In New York City, the dedicated detectives who investigate these vicious felonies are members of an elite squad known as the Special Victims Unit. These are their stories.",1,tv_2734_Peacock,tv_2734,2,FALSE
1911,Bones,tv,Peacock,386,2005,2005-09-13,"[80, 18]",Crime|Drama,Crime,8.189,3475,7.158937107,160.21,en,"Dr. Temperance Brennan and her colleagues at the Jeffersonian's Medico-Legal Lab assist Special Agent Seeley Booth with murder investigations when the remains are so badly decomposed, burned or destroyed that the standard identification methods are useless.",1,tv_1911_Peacock,tv_1911,3,FALSE
549,Law & Order,tv,Peacock,386,1990,1990-09-13,"[80, 18]",Crime|Drama,Crime,7.309,681,4.214588484,146.5262,en,"In cases ripped from the headlines, police investigate serious and often deadly crimes, weighing the evidence and questioning the suspects until someone is taken into custody. The district attorney's office then builds a case to convict the perpetrator by proving the person guilty beyond a reasonable doubt. Working together, these expert teams navigate all sides of the complex criminal justice system to make New York a safer place.",1,tv_549_Peacock,tv_549,2,FALSE
22980,Watch What Happens Live with Andy Cohen,tv,Peacock,386,2009,2009-07-16,"[10767, 35]",Talk|Comedy,Talk,5.012,86,0.735549488,143.4457,en,Bravo network executive Andy Cohen discusses pop culture topics with celebrities and reality show personalities.,1,tv_22980_Peacock,tv_22980,1,TRUE
1421,Modern Family,tv,Peacock,386,2009,2009-09-23,[35],Comedy,Comedy,7.9,3319,6.865697827,138.5011,en,"The Pritchett-Dunphy-Tucker clan is a wonderfully large and blended family. They give us an honest and often hilarious look into the sometimes warm, sometimes twisted, embrace of the modern family.",1,tv_1421_Peacock,tv_1421,2,FALSE
73586,Yellowstone,tv,Peacock,386,2018,2018-06-20,"[37, 18]",Western|Drama,Western,8.255,3096,7.107196885,118.4649,en,"Follow the violent world of the Dutton family, who controls the largest contiguous ranch in the United States. Led by their patriarch John Dutton, the family defends their property against constant attack by land developers, an Indian reservation, and America’s first National Park.",1,tv_73586_Peacock,tv_73586,1,TRUE
37680,Suits,tv,Peacock,386,2011,2011-06-23,[18],Drama,Drama,8.215,5671,7.549386647,112.678,en,"While running from a drug deal gone bad, Mike Ross, a brilliant young college-dropout, slips into a job interview with one of New York City's best legal closers, Harvey Specter. Tired of cookie-cutter law school grads, Harvey takes a gamble by hiring Mike on the spot after he recognizes his raw talent and photographic memory.",1,tv_37680_Peacock,tv_37680,2,FALSE
44006,Chicago Fire,tv,Peacock,386,2012,2012-10-10,[18],Drama,Drama,8.396,2377,6.936841154,110.7945,en,"An edge-of-your-seat view into the lives of everyday heroes committed to one of America's noblest professions. For the firefighters, rescue squad and paramedics of Chicago Firehouse 51, no occupation is more stressful or dangerous, yet so rewarding and exhilarating. These courageous men and women are among the elite who forge headfirst into danger when everyone else is running the other way and whose actions make the difference between life and death.",1,tv_44006_Peacock,tv_44006,1,TRUE
873,Columbo,tv,Peacock,386,1971,1971-09-15,"[80, 18, 9648]",Crime|Drama|Mystery,Crime,8.1,819,5.029492039,106.5055,en,"Columbo is a friendly, verbose, disheveled-looking police detective who is consistently underestimated by his suspects. Despite his unprepossessing appearance and apparent absentmindedness, he shrewdly solves all of his cases and secures all evidence needed for indictment. His formidable eye for detail and meticulously dedicated approach often become clear to the killer only late in the storyline.",1,tv_873_Peacock,tv_873,2,FALSE
18165,The Vampire Diaries,tv,Peacock,386,2009,2009-09-10,"[18, 10765]",Drama|Sci-Fi & Fantasy,Drama,8.302,9580,7.890194444,105.2299,en,"The story of two vampire brothers obsessed with the same girl, who bears a striking resemblance to the beautiful but ruthless vampire they knew and loved in 1864.",1,tv_18165_Peacock,tv_18165,2,FALSE
59941,The Tonight Show Starring Jimmy Fallon,tv,Peacock,386,2014,2014-02-17,"[35, 10767]",Comedy|Talk,Comedy,5.873,370,2.497712644,98.689,en,"After Jay Leno's second retirement from the program, Jimmy Fallon stepped in as his permanent replacement. After 42 years in Los Angeles the program was brought back to New York.",1,tv_59941_Peacock,tv_59941,1,TRUE
58841,Chicago P.D.,tv,Peacock,386,2014,2014-01-08,"[80, 18]",Crime|Drama,Crime,8.416,2576,7.047989597,96.5429,en,"A riveting police drama about the men and women of the Chicago Police Department's District 21 who put it all on the line to serve and protect their community. District 21 is made up of two distinctly different groups: the uniformed cops who patrol the beat and go head-to-head with the city's street crimes and the Intelligence Unit that combats the city's major offenses - organized crime, drug trafficking, high profile murders and beyond.",1,tv_58841_Peacock,tv_58841,2,FALSE
2316,The Office,tv,Peacock,386,2005,2005-03-24,[35],Comedy,Comedy,8.6,5158,7.840014139,94.7624,en,"The everyday lives of office employees in the Scranton, Pennsylvania branch of the fictional Dunder Mifflin Paper Company.",1,tv_2316_Peacock,tv_2316,1,TRUE
2691,Two and a Half Men,tv,Peacock,386,2003,2003-09-22,[35],Comedy,Comedy,7.45,3636,6.549371373,88.9099,en,A hedonistic jingle writer's free-wheeling life comes to an abrupt halt when his brother and 10-year-old nephew move into his beach-front house.,1,tv_2691_Peacock,tv_2691,1,TRUE
39351,Grimm,tv,Peacock,386,2011,2011-10-28,"[18, 9648, 10765]",Drama|Mystery|Sci-Fi & Fantasy,Drama,8.265,3507,7.23367981,86.7326,en,"After Portland homicide detective Nick Burkhardt discovers he's descended from an elite line of criminal profilers known as ""Grimms,"" he increasingly finds his responsibilities as a detective at odds with his new responsibilities as a Grimm.",1,tv_39351_Peacock,tv_39351,2,FALSE
62650,Chicago Med,tv,Peacock,386,2015,2015-11-17,[18],Drama,Drama,8.273,1246,5.903870561,77.2277,en,"An emotional thrill ride through the day-to-day chaos of the city's most explosive hospital and the courageous team of doctors who hold it together. They will tackle unique new cases inspired by topical events, forging fiery relationships in the pulse-pounding pandemonium of the emergency room.",1,tv_62650_Peacock,tv_62650,1,TRUE
90,Mayday,tv,Peacock,386,2003,2003-09-03,"[99, 18, 80]",Documentary|Drama|Crime,Documentary,8.2,281,2.950320102,66.9268,en,"Major real-life air disasters are depicted in this series. Each episode features a detailed dramatized reconstruction of the incident based on cockpit voice recorders and air traffic control transcripts, as well as eyewitnesses recounts and interviews with aviation experts.",1,tv_90_Peacock,tv_90,2,FALSE
262388,M.I.A.,tv,Peacock,386,2026,2026-05-07,"[80, 18]",Crime|Drama,Crime,8.545,44,0.691139706,64.3987,en,"Restless in the Florida Keys, Etta Tiger Jonze dreams of a life in Miami's glittering, sub-tropical kingdom. When her family's drug-running business shatters in tragedy, however, Etta embarks on a dangerous journey through Miami's neon-lit underbelly that will define who she is and what she's ultimately capable of.",1,tv_262388_Peacock,tv_262388,1,TRUE
61818,Late Night with Seth Meyers,tv,Peacock,386,2014,2014-02-25,"[10767, 35]",Talk|Comedy,Talk,5.2,125,1.04,60.3494,en,"Seth Meyers, who is ""Saturday Night Live's"" longest serving anchor on the show's wildly popular ""Weekend Update,"" takes over as host of NBC's ""Late Night"" — home to A-list celebrity guests, memorable comedy and the best in musical talent. As the Emmy Award-winning head writer for ""SNL,"" Meyers has established a reputation for sharp wit and perfectly timed comedy, and has gained fame for his spot-on jokes and satire. Meyers takes his departure from ""SNL"" to his new post at ""Late Night,"" as Jimmy Fallon moves to ""The Tonight Show"".",1,tv_61818_Peacock,tv_61818,1,TRUE
46260,Naruto,tv,Peacock,386,2002,2002-10-03,"[16, 10759, 10765]",Animation|Action & Adventure|Sci-Fi & Fantasy,Animation,8.364,5963,7.716932075,58.7685,ja,"Naruto Uzumaki, a mischievous adolescent ninja, struggles as he searches for recognition and dreams of becoming the Hokage, the village's leader and strongest ninja.",2,tv_46260_Peacock,tv_46260,4,FALSE
45790,JoJo's Bizarre Adventure,tv,Peacock,386,2012,2012-10-06,"[16, 10759, 10765]",Animation|Action & Adventure|Sci-Fi & Fantasy,Animation,8.556,1582,6.501244957,57.1852,ja,"Follow the intergenerational feud between the Joestar Family and various forces of evil, the most prominent of which is Dio Brando and his followers.",2,tv_45790_Peacock,tv_45790,4,FALSE
1981,Charmed,tv,Peacock,386,1998,1998-10-07,"[35, 18, 9648, 10765]",Comedy|Drama|Mystery|Sci-Fi & Fantasy,Comedy,8.163,2502,6.803406396,56.9385,en,"Three sisters (Prue, Piper and Phoebe) reunite and unlock their powers to become the Charmed Ones, the most powerful good witches of all time, whose prophesied destiny is to protect innocent lives from evil beings such as demons and warlocks. Each sister possesses unique magical powers that grow and evolve, while they attempt to maintain normal lives in modern day San Francisco. ",2,tv_1981_Peacock,tv_1981,2,FALSE
46298,Hunter x Hunter,tv,Peacock,386,2011,2011-10-02,"[16, 10759, 10765]",Animation|Action & Adventure|Sci-Fi & Fantasy,Animation,8.7,2084,7.016563467,56.2818,ja,"Gon, a young boy who lives on Whale Island, dreams of becoming a Hunter like his father, who left when Gon was still young.",2,tv_46298_Peacock,tv_46298,4,FALSE
2261,The Tonight Show Starring Johnny Carson,tv,Peacock,386,1962,1962-10-01,[10767],Talk,Talk,7.533,91,1.159903553,54.71,en,"The Tonight Show Starring Johnny Carson is a talk show hosted by Johnny Carson under The Tonight Show franchise from 1962 to 1992. It originally aired during late-night. For its first ten years, Carson's Tonight Show was based in New York City with occasional trips to Burbank, California; in May 1972, the show moved permanently to Burbank, California. In 2002, The Tonight Show Starring Johnny Carson was ranked #12 on TV Guide's 50 Greatest TV Shows of All Time.",2,tv_2261_Peacock,tv_2261,1,TRUE
57706,Ranma ½,tv,Peacock,386,1989,1989-04-15,"[35, 10759, 16, 10765]",Comedy|Action & Adventure|Animation|Sci-Fi & Fantasy,Comedy,8.61,1505,6.46286783,54.5583,ja,"Ranma Saotome, a teenage martial artist, and his father Genma travel to the 'cursed training ground' of Jusenkyo in China. There, despite the warnings of the Chinese guard, they fall into the cursed springs. From now on, whenever Ranma is doused in cold water, he turns into a girl and a cute, well-built redhead at that. Hot water changes him back into a man again, but only until the next time. To make matters worse, his father engages him to Akane Tendo, a girl who hates boys.",2,tv_57706_Peacock,tv_57706,2,FALSE
1447,Psych,tv,Peacock,386,2006,2006-07-07,"[18, 35, 80]",Drama|Comedy|Crime,Drama,7.902,972,5.217896739,53.4805,en,"Thanks to his police officer father's efforts, Shawn Spencer spent his childhood developing a keen eye for detail (and a lasting dislike of his dad). Years later, Shawn's frequent tips to the police lead to him being falsely accused of a crime he solved.

Now, Shawn has no choice but to use his abilities to perpetuate his cover story: psychic crime-solving powers, all the while dragging his best friend, his dad, and the police along for the ride.",2,tv_1447_Peacock,tv_1447,2,FALSE
48891,Brooklyn Nine-Nine,tv,Peacock,386,2013,2013-09-17,"[35, 80]",Comedy|Crime,Comedy,8.2,3942,7.276992346,53.1248,en,"A single-camera ensemble comedy following the lives of an eclectic group of detectives in a New York precinct, including one slacker who is forced to shape up when he gets a new boss.",2,tv_48891_Peacock,tv_48891,2,FALSE
274556,Far Away,tv,Peacock,386,2024,2024-11-11,"[18, 10751, 10759]",Drama|Family|Action & Adventure,Drama,7.304,23,0.321208413,44.8894,tr,"Alya Albora arrives in Mardin with her late husband’s funeral and their five-year-old son to fulfill her husband’s last will. However, this arrival marks a point of no return, and there is no way out of Albora. The head of the Albora tribe, Cihan Albora, is not indifferent to Alya’s struggles, but he refuses to let her take her child and leave. Confronting the darkness of the past, hidden secrets, and the harsh realities of the region, Alya Albora finds herself caught in a fierce struggle with her late husband’s family.",2,tv_274556_Peacock,tv_274556,1,TRUE
1450,The Closer,tv,Peacock,386,2005,2005-06-13,"[80, 18, 9648]",Crime|Drama|Mystery,Crime,7.874,336,3.164669856,44.64,en,"Deputy Police Chief Brenda Leigh Johnson transfers from Atlanta to LA to head up a special unit of the LAPD that handles sensitive, high-profile murder cases. Johnson's quirky personality and hard-nosed approach often rubs her colleagues the wrong way, but her reputation as one of the world's best interrogator eventually wins over even her toughest critics.",2,tv_1450_Peacock,tv_1450,2,FALSE
38693,Ninjago: Masters of Spinjitzu,tv,Peacock,386,2012,2012-01-11,"[16, 10759, 10765, 35, 10751]",Animation|Action & Adventure|Sci-Fi & Fantasy|Comedy|Family,Animation,8,768,4.845425868,43.8246,en,"When the fate of their world, Ninjago, is challenged by great threats, it's up to the ninja: Kai, Jay, Cole, Zane, Lloyd and Nya to save the world.",2,tv_38693_Peacock,tv_38693,2,FALSE
21728,The Alfred Hitchcock Hour,tv,Peacock,386,1962,1962-09-20,"[80, 9648, 18]",Crime|Mystery|Drama,Crime,7.829,79,1.068205527,43.5513,en,"A continuation of the anthology series “Alfred Hitchcock Presents”, hosted by the master of suspense and featuring thrillers and mysteries.",2,tv_21728_Peacock,tv_21728,2,FALSE
1667,Saturday Night Live,tv,Peacock,386,1975,1975-10-11,"[35, 10763]",Comedy|News,Comedy,7,495,3.48241206,43.0443,en,"A late-night live television sketch comedy and variety show created by Lorne Michaels. The show's comedy sketches, which parody contemporary culture and politics, are performed by a large and varying cast of repertory and newer cast members. Each episode is hosted by a celebrity guest, who usually delivers an opening monologue and performs in sketches with the cast, and features performances by a musical guest.",2,tv_1667_Peacock,tv_1667,2,FALSE
4601,Law & Order: Criminal Intent,tv,Peacock,386,2001,2001-09-30,[18],Drama,Drama,7.598,372,3.241348624,42.7452,en,The third installment of the “Law & Order” franchise takes viewers deep into the minds of its criminals while following the intense psychological approaches the Major Case Squad uses to solve its crimes.,2,tv_4601_Peacock,tv_4601,1,TRUE
14929,Heartland,tv,Peacock,386,2007,2007-10-14,"[10751, 18, 35]",Family|Drama|Comedy,Family,8.262,574,4.415631285,41.9543,en,"Life is hard on the Flemings' ranch in the Alberta foothills where abused or neglected horses find refuge with a kind, hard-working family. Debts abound and the bank is about to foreclose. Can they keep the ranch running?",2,tv_14929_Peacock,tv_14929,2,FALSE
212989,LEGO Ninjago: Dragons Rising,tv,Peacock,386,2023,2023-06-01,"[16, 10762, 10759]",Animation|Kids|Action & Adventure,Animation,8.103,97,1.316567839,40.0799,en,"A phenomenon known as the Merge has caused many legendary realms to suddenly combine into one, but their union is unstable. A Spinjitzu Ninja Master must train a new generation of heroes to help find Elemental Dragons who can save the planet before the forces of evil use the same dragon energy to destroy this new world.",2,tv_212989_Peacock,tv_212989,3,FALSE
33907,Downton Abbey,tv,Peacock,386,2010,2010-09-26,[18],Drama,Drama,8.127,1185,5.7154273,39.846,en,"A chronicle of the lives of the aristocratic Crawley family and their servants in the post-Edwardian era—with great events in history having an effect on their lives and on the British social hierarchy.

",2,tv_33907_Peacock,tv_33907,2,FALSE
1422,The Middle,tv,Peacock,386,2009,2009-09-30,[35],Comedy,Comedy,7.6,736,4.525566343,38.5129,en,"The daily mishaps of a married woman and her semi-dysfunctional family and their attempts to survive life in general in the city of Orson, Indiana.",2,tv_1422_Peacock,tv_1422,2,FALSE
4608,30 Rock,tv,Peacock,386,2006,2006-10-11,[35],Comedy,Comedy,7.5,791,4.595274981,36.6147,en,"Liz Lemon, the head writer for a late-night TV variety show in New York, tries to juggle all the egos around her while chasing her own dream.",2,tv_4608_Peacock,tv_4608,3,FALSE
1420,New Girl,tv,Peacock,386,2011,2011-09-20,[35],Comedy,Comedy,7.36,1653,5.650757083,36.2108,en,"Jessica Day is an offbeat and adorable girl in her late 20s who, after a bad breakup, moves in with three single guys. Goofy, positive, vulnerable and honest to a fault, Jess has faith in people, even when she shouldn't. Although she's dorky and awkward, she's comfortable in her own skin. More prone to friendships with women, she's not used to hanging with the boys—especially at home.",2,tv_1420_Peacock,tv_1420,2,FALSE
128839,La Brea,tv,Peacock,386,2021,2021-09-28,"[10765, 18, 10759]",Sci-Fi & Fantasy|Drama|Action & Adventure,Sci-Fi & Fantasy,7.42,1580,5.636346154,35.5356,en,"An epic adventure begins when a massive sinkhole opens in the middle of Los Angeles, pulling hundreds of people and buildings into its depths. Those who fell in find themselves in a mysterious and dangerous primeval land, where they have no choice but to band together to survive. Meanwhile, the rest of the world desperately seeks to understand what happened. In the search for answers, one family torn apart by this disaster will have to unlock the secrets of this inexplicable event to find a way back to each other.",3,tv_128839_Peacock,tv_128839,2,FALSE
1781,Little House on the Prairie,tv,Peacock,386,1974,1974-09-11,"[37, 18, 10751]",Western|Drama|Family,Western,7.928,982,5.253236167,34.9865,en,"When the big woods of Wisconsin becomes a difficult spot for hunting, Charles Ingalls reluctantly decides to move his family, pioneering west. Their life on the farm in Walnut Grove, Minnesota, in the 1870s and 1880s is full of adventure, tragedy, and triumph. Based on the books of Laura Ingalls Wilder.",3,tv_1781_Peacock,tv_1781,2,FALSE
32895,Rizzoli & Isles,tv,Peacock,386,2010,2010-07-12,"[80, 18, 9648, 35]",Crime|Drama|Mystery|Comedy,Crime,7.9,480,3.869387755,34.9724,en,"Perhaps their strikingly different personalities make the relationship between detective Jane Rizzoli and medical examiner Maura Isles so effective. Jane, the only female cop in Boston's homicide division, is tough, relentless and rarely lets her guard down, while the impeccably dressed Maura displays a sometimes icy temperament — she is, after all, more comfortable among the dead than the living. Together, the best friends have forged a quirky and supportive relationship; they drop the protective shield in each other's company, and combine their expertise to solve Boston's most complex cases.",3,tv_32895_Peacock,tv_32895,2,FALSE
45,Top Gear,tv,Peacock,386,2002,2002-10-20,"[10764, 10767]",Reality|Talk,Reality,7.57,859,4.78486387,34.7601,en,"This fast-paced and stunt-filled motor show tests whether cars, both mundane and extraordinary, live up to their manufacturers' claims. The long-running show travels to locations around the world, performing extreme stunts and challenges to see what the featured cars are capable of doing. The current hosts are Paddy Mcguinness, Chris Harris and Andrew ""Freddie"" Flintoff.",3,tv_45_Peacock,tv_45,1,TRUE
44953,El Señor de los Cielos,tv,Peacock,386,2013,2013-04-15,"[80, 18, 10766]",Crime|Drama|Soap,Crime,7.927,3415,6.91461175,33.7507,es,"Set in the 1990s, these are the life and times of Amado Carrillo Fuentes, a man who became the head of the Juárez cartel. Nicknamed “El Señor de los Cielos” (Lord of the Skies) because of the large fleet of airplanes he used to transport drugs, he was also known for washing more than $200 million through Colombia to finance his huge fleet. He is described as the most powerful drug trafficker of his time.",3,tv_44953_Peacock,tv_44953,2,FALSE
72649,Hot Ones,tv,Peacock,386,2015,2015-03-12,"[10767, 35]",Talk|Comedy,Talk,7.1,71,0.882837128,31.9166,en,The show with hot questions and even hotter wings invites a famous guest over to eat and then interviews them while they're struggling through the heat.,3,tv_72649_Peacock,tv_72649,2,FALSE
94372,FBI: Most Wanted,tv,Peacock,386,2020,2020-01-07,"[80, 18]",Crime|Drama,Crime,7.621,433,3.536862808,31.4556,en,"The Fugitive Task Force relentlessly tracks and captures the notorious criminals on the Bureau's Most Wanted list. Seasoned agents oversee the highly skilled team that functions as a mobile undercover unit that is always out in the field, pursuing those who are most desperate to elude justice.",3,tv_94372_Peacock,tv_94372,1,TRUE
4386,Baywatch,tv,Peacock,386,1989,1989-04-23,"[10759, 18, 80]",Action & Adventure|Drama|Crime,Action & Adventure,5.987,534,3.091932302,31.2589,en,Join the Baywatch lifeguards on their thrilling adventures filled with beautiful beaches and those iconic red swimsuits.,3,tv_4386_Peacock,tv_4386,2,FALSE
201834,ted,tv,Peacock,386,2024,2024-01-11,[35],Comedy,Comedy,8,650,4.52173913,30.9458,en,"It's 1993 and Ted the bear's moment of fame has passed, leaving him living with his best friend, 16-year-old John Bennett, who lives in a working-class Boston home with his parents and cousin. Ted may not be the best influence on John, but when it comes right down to it, he's willing to go out on a limb to help his friend and his family.",3,tv_201834_Peacock,tv_201834,1,TRUE
18347,Community,tv,Peacock,386,2009,2009-09-17,[35],Comedy,Comedy,8.005,2050,6.435392157,30.2547,en,"Follow the lives of a group of students at what is possibly the world’s worst community college in the fictional locale of Greendale, Colorado.",3,tv_18347_Peacock,tv_18347,2,FALSE
52,That '70s Show,tv,Peacock,386,1998,1998-08-23,"[35, 10751, 18]",Comedy|Family|Drama,Comedy,7.935,1578,6.025712223,30.0994,en,"Crank up the 8-track and flash back to a time when platform shoes and puka shells were all the rage in this hilarious retro-sitcom. For Eric, Kelso, Jackie, Hyde, Donna and Fez, a group of high school teens who spend most of their time hanging out in Eric’s basement, life in the ‘70s isn’t always so groovy. But between trying to figure out the meaning of life, avoiding their parents, and dealing with out-of-control hormones, they’ve learned one thing for sure: they’ll always get by with a little help from their friends.",3,tv_52_Peacock,tv_52,1,TRUE
2883,Dark Shadows,tv,Peacock,386,1966,1966-06-27,"[18, 10765, 10766]",Drama|Sci-Fi & Fantasy|Soap,Drama,7.266,92,1.129175676,30.031,en,"Dark Shadows is an American gothic soap opera that originally aired weekdays on the ABC television network, from June 27, 1966, to April 2, 1971. The show was created by Dan Curtis. The story bible, which was written by Art Wallace, does not mention any supernatural elements. It was unprecedented in daytime television when ghosts were introduced about six months after it began.

The series became hugely popular when vampire Barnabas Collins appeared a year into its run. Dark Shadows also featured werewolves, zombies, man-made monsters, witches, warlocks, time travel, and a parallel universe. A small company of actors each played many roles; indeed, as actors came and went, some characters were played by more than one actor. Major writers besides Art Wallace included Malcolm Marmorstein, Sam Hall, Gordon Russell, and Violet Welles.",3,tv_2883_Peacock,tv_2883,2,FALSE
96580,Resident Alien,tv,Peacock,386,2021,2021-01-27,[10765],Sci-Fi & Fantasy,Sci-Fi & Fantasy,7.797,959,5.124964359,29.4484,en,"Crash-landed alien Harry takes on the identity of a small-town Colorado doctor. Arriving with a secret mission, he starts off living a simple life…but things get a bit rocky when he’s roped into solving a local murder and realizes he needs to assimilate into his new world. As he does, he begins to wrestle with the moral dilemma of his mission and asking the big life questions like: “Are human beings worth saving?” and “Why do they fold their pizza before eating it?”",3,tv_96580_Peacock,tv_96580,2,FALSE
80350,New Amsterdam,tv,Peacock,386,2018,2018-09-25,[18],Drama,Drama,8.315,1081,5.685335231,29.2704,en,"The new medical director breaks the rules to heal the system at America's oldest public hospital. Max Goodwin sets out to tear up the bureaucracy and provide exceptional care, but the doctors and staff are not so sure he can succeed. They've heard this before. Not taking ""no"" for an answer, Dr. Goodwin's instinctive response to problems large and small is four simple words: ""How can I help?"" He has to disrupt the status quo and prove he'll stop at nothing to breathe new life into this underfunded and underappreciated hospital, returning it to the glory that put it on the map.",3,tv_80350_Peacock,tv_80350,1,TRUE
4238,The King of Queens,tv,Peacock,386,1998,1998-09-21,[35],Comedy,Comedy,7.123,716,4.194134868,28.9391,en,"Life’s good for deliveryman Doug Heffernan, until his newly widowed father-in-law, Arthur, moves in with him and his wife Carrie. Doug is no longer the king of his domain, and instead of having a big screen television in his recently renovated basement, he now has a crazy old man.",3,tv_4238_Peacock,tv_4238,1,TRUE
4571,Hunter,tv,Peacock,386,1984,1984-09-18,"[10759, 18]",Action & Adventure|Drama,Action & Adventure,7.104,96,1.144268456,28.6158,en,"Hunter is an American police drama television series created by Frank Lupo, and starring Fred Dryer as Sgt. Rick Hunter and Stepfanie Kramer as Sgt. Dee Dee McCall, which ran on NBC from 1984 to 1991. However, Kramer left after the sixth season to pursue other acting and musical opportunities. In the seventh season, Hunter partnered with two different women officers. The titular character, Sgt. Rick Hunter, was a wily, physically imposing, and often rule-breaking homicide detective with the Los Angeles Police Department. The show's main characters, Hunter and McCall, resolve many of their cases by shooting dead the perpetrators.

The show's executive producer during the first season was Stephen J. Cannell, whose company produced the series.",3,tv_4571_Peacock,tv_4571,2,FALSE
5375,Emergency!,tv,Peacock,386,1972,1972-01-22,"[10759, 18]",Action & Adventure|Drama,Action & Adventure,7.949,49,0.709473588,28.0355,en,"The crew of Los Angeles County Fire Department Station 51, particularly the paramedic team, and Rampart Hospital respond to emergencies in their operating area.",3,tv_5375_Peacock,tv_5375,1,TRUE
4606,Garfield and Friends,tv,Peacock,386,1988,1988-09-17,"[16, 35, 10762]",Animation|Comedy|Kids,Animation,7.3,392,3.208071749,27.7115,en,"The animated stories of Garfield the cat, Odie the dog, their owner Jon and the trouble they get into. And also Orson the Pig and his adventures on a farm with his fellow farm animals.",3,tv_4606_Peacock,tv_4606,1,TRUE
8592,Parks and Recreation,tv,Peacock,386,2009,2009-04-09,[35],Comedy,Comedy,8.042,1796,6.29069338,27.5141,en,"In an attempt to beautify her town — and advance her career — Leslie Knope, a mid-level bureaucrat in the Parks and Recreation Department of Pawnee, Indiana, takes on bureaucrats, cranky neighbors, and single-issue fanatics whose weapons are lawsuits, the jumble of city codes, and the democratic process she loves so much.",3,tv_8592_Peacock,tv_8592,1,TRUE
2370,Hell's Kitchen,tv,Peacock,386,2005,2005-05-30,[10764],Reality,Reality,6.81,326,2.687723971,27.4711,en,Aspiring restaurateurs brave Ramsay and his fiery command of the kitchen as he puts the competitors through an intense culinary academy to prove they possess the right combination of ingredients to win a life-changing grand prize.,3,tv_2370_Peacock,tv_2370,3,FALSE
5021,The Waltons,tv,Peacock,386,1972,1972-09-14,[18],Drama,Drama,7.162,102,1.213495017,26.9929,en,The Waltons live their life in a rural Virginia community during the Great Depression and World War II.,4,tv_5021_Peacock,tv_5021,2,FALSE
106158,Law & Order: Organized Crime,tv,Peacock,386,2021,2021-04-01,"[80, 18]",Crime|Drama,Crime,7.908,294,2.928151134,26.8799,en,The detectives of the Organized Crime Control Bureau work to dismantle New York City's most vicious and violent illegal enterprises.,4,tv_106158_Peacock,tv_106158,1,TRUE
67335,Sin senos sí hay paraíso,tv,Peacock,386,2016,2016-07-19,"[10759, 80, 18, 9648]",Action & Adventure|Crime|Drama|Mystery,Action & Adventure,7.561,2909,6.452023761,26.7615,es,A young woman born in a mafia-controlled town seeks revenge on those who wrongfully harmed and imprisoned her family.,4,tv_67335_Peacock,tv_67335,1,TRUE
2473,The Avengers,tv,Peacock,386,1961,1961-01-07,"[10759, 80, 10765]",Action & Adventure|Crime|Sci-Fi & Fantasy,Action & Adventure,7.728,147,1.755820711,25.8697,en,"A quirky spy show of the adventures of eccentrically suave British Agent John Steed and his predominantly female partners. Jonathan Steed - an urbane, proper gentleman spy - teams with various assistants throughout the series' run, including Dr. David Keel, Cathy Gale, Emma Peel and Tara King, to repeatedly save the world from diabolical schemes plotted by equally diabolical evil-doers (among them robots and man-eating monsters).",4,tv_2473_Peacock,tv_2473,1,TRUE
133490,Family Secrets,tv,Peacock,386,2021,2021-09-19,"[10751, 18, 80]",Family|Drama|Crime,Family,8.7,45,0.718348624,25.8482,tr,"Ceylin is a fierce, rule-bending defence attorney whose father was wrongly imprisoned — for her, justice always comes before the law. Ilgaz is a by-the-book prosecutor who believes the two are the same thing. When his brother is accused of murder, he has no choice but to go to her for help. What follows is a gripping cat-and-mouse legal thriller built on brilliant opposing chemistry — winner of the International Emmy for Best Telenovela in 2023.",4,tv_133490_Peacock,tv_133490,1,TRUE
37678,The Voice,tv,Peacock,386,2011,2011-04-26,[10764],Reality,Reality,5.884,220,1.797888889,25.7949,en,"The strongest vocalists from across the United states compete in a blockbusters vocal competition, the winner becomes “The Voice.” The show's innovative format features four stages of competition: the blind auditions, the battle rounds, the knockouts and, finally, the live performance shows.",4,tv_37678_Peacock,tv_37678,1,TRUE
2406,Crossing Jordan,tv,Peacock,386,2001,2001-09-24,[18],Drama,Drama,7.2,161,1.753706505,25.7836,en,"Crossing Jordan is an American television crime/drama series that stars Jill Hennessy as Jordan Cavanaugh, M.D., a crime-solving forensic pathologist employed in the Massachusetts Office of the Chief Medical Examiner.",4,tv_2406_Peacock,tv_2406,2,FALSE
4271,Farscape,tv,Peacock,386,1999,1999-03-19,"[10765, 10759, 18]",Sci-Fi & Fantasy|Action & Adventure|Drama,Sci-Fi & Fantasy,7.874,600,4.294909091,25.3231,en,A freak accident during an experimental space mission catapults Astronaut John Crichton across a thousand galaxies to an alien battlefield.,4,tv_4271_Peacock,tv_4271,2,FALSE
4464,Homicide: Life on the Street,tv,Peacock,386,1993,1993-01-31,"[9648, 18, 80]",Mystery|Drama|Crime,Mystery,8.092,142,1.789819315,25.1868,en,An American police procedural chronicling the work of a fictional version of the Baltimore Police Department's Homicide Unit.,4,tv_4464_Peacock,tv_4464,1,TRUE
1930,The Beverly Hillbillies,tv,Peacock,386,1962,1962-09-26,"[35, 10751]",Comedy|Family,Comedy,6.926,128,1.41166879,25.1416,en,"Jed Clampett's swamp is loaded with oil. When a wildcatter discovers the huge pool, Jed sells his land to the O.K. Oil Company and at the urging of cousin Pearl, moves his family to a 35-room mansion in Beverly Hills, California.",4,tv_1930_Peacock,tv_1930,2,FALSE
13916,Death Note,tv,Peacock,386,2006,2006-10-04,"[16, 9648, 10765]",Animation|Mystery|Sci-Fi & Fantasy,Animation,8.625,4887,7.824461667,24.9877,ja,"Light Yagami is an ace student with great prospects—and he’s bored out of his mind. But all that changes when he finds the Death Note, a notebook dropped by a rogue Shinigami death god. Any human whose name is written in the notebook dies, and Light has vowed to use the power of the Death Note to rid the world of evil. But will Light succeed in his noble goal, or will the Death Note turn him into the very thing he fights against?",4,tv_13916_Peacock,tv_13916,4,FALSE
2140,Everybody Loves Raymond,tv,Peacock,386,1996,1996-09-13,[35],Comedy,Comedy,6.817,644,3.837541958,24.3449,en,"Ray Barone is a successful sportswriter living on Long Island with his wife Debra, daughter Ally, and twin sons, Geoffrey and Michael. Ray's meddling parents, Frank and Marie, and brother, Robert, live directly across the street.",4,tv_2140_Peacock,tv_2140,1,TRUE
121658,FBI: International,tv,Peacock,386,2021,2021-09-21,"[80, 18]",Crime|Drama,Crime,7.6,234,2.422888283,24.2013,en,Follows the elite agents of the FBI's International Fly Team headquartered in Budapest as they travel the world with the mission of protecting Americans wherever they may be.,4,tv_121658_Peacock,tv_121658,2,FALSE
1925,That Girl,tv,Peacock,386,1966,1966-09-08,[35],Comedy,Comedy,6.176,34,0.393228464,24.1742,en,"That Girl is an American sitcom that ran on ABC from 1966 to 1971. It stars Marlo Thomas as the title character Ann Marie, an aspiring actress, who moves from her hometown of Brewster, New York to try to make it big in New York City. Ann has to take a number of offbeat ""temp"" jobs to support herself in between her various auditions and bit parts. Ted Bessell played her boyfriend Donald Hollinger, a writer for Newsview Magazine; Lew Parker and Rosemary DeCamp played Lew Marie and Helen Marie, her concerned parents. Bernie Kopell, Ruth Buzzi and Reva Rose played Ann and Donald's friends. That Girl was developed by writers Bill Persky and Sam Denoff, who had served as head writers on The Dick Van Dyke Show earlier in the 1960s.",4,tv_1925_Peacock,tv_1925,2,FALSE
1685,Project Runway,tv,Peacock,386,2004,2004-12-01,[10764],Reality,Reality,6.273,108,1.114282895,24.1454,en,"Aspiring fashion designers compete for a chance to break into the industry. Each week, a designer is eliminated from the competition after exhibiting their work in front of a judges' panel.",4,tv_1685_Peacock,tv_1685,3,FALSE
13859,The Rifleman,tv,Peacock,386,1958,1958-09-30,"[10759, 37, 10751]",Action & Adventure|Western|Family,Action & Adventure,7.118,51,0.658834846,24.0271,en,"The Rifleman is an American Western television program starring Chuck Connors as rancher Lucas McCain and Johnny Crawford as his son, Mark McCain. It was set in the 1880s in the town of North Fork, New Mexico Territory. The show was filmed in black-and-white, half-hour episodes. ""The Rifleman"" aired on ABC from September 30, 1958 to April 8, 1963 as a production of Four Star Television. It was one of the first prime time series to have a widowed parent raise a child.",4,tv_13859_Peacock,tv_13859,2,FALSE
4046,Spooks,tv,Peacock,386,2002,2002-05-13,"[18, 10759, 80]",Drama|Action & Adventure|Crime,Drama,7.711,140,1.68678125,23.5996,en,"Tense drama series about the different challenges faced by the British Security Service as they work against the clock to safeguard the nation. The title is a popular colloquialism for spies, and the series follows the work of a group of MI5 officers based at the service's Thames House headquarters, in a highly secure suite of offices known as The Grid.",4,tv_4046_Peacock,tv_4046,2,FALSE
4658,ALF,tv,Peacock,386,1986,1986-09-22,"[10751, 35, 18]",Family|Comedy|Drama,Family,7.646,1207,5.40639836,23.257,en,A furry alien wiseguy comes to live with a terran family after crashing into their garage.,4,tv_4658_Peacock,tv_4658,2,FALSE
4414,Highlander: The Series,tv,Peacock,386,1992,1992-10-03,"[10765, 18, 10759]",Sci-Fi & Fantasy|Drama|Action & Adventure,Sci-Fi & Fantasy,7.365,417,3.349187568,23.1229,en,"Duncan MacLeod cannot die -- he is a 400-year-old immortal, who has seen his share of humanity's history. Still, he risks his life in battle against other immortals and tries to save people from harm.",4,tv_4414_Peacock,tv_4414,2,FALSE
656,Curious George,tv,Peacock,386,2006,2006-09-04,"[16, 10751, 10762]",Animation|Family|Kids,Animation,7.186,129,1.473758347,22.2371,en,"With the help of his friend “The Man in the Yellow Hat,” a curious little monkey named George sets out on adventures to learn about the world around him.",4,tv_656_Peacock,tv_656,2,FALSE
5133,Leave It to Beaver,tv,Peacock,386,1957,1957-10-04,"[35, 10751]",Comedy|Family,Comedy,7,85,1.017094017,22.1975,en,"An inquisitive and often naïve boy, Theodore 'The Beaver' Cleaver, has adventures at home, in school, and around his suburban neighborhood. The show also starred Barbara Billingsley and Hugh Beaumont as Beaver's parents, June and Ward Cleaver, and Tony Dow as Beaver's brother Wally. The show has attained an iconic status in the US, with the Cleavers exemplifying the idealized suburban family of the mid-20th century.",5,tv_5133_Peacock,tv_5133,2,FALSE
4551,America's Got Talent,tv,Peacock,386,2006,2006-06-21,[10764],Reality,Reality,5.7,266,1.979373368,22.161,en,"A weekly talent competition where an array of performers – from singers and dancers, to comedians and novelty acts – vie for a $1 million cash prize.",5,tv_4551_Peacock,tv_4551,1,TRUE
247723,The Hunting Party,tv,Peacock,386,2025,2025-01-19,"[18, 80]",Drama|Crime,Drama,7.045,78,0.950709343,21.9544,en,"A small team of investigators are assembled to track down and capture the most dangerous killers our country has ever seen, all of whom have just escaped from a top-secret prison that's not supposed to exist.",5,tv_247723_Peacock,tv_247723,2,FALSE
71785,Mr. Osomatsu,tv,Peacock,386,2015,2015-10-05,"[16, 35]",Animation|Comedy,Animation,6.768,28,0.358909091,21.9115,ja,The lives of the now 20-something NEET Matsuno sextuplets and the bizarre adventures they find themselves into in the modern day.,5,tv_71785_Peacock,tv_71785,1,TRUE
2440,Highway to Heaven,tv,Peacock,386,1984,1984-09-19,"[10751, 18, 10765]",Family|Drama|Sci-Fi & Fantasy,Family,7.4,195,2.076258993,21.8144,en,A probationary angel is sent back to Earth to team up with an ex-cop and help people.,5,tv_2440_Peacock,tv_2440,2,FALSE
43982,Line of Duty,tv,Peacock,386,2012,2012-06-26,"[80, 18, 9648]",Crime|Drama|Mystery,Crime,8.228,470,3.986762887,21.4456,en,"A drama about the investigations of AC-12, a controversial police anticorruption unit.",5,tv_43982_Peacock,tv_43982,2,FALSE
33001,Haven,tv,Peacock,386,2010,2010-07-09,"[18, 10765, 9648]",Drama|Sci-Fi & Fantasy|Mystery,Drama,7.512,509,3.789502478,21.4273,en,"FBI agent Audrey Parker arrives in the small town of Haven, Maine to solve a murder and soon discovers the town's many secrets—which also hold the key to unlocking the mysteries of her lost past.",5,tv_33001_Peacock,tv_33001,2,FALSE
1663,The Six Million Dollar Man,tv,Peacock,386,1974,1974-01-18,"[10765, 10759, 18]",Sci-Fi & Fantasy|Action & Adventure|Drama,Sci-Fi & Fantasy,7.275,428,3.355280172,21.2432,en,"Follow the adventures of Steve Austin, cybernetically enhanced astronaut turned secret agent, employed by the OSI, under the command of Oscar Goldman and supervised by the scientist who created his cybernetics, Rudy Wells. Steve uses the superior strength and speed provided by his bionic arm and legs, and the enhanced vision provided by his artificial eye, to fight enemy agents, aliens, mad scientists, and a wide variety of other villains.",5,tv_1663_Peacock,tv_1663,1,TRUE
90462,Chucky,tv,Peacock,386,2021,2021-10-12,"[80, 35, 9648]",Crime|Comedy|Mystery,Crime,7.82,4161,6.981124222,21.1213,en,"After a vintage Chucky doll turns up at a suburban yard sale, an idyllic American town is thrown into chaos as a series of horrifying murders begin to expose the town’s hypocrisies and secrets. Meanwhile, the arrival of enemies — and allies — from Chucky’s past threatens to expose the truth behind the killings, as well as the demon doll’s untold origins.",5,tv_90462_Peacock,tv_90462,1,TRUE
2585,Heartbeat,tv,Peacock,386,1992,1992-04-10,"[80, 18, 35]",Crime|Drama|Comedy,Crime,7.2,33,0.445778612,20.7981,en,"Set during the 1960s in the fictional North Yorkshire village of Aidensfield, this enduringly popular series interweaves crime and medical storylines.",5,tv_2585_Peacock,tv_2585,2,FALSE
62649,Superstore,tv,Peacock,386,2015,2015-11-30,[35],Comedy,Comedy,7.562,803,4.660234843,20.7851,en,"A hilarious workplace comedy about a unique family of employees at a super-sized mega store. From the bright-eyed newbies and the seen-it-all veterans to the clueless summer hires and the in-it-for-life managers, together they hilariously tackle the day-to-day grind of rabid bargain hunters, riot-causing sales and nap-worthy training sessions.",5,tv_62649_Peacock,tv_62649,2,FALSE
600,Renegade,tv,Peacock,386,1992,1992-09-19,"[10759, 18, 80]",Action & Adventure|Drama|Crime,Action & Adventure,6.71,145,1.508449612,20.7183,en,"Framed for murder, Detective Reno Raines becomes a fugitive bounty hunter who fights crime while trying to clear his name. His troubles began after he testified about police corruption, leading Lt. Donald Dixon to set him up.",5,tv_600_Peacock,tv_600,2,FALSE
1486,21 Jump Street,tv,Peacock,386,1987,1987-04-12,"[80, 9648, 18]",Crime|Mystery|Drama,Crime,7.229,192,2.005734104,19.916,en,21 Jump Street revolves around a group of young cops who would use their youthful appearance to go undercover and solve crimes involving teenagers and young adults.,5,tv_1486_Peacock,tv_1486,2,FALSE
61345,Z Nation,tv,Peacock,386,2014,2014-09-12,"[9648, 10759, 18]",Mystery|Action & Adventure|Drama,Mystery,7.255,941,4.737650937,19.603,en,"Three years after the zombie virus has gutted the country, a team of everyday heroes must transport the only known survivor of the plague from New York to California, where the last functioning viral lab waits for his blood.",5,tv_61345_Peacock,tv_61345,1,TRUE
2985,Andromeda,tv,Peacock,386,2000,2000-10-02,"[10759, 18, 10765]",Action & Adventure|Drama|Sci-Fi & Fantasy,Action & Adventure,7.099,297,2.64542409,18.7889,en,Captain Dylan Hunt and his crew quest to restore a government that once presided over an extended peace and prosperity.,5,tv_2985_Peacock,tv_2985,1,TRUE
252,Everybody Hates Chris,tv,Peacock,386,2005,2005-09-22,[35],Comedy,Comedy,8.066,1099,5.543798624,18.3666,en,"Chris is a teenager growing up as the eldest of three children in Brooklyn, New York during the early 1980s. Uprooted to a new neighborhood and bused to a predominantly white middle school two-hours away by his strict, hard-working parents, Chris struggles to find his place while keeping his siblings in line at home and surmounting the challenges of junior high.",5,tv_252_Peacock,tv_252,1,TRUE
1649,Sliders,tv,Peacock,386,1995,1995-03-22,"[10759, 10765]",Action & Adventure|Sci-Fi & Fantasy,Action & Adventure,7.595,467,3.667905895,18.3188,en,"In his basement in San Francisco, boy-genius Quinn Mallory unlocks the doorway to an infinite number of Earths. During a test run, Quinn invites co-worker Wade Welles and his teacher Professor Maximillian Arturo to see his new invention. But an increase in power and an early departure leave all three, plus a washed-up soul singer named Rembrandt ""Crying Man"" Brown, lost in a parallel world. Now they must ""slide"" from world to world, not only adapting to their changing surroundings, but also trying to get back to their world. Will they ever make it home?",5,tv_1649_Peacock,tv_1649,1,TRUE
32390,The Real Housewives of Beverly Hills,tv,Peacock,386,2010,2010-10-14,[10764],Reality,Reality,6.281,105,1.090090909,18.258,en,A reality series that follows some of the most affluent women in the country as they enjoy the lavish lifestyle that only Beverly Hills can provide.,5,tv_32390_Peacock,tv_32390,1,TRUE
43020,Continuum,tv,Peacock,386,2012,2012-05-27,"[10765, 10759, 18]",Sci-Fi & Fantasy|Action & Adventure|Drama,Sci-Fi & Fantasy,7.466,932,4.859156425,18.0374,en,"The series centers on the conflict between a group of rebels from the year 2077 who time-travel to Vancouver, BC, in 2012, and a police officer who accidentally accompanies them. In spite of being many years early, the rebel group decides to continue its violent campaign to stop corporations of the future from replacing governments, while the police officer endeavours to stop them without revealing to anyone that she and the rebels are from the future.",5,tv_43020_Peacock,tv_43020,2,FALSE
70485,Mr. Mercedes,tv,Peacock,386,2017,2017-08-09,"[9648, 10765, 18]",Mystery|Sci-Fi & Fantasy|Drama,Mystery,7.173,388,3.134148649,17.9018,en,"A demented serial killer taunts a retired police detective with a series of lurid letters and emails, forcing the ex-cop to undertake a private, and potentially felonious, crusade to bring the killer to justice before he can strike again.",5,tv_70485_Peacock,tv_70485,1,TRUE
171,Martin,tv,Peacock,386,1992,1992-08-27,"[35, 18]",Comedy|Drama,Comedy,7.538,132,1.574392405,17.7062,en,"Sassy sitcom centering on radio and television personality Martin Payne. Series focuses on his romantic relationship with girlfriend Gina, her best friend Pam and escapades with best friends Tommy and Cole.",6,tv_171_Peacock,tv_171,1,TRUE
2289,seaQuest DSV,tv,Peacock,386,1993,1993-09-12,"[10765, 10759]",Sci-Fi & Fantasy|Action & Adventure,Sci-Fi & Fantasy,7.109,151,1.648938556,17.5551,en,"In the early 21st century, mankind has colonized the oceans. The United Earth Oceans Organization enlists Captain Nathan Bridger and the submarine seaQuest DSV to keep the peace and explore the last frontier on Earth.",6,tv_2289_Peacock,tv_2289,1,TRUE
68006,Taken,tv,Peacock,386,2017,2017-02-27,"[10759, 80, 18, 35]",Action & Adventure|Crime|Drama|Comedy,Action & Adventure,6.498,264,2.245382199,17.1117,en,"The origin story of younger, hungrier, former Green Beret Bryan Mills as he deals with a personal tragedy that shakes his world. As he fights to overcome the incident and exact revenge, Mills is pulled into a career as a deadly CIA operative, a job that awakens his very particular, and very dangerous, set of skills.",6,tv_68006_Peacock,tv_68006,2,FALSE
39373,Red vs. Blue,tv,Peacock,386,2003,2003-04-01,"[16, 35, 10765]",Animation|Comedy|Sci-Fi & Fantasy,Animation,7.576,79,1.033685665,16.8826,en,"In the distant future, two groups of soldiers battle for control of the least desirable piece of real estate in the known universe: a box canyon in the middle of nowhere.",6,tv_39373_Peacock,tv_39373,2,FALSE
1549,WWE Friday Night SmackDown,tv,Peacock,386,1999,1999-04-29,[10764],Reality,Reality,7.5,186,2.033527697,16.7486,en,"The superstars of World Wrestling Entertainment's ""SmackDown"" brand collide each and every Friday on WWE Friday Night SmackDown.",6,tv_1549_Peacock,tv_1549,1,TRUE
3797,Life,tv,Peacock,386,2007,2007-09-26,"[18, 9648, 80]",Drama|Mystery|Crime,Drama,7.68,261,2.634007884,16.7345,en,"Complex, offbeat Detective Charlie Crews returns to the force after serving time in prison for a crime he didn't commit. Crews' new lease on life has provided him with a Zen-like outlook, peace of mind and no need for vengeance, an attitude which can be challenging to maintain when someone he cares about is threatened — or when he is investigating the mystery surrounding the murder he was falsely accused of.",6,tv_3797_Peacock,tv_3797,2,FALSE
1027,The Carol Burnett Show,tv,Peacock,386,1967,1967-09-11,"[35, 10751]",Comedy|Family,Comedy,7.713,68,0.923387324,16.7104,en,"The Carol Burnett Show is an American variety/sketch comedy television show starring Carol Burnett, Harvey Korman, Vicki Lawrence, Lyle Waggoner, and Tim Conway. It originally ran on CBS from September 11, 1967, to March 29, 1978, for 278 episodes and originated from CBS Television City's Studio 33. The series won 25 prime time Emmy Awards, was ranked No. 16 on TV Guide's 50 Greatest TV Shows of All Time in 2002 and in 2007 was listed as one of Time magazine's ""100 Best TV Shows of All Time.""",6,tv_1027_Peacock,tv_1027,2,FALSE
43017,Great Teacher Onizuka,tv,Peacock,386,1999,1999-06-30,"[16, 35, 18]",Animation|Comedy|Drama,Animation,8.418,268,2.93753125,16.5841,ja,"A former gang member wants to be Japan's best teacher. When he's hired to supervise a class of hopeless cases, it's his chance to prove himself.",6,tv_43017_Peacock,tv_43017,2,FALSE
93166,The Capture,tv,Peacock,386,2019,2019-09-03,"[80, 18, 9648]",Crime|Drama|Mystery,Crime,7.707,311,2.955458693,16.4245,en,"When soldier Shaun Emery's conviction for a murder in Afghanistan is overturned due to flawed video evidence, he returns to life as a free man with his young daughter. But when damning CCTV footage from a night out in London comes to light, Shaun's life takes a shocking turn and he must soon fight for his freedom once again.",6,tv_93166_Peacock,tv_93166,1,TRUE
12323,Beyond Belief: Fact or Fiction,tv,Peacock,386,1997,1997-05-25,"[99, 9648, 10764]",Documentary|Mystery|Reality,Documentary,7.2,61,0.782887701,16.2315,en,"Can you tell the difference between fact and fiction? Several stories of strange, mysterious and incredible occurrences are chronicled during each episode. It is up to the viewer to decide which stories actually happened and which were completely fabricated by the show’s writers. The answer is revealed by Jonathan Frakes at the conclusion of each episode.",6,tv_12323_Peacock,tv_12323,1,TRUE
41822,Top Chef,tv,Peacock,386,2006,2006-03-08,[10764],Reality,Reality,6.8,67,0.803527337,16.2187,en,An American reality competition show in which chefs compete against each other in culinary challenges and are judged by a panel of professional chefs and other notables from the food and wine industry with one or more contestants eliminated in each episode.,6,tv_41822_Peacock,tv_41822,1,TRUE
74280,Hey Duggee,tv,Peacock,386,2014,2014-12-17,"[16, 10762, 10751, 35]",Animation|Kids|Family|Comedy,Animation,8.2,20,0.315384615,16.0259,en,Animated preschool series about a clubhouse that is run by a big dog called Duggee.,6,tv_74280_Peacock,tv_74280,1,TRUE
66573,The Good Place,tv,Peacock,386,2016,2016-09-19,"[10765, 35]",Sci-Fi & Fantasy|Comedy,Sci-Fi & Fantasy,7.973,1941,6.339857845,15.9764,en,"Eleanor Shellstrop, an ordinary woman who, through an extraordinary string of events, enters the afterlife where she comes to realize that she hasn't been a very good person. With the help of her wise afterlife mentor, she's determined to shed her old way of living and discover the awesome (or at least the pretty good) person within.",6,tv_66573_Peacock,tv_66573,1,TRUE
13335,New Tricks,tv,Peacock,386,2004,2004-01-01,"[18, 35]",Drama|Comedy,Drama,7.377,61,0.80213369,15.9526,en,"New Tricks is a British comedy-drama that follows the work of the fictional Unsolved Crime and Open Case Squad of the Metropolitan Police Service. Originally led by Detective Superintendent Sandra Pullman, it is made up of retired police officers who have been recruited to reinvestigate unsolved crimes.",6,tv_13335_Peacock,tv_13335,1,TRUE
1427,Broadchurch,tv,Peacock,386,2013,2013-03-04,"[80, 18, 9648]",Crime|Drama|Mystery,Crime,7.906,974,5.224181818,15.67,en,"The murder of a young boy in a small coastal town brings a media frenzy, which threatens to tear the community apart.",6,tv_1427_Peacock,tv_1427,1,TRUE
7246,Blackadder,tv,Peacock,386,1983,1983-06-15,[35],Comedy,Comedy,7.975,542,4.148224568,15.6623,en,"Blackadder traces the deeply cynical and self-serving lineage of various Edmund Blackadders throughout British history, from the muck of the Middle Ages to the frontline of The Great War.",6,tv_7246_Peacock,tv_7246,1,TRUE
16286,"Yo soy Betty, la fea",tv,Peacock,386,1999,1999-10-25,"[10766, 35, 18]",Soap|Comedy|Drama,Soap,8.345,3529,7.309383222,15.6138,es,"Beatriz Pinzón Solano is a brilliant economist with a master's degree in finance; she has only one flaw: she's ugly. Everything changes when she starts working at Ecomoda, one of the country's largest companies, where she meets and falls in love with Armando Mendoza. This time, life will give her a second chance to prove she can become the most desired and beloved woman in the world.",6,tv_16286_Peacock,tv_16286,1,TRUE
92621,Brassic,tv,Peacock,386,2019,2019-08-22,"[35, 18, 80]",Comedy|Drama|Crime,Comedy,8.4,241,2.731983806,15.4692,en,"A group of working-class friends finding unconventional ways to win at life in suburban northern England. These lads have dealt, scammed, bribed and conned their way through adolescence, but now, their dealing and stealing is catching up with them and a whole load of trouble is heading their way.",6,tv_92621_Peacock,tv_92621,1,TRUE
78,Dateline,tv,Peacock,386,1992,1992-03-31,"[80, 99]",Crime|Documentary,Crime,6.51,51,0.602558984,15.3542,en,"Dateline NBC, or simply Dateline, is a weekly American television newsmagazine series. It was previously the network's flagship newsmagazine, but now focuses mainly on true crime stories with only occasional editions that focus on other topics.",6,tv_78_Peacock,tv_78,1,TRUE
46930,Ripper Street,tv,Peacock,386,2012,2012-12-30,"[18, 9648, 80]",Drama|Mystery|Crime,Drama,7.448,193,2.074262626,15.3222,en,"A drama set in the East End of London in 1889, during the aftermath of the ""Ripper"" murders. The action centres around the notorious H Division – the police precinct from hell – which is charged with keeping order in the chaotic streets of Whitechapel. Ripper Street explores the lives of characters trying to recover from the Ripper's legacy, from crimes that have not only irretrievably altered their lives, but the very fabric of their city. At the drama's heart our detectives try to bring a little light into the dark world they inhabit.",6,tv_46930_Peacock,tv_46930,1,TRUE
37780,Silk,tv,Peacock,386,2011,2011-02-22,[18],Drama,Drama,7.5,49,0.669398907,15.2618,en,"Silk is a British television drama series produced by the BBC and first shown in 2011. Written by Peter Moffat, the series follows a set of barristers, and what they do to attain the rank of Queen's Counsel, known as 'taking silk'.

Passionate defence barrister Martha Costello faces challenging cases and surprising clients, which test her faith in the criminal justice system. Gifted colleague Clive Reader is called to the bar with her. They work hard with pupils, Nick Slade and Niamh Cranitch, but ultimately only one can eventually be taken on as a member of chambers.",7,tv_37780_Peacock,tv_37780,1,TRUE
43168,NARUTO Spin-Off: Rock Lee & His Ninja Pals,tv,Peacock,386,2012,2012-04-03,"[16, 35, 10759, 10765]",Animation|Comedy|Action & Adventure|Sci-Fi & Fantasy,Animation,6.3,51,0.583121597,14.9945,ja,"Welcome to the Hidden Leaf Village. The village where Uzumaki Naruto, star of the TV show ""Naruto"" makes his home. Every day, countless powerful ninjas carry out missions and train to hone their skills. Our main character is one of these powerful ninjas... but it's not Naruto! It's the ninja who can't use ninjutsu, Rock Lee!",7,tv_43168_Peacock,tv_43168,1,TRUE
62822,Humans,tv,Peacock,386,2015,2015-06-14,"[10765, 18, 9648]",Sci-Fi & Fantasy|Drama|Mystery,Sci-Fi & Fantasy,7.475,689,4.331602187,14.9707,en,In a parallel present where the latest must-have gadget for any busy family is a 'Synth' - a highly-developed robotic servant that's so similar to a real human it's transforming the way we live.,7,tv_62822_Peacock,tv_62822,1,TRUE
51704,Defiance,tv,Peacock,386,2013,2013-04-15,"[18, 10765]",Drama|Sci-Fi & Fantasy,Drama,6.76,541,3.513121998,14.8968,en,"In the near future, planet Earth is permanently altered following the sudden—and tumultuous—arrival of seven unique alien races. In the boom-town of Defiance, the newly-formed civilization of humans and aliens must learn to co-exist peacefully.",7,tv_51704_Peacock,tv_51704,1,TRUE
110562,A Woman Scorned,tv,Peacock,386,2020,2020-10-07,[18],Drama,Drama,8.063,287,2.940382465,14.8888,tr,"Asya is a successful doctor and she has a perfect life with her husband and her son. But after finding a blonde hair on her husband's scarf, everything changes and she discovers her husband's extramarital affair.",7,tv_110562_Peacock,tv_110562,1,TRUE
2586,Sanford and Son,tv,Peacock,386,1972,1972-01-14,[35],Comedy,Comedy,7.479,96,1.204671141,14.7102,en,The misadventures of a cantankerous junk dealer and his frustrated son.,7,tv_2586_Peacock,tv_2586,1,TRUE
134,Space: 1999,tv,Peacock,386,1975,1975-09-04,[10765],Sci-Fi & Fantasy,Sci-Fi & Fantasy,7.115,156,1.691981707,14.6648,en,The crew of Moonbase Alpha must struggle to survive when a massive explosion throws the Moon from orbit into deep space.,7,tv_134_Peacock,tv_134,1,TRUE
2041,McLeod's Daughters,tv,Peacock,386,2001,2001-08-08,[18],Drama,Drama,7.266,62,0.801587189,14.6334,en,"When Jack McLeod passes away, his two daughters inherit Drovers Run, a vast cattle ranch in the Australian outback. Ultimately, Tess and Claire decide to run the ranch together, with their housekeeper, Meg, her teenage daughter, Jodi, and a local girl, Becky. Their lives are hard and the obstacles many, but the rewards are every bit as grand as the wild open land they've inherited.",7,tv_2041_Peacock,tv_2041,1,TRUE
2686,Three's Company,tv,Peacock,386,1977,1977-03-15,[35],Comedy,Comedy,7.638,177,1.996936484,14.6025,en,"When two single girls, Janet and Chrissy, need a roommate to share their Santa Monica apartment, they decide to offer a room to Jack, a man they find passed out in the bathtub after the going-away party for their last roommate. However, hijinks ensure when Jack must pretend to be gay in order to throw off the scent of the trio's conservative landlady.",7,tv_2686_Peacock,tv_2686,1,TRUE
11105,Forensic Files,tv,Peacock,386,1996,1996-04-21,"[80, 99]",Crime|Documentary,Crime,7.861,79,1.072571675,14.4655,en,"Real crimes, disease outbreaks and accidents around the world are solved by experts using scientific laboratory analysis which helps them find previously undetectable evidence. Brilliant scientific work helps convict the guilty and free the innocent.",7,tv_11105_Peacock,tv_11105,1,TRUE
31295,Misfits,tv,Peacock,386,2009,2009-11-12,"[10765, 18, 35]",Sci-Fi & Fantasy|Drama|Comedy,Sci-Fi & Fantasy,7.619,1008,5.092806366,14.4572,en,"When five young outsiders on Community Service get caught in a strange storm, they discover that they have developed superpowers.",7,tv_31295_Peacock,tv_31295,1,TRUE
6550,Wiseguy,tv,Peacock,386,1987,1987-09-16,"[80, 18, 10759]",Crime|Drama|Action & Adventure,Crime,6.649,37,0.458124767,14.3538,en,"Vinnie Terranova does time in a New Jersey penitentiary to set up his undercover role as an agent for the OCB (Organized Crime Bureau) of the United States. His roots in a traditional Italian city neighborhood form the underlying dramatic base throughout the series, bringing him into conflict with his conservative mother and other family members while acting undercover as syndicate enforcer.",7,tv_6550_Peacock,tv_6550,1,TRUE
107365,Bel-Air,tv,Peacock,386,2022,2022-02-13,[18],Drama,Drama,7.684,277,2.739341055,14.3374,en,The journey of a book smart teen whose life is forever transformed when he moves from the streets of west Philadelphia to live with his relatives in one of LA’s wealthiest suburbs.,7,tv_107365_Peacock,tv_107365,1,TRUE
12337,The Life and Legend of Wyatt Earp,tv,Peacock,386,1955,1955-09-06,"[18, 37]",Drama|Western,Drama,6.762,21,0.272556622,14.1984,en,The Life and Legend of Wyatt Earp is a television western series loosely based on the life of frontier marshal Wyatt Earp. The half-hour black-and-white program aired for 229 episodes on ABC from 1955 to 1961 and featured Hugh O'Brian in the title role.,7,tv_12337_Peacock,tv_12337,1,TRUE
63764,Senora Acero,tv,Peacock,386,2014,2014-09-23,"[18, 80, 10766]",Drama|Crime|Soap,Drama,7.845,658,4.457694301,14.1435,es,"The adventures of Vicenta Acero, the feared coyote who now leads the dynasty of illicit dealings once under the control of her father.",7,tv_63764_Peacock,tv_63764,1,TRUE
11250,Pasión de Gavilanes,tv,Peacock,386,2003,2003-10-21,[18],Drama,Drama,7.65,2090,6.173166023,14.0421,es,The Reyes-Elizondo's idyllic lives are shattered by a murder charge against Eric and León.,7,tv_11250_Peacock,tv_11250,1,TRUE
120998,Poker Face,tv,Peacock,386,2023,2023-01-26,"[80, 9648]",Crime|Mystery,Crime,7.461,492,3.700415323,13.9733,en,"Follow Charlie Cale, a woman with an extraordinary ability to tell when someone is lying, as she hits the road and, at every stop, encounters a new cast of characters and crimes she can't help but solve.",7,tv_120998_Peacock,tv_120998,1,TRUE
42295,Hemlock Grove,tv,Peacock,386,2013,2013-04-19,"[9648, 18]",Mystery|Drama,Mystery,7.079,560,3.739849057,13.7031,en,"One cannot quench his all-consuming thirst. The other cannot tame the beast clawing its way out. In the sleepy Pennsylvania village of Hemlock Grove, two young men struggle to accept painful truths: about family, themselves, the mystery of the White Tower - and a terrifying new threat so powerful it will turn them from predators into prey.",7,tv_42295_Peacock,tv_42295,1,TRUE
65708,Taboo,tv,Peacock,386,2017,2017-01-07,"[18, 9648]",Drama|Mystery,Drama,7.88,1451,5.860522809,13.6979,en,Adventurer James Keziah Delaney returns to London from Africa in 1814 along with fourteen stolen diamonds to seek vengeance after the death of his father.,7,tv_65708_Peacock,tv_65708,1,TRUE
90521,Love Island USA,tv,Peacock,386,2019,2019-07-09,[10764],Reality,Reality,7,164,1.728915663,13.4279,en,"The matchmaking begins as a group of single ""Islanders"" come together in a stunning villa on a beautiful tropical island, ready to embark on a summer of dating, romance, and ultimately, relationships. Every few days the Islanders pair up and those who are not coupled are at risk of being dumped from the island. Islanders are on the lookout for romance, but the road to love doesn't always run smoothly.",7,tv_90521_Peacock,tv_90521,1,TRUE
3114,Silk Stalkings,tv,Peacock,386,1991,1991-11-07,"[80, 18, 10759]",Crime|Drama|Action & Adventure,Crime,6.133,45,0.506394495,13.3036,en,"Silk Stalkings is a crime drama television series.  The series portrays the daily lives of two detectives who solve sexually-based crimes of passion among the ultra-rich of Palm Beach, Florida.",8,tv_3114_Peacock,tv_3114,1,TRUE
68878,La Doña,tv,Peacock,386,2016,2016-11-29,"[18, 10766]",Drama|Soap,Drama,7.369,640,4.136982456,13.2352,es,"A story of revenge and ambition, seduction and betrayal; all told from the perspective of an offended and abused woman named Altagracia. Altagracia represents the hundreds of thousands of Mexican women who have been victims of the violence by faceless men who are protected by impunity. But Altagracia, transformed into a strong-willed, ruthless man-eater known as La Doña, will seek out each and every one of these men to bring them to justice.",8,tv_68878_Peacock,tv_68878,1,TRUE
2132,The Dick Van Dyke Show,tv,Peacock,386,1961,1961-10-03,[35],Comedy,Comedy,7.567,104,1.302927152,13.012,en,"The Dick Van Dyke Show centers around the work and home life of television comedy writer Rob Petrie. The plots generally revolve around problems at work, where Rob got into various comedic jams with fellow writers Buddy Sorrell, Sally Rogers and producer Mel Cooley.",8,tv_2132_Peacock,tv_2132,1,TRUE
93088,A Little Reunion,tv,Peacock,386,2019,2019-07-31,[18],Drama,Drama,8.2,11,0.176516634,12.9835,zh,"This story focuses on China's notorious college entrance exam, the ""gaokao."" It follows three seniors in high school and their families as they navigate the ups and downs of their lives whilst preparing for this exam that they believe will determine the trajectory of the rest of their lives.",8,tv_93088_Peacock,tv_93088,1,TRUE
36210,Blue Dragon,tv,Peacock,386,2007,2007-04-07,"[16, 10759, 10765]",Animation|Action & Adventure|Sci-Fi & Fantasy,Animation,7.9,38,0.557992565,12.9816,ja,"A terrible and mysterious enemy attacks the small village of Shu and his friend Kluke. The great warrior Zola, followed by Jiro, will help them discover the ability to evoke shadows.",8,tv_36210_Peacock,tv_36210,1,TRUE
246386,All Her Fault,tv,Peacock,386,2025,2025-11-07,"[9648, 80]",Mystery|Crime,Mystery,8.014,246,2.642686327,12.9726,en,"In Chicago, Marissa Irvine arrives at 14 Arthur Avenue, expecting to pick up her young son Milo from his first playdate with a boy at his new school. But the woman who answers the door isn't a mother she recognizes. She isn't the nanny. She doesn't have Milo. And so begins every parent's worst nightmare.",8,tv_246386_Peacock,tv_246386,1,TRUE
3713,Gunsmoke,tv,Peacock,386,1955,1955-09-10,"[37, 10759, 18]",Western|Action & Adventure|Drama,Western,6.694,111,1.216094926,12.7795,en,"Gunsmoke is an American radio and television Western drama series created by director Norman MacDonnell and writer John Meston. The stories take place in and around Dodge City, Kansas, during the settlement of the American West. The central character is lawman Marshal Matt Dillon, played by William Conrad on radio and James Arness on television.",8,tv_3713_Peacock,tv_3713,1,TRUE
94686,Tyler Perry's Sistas,tv,Peacock,386,2019,2019-10-23,"[35, 18]",Comedy|Drama,Comedy,8.403,129,1.723349762,12.7238,en,"There's nothing that bonds a group of single black women together more than sidestepping the land mines of living, working and dating in Atlanta. In a sea of swipe-lefts, social media drama and unrealistic #relationshipgoals, these friends try to find their Mr. Right.",8,tv_94686_Peacock,tv_94686,1,TRUE
40026,Dance Moms,tv,Peacock,386,2011,2011-07-13,[10764],Reality,Reality,7.108,120,1.375741935,12.7187,en,"Dance Moms is an American dance reality series that debuted on Lifetime on July 13, 2011. Created by Collins Avenue Productions, it is set in Pittsburgh, Pennsylvania, at the Abby Lee Dance Company, and follows children's early careers in dance show business and their mothers.",8,tv_40026_Peacock,tv_40026,1,TRUE
50,Pacific Blue,tv,Peacock,386,1996,1996-03-02,"[18, 10759, 80]",Drama|Action & Adventure|Crime,Drama,5.4,94,0.854545455,12.7163,en,"Filmed on location at Santa Monica and Venice Beach, this series focuses on an elite bike cop unit of the LAPD.",8,tv_50_Peacock,tv_50,1,TRUE
95004,Tyler Perry's The Oval,tv,Peacock,386,2019,2019-10-23,"[18, 10751]",Drama|Family,Drama,8.2,95,1.309243697,12.6146,en,"A seemingly perfect interracial first family becomes the White House's newest residents. But behind closed doors they unleash a torrent of lies, cheating and corruption.",8,tv_95004_Peacock,tv_95004,1,TRUE
1310,Sanctuary,tv,Peacock,386,2008,2008-10-03,"[10759, 10765]",Action & Adventure|Sci-Fi & Fantasy,Action & Adventure,7.271,292,2.680722222,12.5686,en,"The adventures of the beautiful, enigmatic and always surprising Dr. Helen Magnus, a brilliant scientist who holds the secrets of a clandestine population called Abnormals—a group of strange and sometimes terrifying beings that hide among humans. Magnus seeks to protect this threatened phenomena as well as unlock the mysteries behind their existence.",8,tv_1310_Peacock,tv_1310,1,TRUE
3218,Caillou,tv,Peacock,386,1997,1997-09-15,"[16, 10751, 10762]",Animation|Family|Kids,Animation,5.4,74,0.696167247,12.5193,fr,"Follow Caillou, the lovable 4-year-old with a big imagination, as he and his friends go on adventures and experience all the wonders of being a child.",8,tv_3218_Peacock,tv_3218,1,TRUE
1439,Here's Lucy,tv,Peacock,386,1968,1968-09-23,[35],Comedy,Comedy,6.7,30,0.379245283,12.4014,en,,8,tv_1439_Peacock,tv_1439,1,TRUE
14808,The Real Housewives of New York City,tv,Peacock,386,2008,2008-03-04,[10764],Reality,Reality,5.7,65,0.655752212,12.244,en,"A fast-paced reality show that follows several incredibly busy and ambitious Manhattan women. Watch as they balance envious social calendars, challenging careers, and motherhood, with the hustle and bustle of the big city all around.",8,tv_14808_Peacock,tv_14808,1,TRUE
2583,Prime Suspect,tv,Peacock,386,1991,1991-04-07,"[80, 18, 9648]",Crime|Drama|Mystery,Crime,7.8,95,1.245378151,12.2212,en,Highly skilled Detective Inspector Jane Tennison battles to prove herself in a male dominated world.,8,tv_2583_Peacock,tv_2583,1,TRUE
215943,The Traitors,tv,Peacock,386,2023,2023-01-12,[10764],Reality,Reality,6.2,53,0.594213382,11.9844,en,"The entertainment industry’s most competitive reality stars and famous faces play the ultimate murder mystery game. Hosted by award-winning actor Alan Cumming at an ancient castle set deep in the Scottish Highlands, contestants work together on a series of exhilarating missions to build a prize fund worth up to $250,000. Hidden amongst the Faithful are the Traitors, whose goal is to eliminate the Faithful and claim the prize for themselves.",8,tv_215943_Peacock,tv_215943,1,TRUE
100350,Girls5eva,tv,Peacock,386,2021,2021-05-06,[35],Comedy,Comedy,5.937,63,0.664353464,11.8438,en,"When a one-hit-wonder girl group from the '90s gets sampled by a young rapper, its members reunite to give their pop star dreams one more shot. They may be grown women balancing spouses, kids, jobs, debt, aging parents and shoulder pain, but can't they also be Girls5Eva?",8,tv_100350_Peacock,tv_100350,1,TRUE
31389,Republic of Doyle,tv,Peacock,386,2010,2010-01-06,"[35, 18]",Comedy|Drama,Comedy,7,38,0.494423792,11.8233,en,"Jake Doyle and his ex-cop father, Malachy, run a Newfoundland detective agency. Their rugged seaside town never lacks for intriguing cases, and the Doyles don't always land on the right side of the law.",8,tv_31389_Peacock,tv_31389,1,TRUE
4887,Barney & Friends,tv,Peacock,386,1992,1992-04-06,"[35, 10751, 10762]",Comedy|Family|Kids,Comedy,5.782,94,0.914996633,11.7793,en,"Barney & Friends is an American children's television series aimed at children from ages 2 to 5. The series, which first aired on April 6, 1992, features the title character Barney, a purple anthropomorphic Tyrannosaurus rex who conveys educational messages through songs and small dance routines with a friendly, optimistic attitude.",8,tv_4887_Peacock,tv_4887,1,TRUE
218589,Those About to Die,tv,Peacock,386,2024,2024-07-18,[18],Drama,Drama,7.424,322,2.908184915,11.6724,en,"Within the spectacular, complex and corrupt world of gladiatorial sports in Ancient Rome, follow an ensemble of diverse characters across the many layers of Roman society where sports, politics and business intersect and collide.",9,tv_218589_Peacock,tv_218589,1,TRUE
17380,The Real Housewives of Atlanta,tv,Peacock,386,2008,2008-10-07,[10764],Reality,Reality,5.865,126,1.180495208,11.5884,en,Bravo's cameras turn to the Southern states as the network presents this inside look at the Real Housewives of Atlanta. These women handle the personal dramas that affect their affluent lifestyles with a signature Southern brand of “style” and “grace.”,9,tv_17380_Peacock,tv_17380,1,TRUE
14763,The Texan,tv,Peacock,386,1958,1958-09-29,[37],Western,Western,6.4,5,0.063366337,11.5232,en,"The Texan was a Western television series starring popular B movie actor Rory Calhoun, which aired on the CBS television network from 1958 to 1960.",9,tv_14763_Peacock,tv_14763,1,TRUE
1712,The Munsters,tv,Peacock,386,1964,1964-09-24,"[35, 10765, 10751]",Comedy|Sci-Fi & Fantasy|Family,Comedy,7.92,466,3.820621118,11.4653,en,A family of friendly monsters that have misadventures all while never quite understanding why people react to them so strangely.,9,tv_1712_Peacock,tv_1712,1,TRUE
136322,Dragons: The Nine Realms,tv,Peacock,386,2021,2021-12-23,"[16, 10759]",Animation|Action & Adventure,Animation,7.7,284,2.789285714,11.3925,en,"Set 1,300 years after the events of How to Train Your Dragon, dragons are now just a legend to the modern world. When a geological anomaly opens an immense, miles-deep fissure in the Earth’s surface, scientists from all over the world gather at a new research facility to study the mysterious phenomenon. Soon a group of misfit kids, brought to the site by their parents, uncover the truth about dragons and where they’ve been hiding -- a secret they must keep to themselves to protect what they’ve discovered.",9,tv_136322_Peacock,tv_136322,1,TRUE
10649,The Donna Reed Show,tv,Peacock,386,1958,1958-09-24,"[35, 10751]",Comedy|Family,Comedy,6.474,19,0.23700578,11.361,en,"Revolves around typical family problems, such as firing a clumsy housekeeper, throwing a retirement bash for a colleague, and finding quality time away from the children.",9,tv_10649_Peacock,tv_10649,1,TRUE
204541,Three-Body,tv,Peacock,386,2023,2023-01-15,"[18, 9648, 10765]",Drama|Mystery|Sci-Fi & Fantasy,Drama,7.85,246,2.588605898,11.3296,zh,"Nanotechnology researcher Wang Miao is taken to the Joint Operations Center by police officer Shi Qiang, who's investigating the mysterious suicide wave among scientists worldwide.  He is recruited to sneak into an organization called the Frontiers of Science to help the investigation. When Wang Miao is contacted by the leader of the organization, Shen Yufei, she introduces him to a sophisticated VR video game called Three-Body, but soon he discovers that it's more than just a game.",9,tv_204541_Peacock,tv_204541,1,TRUE
19649,Jesus of Nazareth,tv,Peacock,386,1977,1977-03-27,[18],Drama,Drama,7.81,555,4.108578199,11.2931,en,"Dramatizes the Birth, Life, Ministry, Crucifixion, and Resurrection of Jesus Christ, largely according to the Holy Bible's New Testament Gospels.",9,tv_19649_Peacock,tv_19649,1,TRUE
3840,The Commish,tv,Peacock,386,1991,1991-09-28,"[18, 35]",Drama|Comedy,Drama,7.148,27,0.366216319,11.2576,en,"Tony Scali is a former Brooklyn cop now the Police Commissioner of a small upstate city. But for Scali, this is no desk job. He's a tough yet compassionate boss, a loving husband and father, and a hands-on law enforcer with an unorthodox style of bending the rules. From parenthood to politics, from sex crimes to murder cases, one man takes it day-to-day with offbeat humor and street- smart skill.",9,tv_3840_Peacock,tv_3840,1,TRUE
2275,The Bionic Woman,tv,Peacock,386,1976,1976-01-14,"[10765, 10759, 18]",Sci-Fi & Fantasy|Action & Adventure|Drama,Sci-Fi & Fantasy,6.974,270,2.445428571,11.2404,en,"After fully recovering from her near fatal bout of bionic rejection, Jaime Sommers, the first female cyborg, is assigned to spy missions of her own.",9,tv_2275_Peacock,tv_2275,1,TRUE
10184,Snapped,tv,Peacock,386,2004,2004-08-06,"[80, 99]",Crime|Documentary,Crime,7.813,40,0.578740741,11.1539,en,"The fascinating cases of every day, seemingly average moms, wives and girlfriends accused of murder. Did they really do it? And if so, why?",9,tv_10184_Peacock,tv_10184,1,TRUE
9,Match Game,tv,Peacock,386,1973,1973-07-02,[],,,7.88,25,0.375238095,11.1453,en,"The five-day-a-week syndicated successor to the popular CBS game show, where two contestants compete to match fill-in-the-blank phrases with those of the celebrities.",9,tv_9_Peacock,tv_9,1,TRUE
2211,'Allo 'Allo!,tv,Peacock,386,1984,1984-09-07,"[35, 10768]",Comedy|War & Politics,Comedy,7.792,262,2.679139108,11.0961,en,The misadventures of hapless cafe owner René Artois and his escapades with the Resistance in occupied France.,9,tv_2211_Peacock,tv_2211,1,TRUE
1457,Pride and Prejudice,tv,Peacock,386,1995,1995-09-24,[18],Drama,Drama,8.2,549,4.291515729,11.0091,en,"Set in England in the early 19th century, Pride and Prejudice tells the story of Mr and Mrs Bennet's five unmarried daughters after the rich and eligible Mr Bingley and his status-conscious friend, Mr Darcy, have moved into their neighbourhood. While Bingley takes an immediate liking to the eldest Bennet daughter, Jane, Darcy has difficulty adapting to local society and repeatedly clashes with the second-eldest Bennet daughter, Elizabeth.",9,tv_1457_Peacock,tv_1457,1,TRUE
50042,Below Deck,tv,Peacock,386,2013,2013-07-01,[10764],Reality,Reality,7.2,63,0.805683837,10.9236,en,"The upstairs and downstairs worlds collide when this young and single crew of ""yachties"" live, love and work together onboard a luxurious mega yacht while tending to the ever-changing needs of their wealthy, demanding charter guests.",9,tv_50042_Peacock,tv_50042,1,TRUE
49010,The Fall,tv,Peacock,386,2013,2013-05-12,"[18, 80]",Drama|Crime,Drama,7.676,964,5.054415301,10.7869,en,"When the Police Service of Northern Ireland are unable to close a case after 28 days, Detective Superintendent Stella Gibson of the Metropolitan Police Service is called in to review the case. Under her new leadership, the local detectives must track down and stop a serial killer who is terrorising the city of Belfast.",9,tv_49010_Peacock,tv_49010,1,TRUE
95439,El final del paraíso,tv,Peacock,386,2019,2019-08-13,"[18, 10759]",Drama|Action & Adventure,Drama,7.448,77,0.99392721,10.7459,en,"In this new era, Catalina, now head of the DEA in Colombia, has a new challenge: to track down a criminal organization that is trafficking a new synthetic drug. What she ignores is that her daughter is part of the Cartel that traffics them and that Yésica, her worst enemy, is infiltrated in the DEA.",9,tv_95439_Peacock,tv_95439,1,TRUE
70284,Mama June: Family Crisis,tv,Peacock,386,2017,2017-02-24,[10764],Reality,Reality,8.5,40,0.62962963,10.733,en,"June Shannon ('Mama June') gained fame as the mother of young beauty-pageant contestant 'Honey Boo Boo' (Alana Thompson) on various reality shows. With that notoriety came jokes from comedians and people on social media about her weight. Ending her marriage to Sugar Bear and facing health issues, Mama June wants to slim down so she can start a new life with a new body and, she hopes, a new love.",9,tv_70284_Peacock,tv_70284,1,TRUE
64099,War and Peace,tv,Peacock,386,2016,2016-01-03,[18],Drama,Drama,7.6,237,2.443962008,10.6862,en,The love story of young Countess Natasha Rostova and Count Pierre Bezukhov is interwoven with the Great Patriotic War of 1812 against Napoleon's invading army.,9,tv_64099_Peacock,tv_64099,1,TRUE
133748,Twisted Metal,tv,Peacock,386,2023,2023-07-27,"[10759, 35]",Action & Adventure|Comedy,Action & Adventure,7.745,515,3.929729064,10.6133,en,"A motor-mouthed outsider with no memory of his past is offered a chance at a better life, but only if he can successfully deliver a mysterious package across a post-apocalyptic wasteland. With the help of a badass axe-wielding car thief, he’ll face savage marauders driving vehicles of destruction and other dangers of the open road, including a deranged clown who drives an all too familiar ice cream truck.",9,tv_133748_Peacock,tv_133748,1,TRUE
302463,Dinastía Casillas,tv,Peacock,386,2025,2025-10-07,"[18, 10759, 9648]",Drama|Action & Adventure|Mystery,Drama,8.252,330,3.280915663,10.5458,es,,10,tv_302463_Peacock,tv_302463,1,TRUE
5273,Alfred Hitchcock Presents,tv,Peacock,386,1955,1955-10-02,"[9648, 18, 80]",Mystery|Drama|Crime,Mystery,7.769,247,2.568866131,10.5096,en,"A television anthology series hosted by Alfred Hitchcock featuring dramas, thrillers, and mysteries.",10,tv_5273_Peacock,tv_5273,1,TRUE
9890,The Dick Cavett Show,tv,Peacock,386,1968,1968-06-06,[10767],Talk,Talk,6.818,22,0.287348659,10.3738,en,The Dick Cavett Show has been the title of several talk shows hosted by Dick Cavett on various television networks.,10,tv_9890_Peacock,tv_9890,1,TRUE
5303,The Storyteller,tv,Peacock,386,1988,1988-05-15,"[10759, 10751, 10765, 18]",Action & Adventure|Family|Sci-Fi & Fantasy|Drama,Action & Adventure,8.209,237,2.639800543,10.285,en,"The Storyteller, aided by his cynical dog, narrates classic folk tales, fables, and legends.",10,tv_5303_Peacock,tv_5303,1,TRUE
36041,Bakuman,tv,Peacock,386,2010,2010-10-02,"[16, 35, 18]",Animation|Comedy|Drama,Animation,8.121,153,1.902776417,9.9699,ja,"Moritaka Mashiro and Akito Takagi are pretty much foils of each other. Mashiro, an average 9th grade student but talented artist, and Takagi, an overall advanced 9th grader and aspiring writer. After great convincing, Takagi convinces Mashiro to join him in becoming the greatest mangakas Japan has ever seen. Takagi, with his gift of writing, hopes to become a successful mangaka, and Mashiro, with his gift of art, hopes to marry the girl of his dreams, Azuki Miho.",10,tv_36041_Peacock,tv_36041,1,TRUE
787,Wycliffe,tv,Peacock,386,1994,1994-07-24,"[80, 18]",Crime|Drama,Crime,6,3,0.035785288,9.9303,en,"Wycliffe is a British television series, based on W. J. Burley's novels about Detective Superintendent Charles Wycliffe. It was produced by HTV and broadcast on the ITV Network, following a pilot episode on 7 August 1993, between 24 July 1994 and 5 July 1998. The series was filmed in Cornwall, with a production office in Truro. Music for the series was composed by Nigel Hess and was awarded the Royal Television Society award for the best television theme. Wycliffe is played by Jack Shepherd, assisted by DI Doug Kersey and DI Lucy Lane.

Each episode deals with a murder investigation. In the early series, the stories are adapted from Burley's books and are in classic whodunit style, often with quirky characters and plot elements. In later seasons, the tone becomes more naturalistic and there is more emphasis on internal politics within the police.",10,tv_787_Peacock,tv_787,1,TRUE
30083,Black Jack,tv,Peacock,386,1993,1993-12-12,"[16, 18]",Animation|Drama,Animation,6.5,11,0.139921722,9.877,ja,"Kuroo Hazama, also known as ""Black Jack,"" is a legend in the medical world. Famous for being one of the best, as well as not having a license, Hazama and his assistant Pinoko save countless lives that other doctors cannot... for a price; an exorbitant price, in fact, which causes many to view the genius as greedy and heartless. Despite these claims, however, none can deny his skill and the lengths that he will go to treat his patients. This dark medical drama tells the story of the ominous and mysterious world of underground medicine as Black Jack risks his life to cure some of the most bizarre diseases imaginable, even if it means breaking every law in the process.",10,tv_30083_Peacock,tv_30083,1,TRUE
4507,The Thick of It,tv,Peacock,386,2005,2005-05-19,[35],Comedy,Comedy,8.075,208,2.372316384,9.8718,en,"Set in the corridors of power and spin, the Minister for Social Affairs is continually harassed by Number 10's policy enforcer and dependent on his not-so-reliable team of civil servants.",10,tv_4507_Peacock,tv_4507,1,TRUE
5084,Kolchak: The Night Stalker,tv,Peacock,386,1974,1974-09-13,"[18, 9648, 10765]",Drama|Mystery|Sci-Fi & Fantasy,Drama,7.636,88,1.142802721,9.8636,en,"Kolchak: The Night Stalker is an American television series that aired on ABC during the 1974–1975 season. It featured a fictional Chicago newspaper reporter who investigated mysterious crimes with unlikely causes, particularly those that law enforcement authorities would not follow up. These often involved the supernatural or even science fiction, including fantastic creatures.",10,tv_5084_Peacock,tv_5084,1,TRUE
10268,Primeval,tv,Peacock,386,2007,2007-02-10,"[10765, 10759, 18]",Sci-Fi & Fantasy|Action & Adventure|Drama,Sci-Fi & Fantasy,7.426,330,2.952506024,9.8115,en,"When strange anomalies start to appear all over England, Professor Cutter and his team must track down and capture all sorts of dangerous prehistoric creatures from Earth's distant past and near future.",10,tv_10268_Peacock,tv_10268,1,TRUE
154,Good Times,tv,Peacock,386,1974,1974-02-08,[35],Comedy,Comedy,7.994,82,1.126302405,9.6603,en,"Good Times is an American sitcom that originally aired from February 8, 1974, until August 1, 1979, on the CBS television network. It was created by Eric Monte and Mike Evans, and developed by Norman Lear, the series' primary executive producer. Good Times is a spin-off of Maude, which is itself a spin-off of All in the Family along with The Jeffersons.

The series is set in Chicago. The first two seasons were taped at CBS Television City in Hollywood. In the fall of 1975, the show moved to Metromedia Square, where Norman Lear's own production company was housed.",10,tv_154_Peacock,tv_154,1,TRUE
57736,The Musketeers,tv,Peacock,386,2014,2014-01-19,"[18, 10759]",Drama|Action & Adventure,Drama,7.033,196,1.980557471,9.6024,en,"Set in 17th century Paris, musketeers Athos, Porthos, Aramis and D'Artagnan are members of an elite band of soldiers who fight for what is just. They are heroes in the truest and most abiding sense – men that can be trusted and believed in to do the right thing, regardless of personal risk.",10,tv_57736_Peacock,tv_57736,1,TRUE
10222,The Real Housewives of Orange County,tv,Peacock,386,2006,2006-03-21,[10764],Reality,Reality,5.429,70,0.666719298,9.6019,en,"A view into the lives of several women and their families who live in one of the wealthiest communities in the country with the viewer taken ""inside the gates"" to show their lives aren't always perfect.",10,tv_10222_Peacock,tv_10222,1,TRUE
44305,DreamWorks Dragons,tv,Peacock,386,2012,2012-08-07,"[16, 10759, 10765, 35]",Animation|Action & Adventure|Sci-Fi & Fantasy|Comedy,Animation,7.753,750,4.6518,9.5969,en,"From the creators of ""How to Train Your Dragon"" comes a new series that takes Hiccup and Toothless to the edge of adventure.",10,tv_44305_Peacock,tv_44305,1,TRUE
79340,The Outpost,tv,Peacock,386,2018,2018-07-10,"[10765, 10759, 18]",Sci-Fi & Fantasy|Action & Adventure|Drama,Sci-Fi & Fantasy,7.459,268,2.602880208,9.5622,en,"Talon, the lone survivor of a race called the Blackbloods, sets off to the edge of civilisation to track her family's killers. On her journey she discovers she has supernatural powers which she must learn to harness in order to achieve her goals.",10,tv_79340_Peacock,tv_79340,1,TRUE
4493,Absolutely Fabulous,tv,Peacock,386,1992,1992-11-12,[35],Comedy,Comedy,7.533,182,2.010272727,9.5219,en,"Set in the world of fashion and PR, immature fun-loving mother Edina Monsoon and her best friend Patsy drive Eddie's sensible daughter, Saffron, up the wall with their constant drug abuse and outrageous selfishness. Numerous in-jokes and heavy doses of cruel humour have made this series a cult hit in the UK and abroad.",10,tv_4493_Peacock,tv_4493,1,TRUE
82809,False Identity,tv,Peacock,386,2018,2018-10-03,"[80, 10759]",Crime|Action & Adventure,Crime,7.581,538,3.929265896,9.4141,es,"Isabel and Diego, two complete strangers, must assume the identity of a married couple in order to flee the state of Sonora.",10,tv_82809_Peacock,tv_82809,1,TRUE
477,WWE Saturday Night's Main Event,tv,Peacock,386,1985,1985-05-11,"[18, 10751, 10759]",Drama|Family|Action & Adventure,Drama,8.4,44,0.679411765,9.3467,en,A professional wrestling television program produced by the World Wrestling Federation banner on NBC airing in place of Saturday Night Live. The series was made up entirely of star vs. star bouts in a time when weekly programming consisted primarily of established stars dominating enhancement talent.,10,tv_477_Peacock,tv_477,1,TRUE
85586,Coroner,tv,Peacock,386,2019,2019-01-07,"[18, 80, 9648]",Drama|Crime|Mystery,Drama,7.01,241,2.279905533,9.3366,en,"Jenny Cooper investigates unexplained or sudden deaths in the city of Toronto. Fierce and quick-witted, Jenny is a newly-widowed single mother with secrets of her own to unearth.",10,tv_85586_Peacock,tv_85586,1,TRUE
61398,Terra Formars,tv,Peacock,386,2014,2014-09-26,"[10759, 16, 10765]",Action & Adventure|Animation|Sci-Fi & Fantasy,Action & Adventure,7.23,209,2.131269394,9.1825,ja,"Twenty years ago, Shokichi Komachi was part of the Bugs 2 mission to Mars that discovered Terra Formars, human-cockroach hybrids that resulted from a terraforming accident. Shokichi was one of only two survivors. Now, the AE virus that came from Mars is raging wildly on earth. Shokichi boards the spacecraft Annex 1 to go back to Mars to find a sample in order to create a vaccine. They will face an unanticipated accident, a multinational conspiracy, and even more advanced Terra Formars.",10,tv_61398_Peacock,tv_61398,1,TRUE